ClientID,Recency,Frequency,Monetary,cluster,SegmentRFM,ActionRecommandee
CLT00001,73,6,273493.001,1,Réguliers,"Offres de fidélisation, points bonus, upselling"
CLT00002,203,11,46828.96,2,Champions,"Programme VIP, récompenses exclusives, vente croisée"
CLT00003,107,5,8565.36,0,À Surveiller,"Relance légère, offre personnalisée, sondage satisfaction"
CLT00004,80,3,92388.608,0,À Surveiller,"Relance légère, offre personnalisée, sondage satisfaction"
CLT00005,524,4,54662.762,3,Perdus,"Campagne de réactivation, offre de retour spéciale"
CLT00006,379,5,191968.069,1,Réguliers,"Offres de fidélisation, points bonus, upselling"
CLT00007,260,4,7628.74,0,À Surveiller,"Relance légère, offre personnalisée, sondage satisfaction"
CLT00008,231,1,1646.0,0,À Surveiller,"Relance légère, offre personnalisée, sondage satisfaction"
CLT00009,151,5,21203.541,0,À Surveiller,"Relance légère, offre personnalisée, sondage satisfaction"
CLT00010,61,5,21584.49,0,À Surveiller,"Relance légère, offre personnalisée, sondage satisfaction"
CLT00011,433,8,311071.32,1,Réguliers,"Offres de fidélisation, points bonus, upselling"
CLT00012,79,6,45211.067,2,Champions,"Programme VIP, récompenses exclusives, vente croisée"
CLT00013,498,7,17785.629,2,Champions,"Programme VIP, récompenses exclusives, vente croisée"
CLT00014,86,3,5877.103999999999,0,À Surveiller,"Relance légère, offre personnalisée, sondage satisfaction"
CLT00015,154,4,34535.678,0,À Surveiller,"Relance légère, offre personnalisée, sondage satisfaction"
CLT00016,28,5,32951.31,0,À Surveiller,"Relance légère, offre personnalisée, sondage satisfaction"
CLT00017,494,2,27604.72,3,Perdus,"Campagne de réactivation, offre de retour spéciale"
CLT00018,99,6,8021.152,2,Champions,"Programme VIP, récompenses exclusives, vente croisée"
CLT00019,522,6,56038.8,3,Perdus,"Campagne de réactivation, offre de retour spéciale"
CLT00020,182,3,12649.828,0,À Surveiller,"Relance légère, offre personnalisée, sondage satisfaction"
CLT00021,583,5,29993.01,3,Perdus,"Campagne de réactivation, offre de retour spéciale"
CLT00022,105,4,88485.408,0,À Surveiller,"Relance légère, offre personnalisée, sondage satisfaction"
CLT00023,5,6,256273.64,1,Réguliers,"Offres de fidélisation, points bonus, upselling"
CLT00024,68,3,15741.34,0,À Surveiller,"Relance légère, offre personnalisée, sondage satisfaction"
CLT00025,40,4,36035.114,0,À Surveiller,"Relance légère, offre personnalisée, sondage satisfaction"
CLT00026,126,4,48854.52,0,À Surveiller,"Relance légère, offre personnalisée, sondage satisfaction"
CLT00027,252,5,6194.493,0,À Surveiller,"Relance légère, offre personnalisée, sondage satisfaction"
CLT00028,73,4,13765.75,0,À Surveiller,"Relance légère, offre personnalisée, sondage satisfaction"
CLT00029,115,4,17582.442,0,À Surveiller,"Relance légère, offre personnalisée, sondage satisfaction"
CLT00030,480,7,252743.85,1,Réguliers,"Offres de fidélisation, points bonus, upselling"
CLT00031,572,7,35706.433,3,Perdus,"Campagne de réactivation, offre de retour spéciale"
CLT00032,238,3,91818.55,0,À Surveiller,"Relance légère, offre personnalisée, sondage satisfaction"
CLT00033,190,4,20672.2,0,À Surveiller,"Relance légère, offre personnalisée, sondage satisfaction"
CLT00034,134,6,55075.8,2,Champions,"Programme VIP, récompenses exclusives, vente croisée"
CLT00035,234,7,69519.83,2,Champions,"Programme VIP, récompenses exclusives, vente croisée"
CLT00036,174,3,30741.2,0,À Surveiller,"Relance légère, offre personnalisée, sondage satisfaction"
CLT00037,249,3,33814.66,0,À Surveiller,"Relance légère, offre personnalisée, sondage satisfaction"
CLT00038,144,6,73465.292,2,Champions,"Programme VIP, récompenses exclusives, vente croisée"
CLT00039,13,4,9579.907,0,À Surveiller,"Relance légère, offre personnalisée, sondage satisfaction"
CLT00040,390,10,25278.96,2,Champions,"Programme VIP, récompenses exclusives, vente croisée"
CLT00041,53,14,62338.269,2,Champions,"Programme VIP, récompenses exclusives, vente croisée"
CLT00042,449,2,3555.346,3,Perdus,"Campagne de réactivation, offre de retour spéciale"
CLT00043,86,9,272054.17,1,Réguliers,"Offres de fidélisation, points bonus, upselling"
CLT00044,328,3,38398.53,0,À Surveiller,"Relance légère, offre personnalisée, sondage satisfaction"
CLT00045,62,4,142536.606,1,Réguliers,"Offres de fidélisation, points bonus, upselling"
CLT00046,560,2,6135.678,3,Perdus,"Campagne de réactivation, offre de retour spéciale"
CLT00047,30,7,23482.438,2,Champions,"Programme VIP, récompenses exclusives, vente croisée"
CLT00048,527,3,90952.81,3,Perdus,"Campagne de réactivation, offre de retour spéciale"
CLT00049,890,6,31269.212,3,Perdus,"Campagne de réactivation, offre de retour spéciale"
CLT00050,227,4,6090.782,0,À Surveiller,"Relance légère, offre personnalisée, sondage satisfaction"
CLT00051,10,8,49228.551,2,Champions,"Programme VIP, récompenses exclusives, vente croisée"
CLT00052,35,5,150426.72,1,Réguliers,"Offres de fidélisation, points bonus, upselling"
CLT00053,185,6,50263.109,2,Champions,"Programme VIP, récompenses exclusives, vente croisée"
CLT00054,274,3,15233.4,0,À Surveiller,"Relance légère, offre personnalisée, sondage satisfaction"
CLT00055,345,2,1779.36,0,À Surveiller,"Relance légère, offre personnalisée, sondage satisfaction"
CLT00056,368,1,1864.105,0,À Surveiller,"Relance légère, offre personnalisée, sondage satisfaction"
CLT00057,204,9,404169.999,1,Réguliers,"Offres de fidélisation, points bonus, upselling"
CLT00058,380,3,72362.20999999999,0,À Surveiller,"Relance légère, offre personnalisée, sondage satisfaction"
CLT00059,11,10,104341.973,2,Champions,"Programme VIP, récompenses exclusives, vente croisée"
CLT00060,38,7,22473.015,2,Champions,"Programme VIP, récompenses exclusives, vente croisée"
CLT00061,26,8,35765.759999999995,2,Champions,"Programme VIP, récompenses exclusives, vente croisée"
CLT00062,30,2,12143.25,0,À Surveiller,"Relance légère, offre personnalisée, sondage satisfaction"
CLT00063,54,4,18456.415,0,À Surveiller,"Relance légère, offre personnalisée, sondage satisfaction"
CLT00064,163,3,47868.8,0,À Surveiller,"Relance légère, offre personnalisée, sondage satisfaction"
CLT00065,454,6,8983.04,3,Perdus,"Campagne de réactivation, offre de retour spéciale"
CLT00066,164,5,17568.484,0,À Surveiller,"Relance légère, offre personnalisée, sondage satisfaction"
CLT00067,506,8,27651.927,2,Champions,"Programme VIP, récompenses exclusives, vente croisée"
CLT00068,598,2,8076.91,3,Perdus,"Campagne de réactivation, offre de retour spéciale"
CLT00069,131,4,91046.019,0,À Surveiller,"Relance légère, offre personnalisée, sondage satisfaction"
CLT00070,268,8,53642.293,2,Champions,"Programme VIP, récompenses exclusives, vente croisée"
CLT00071,158,8,313832.283,1,Réguliers,"Offres de fidélisation, points bonus, upselling"
CLT00072,7,4,38142.72,0,À Surveiller,"Relance légère, offre personnalisée, sondage satisfaction"
CLT00073,185,6,101402.56,2,Champions,"Programme VIP, récompenses exclusives, vente croisée"
CLT00074,8,3,39347.92,0,À Surveiller,"Relance légère, offre personnalisée, sondage satisfaction"
CLT00075,727,2,26424.241,3,Perdus,"Campagne de réactivation, offre de retour spéciale"
CLT00076,75,6,14797.789,2,Champions,"Programme VIP, récompenses exclusives, vente croisée"
CLT00077,332,4,40807.2,0,À Surveiller,"Relance légère, offre personnalisée, sondage satisfaction"
CLT00078,416,4,37726.36,3,Perdus,"Campagne de réactivation, offre de retour spéciale"
CLT00079,493,4,74617.95,3,Perdus,"Campagne de réactivation, offre de retour spéciale"
CLT00080,161,3,48561.307,0,À Surveiller,"Relance légère, offre personnalisée, sondage satisfaction"
CLT00081,18,4,96228.74,0,À Surveiller,"Relance légère, offre personnalisée, sondage satisfaction"
CLT00082,106,6,64944.25,2,Champions,"Programme VIP, récompenses exclusives, vente croisée"
CLT00083,213,4,31683.11,0,À Surveiller,"Relance légère, offre personnalisée, sondage satisfaction"
CLT00084,34,6,16293.792,2,Champions,"Programme VIP, récompenses exclusives, vente croisée"
CLT00085,711,3,25827.13,3,Perdus,"Campagne de réactivation, offre de retour spéciale"
CLT00086,698,2,4944.28,3,Perdus,"Campagne de réactivation, offre de retour spéciale"
CLT00087,907,3,70688.22,3,Perdus,"Campagne de réactivation, offre de retour spéciale"
CLT00088,171,3,12577.525,0,À Surveiller,"Relance légère, offre personnalisée, sondage satisfaction"
CLT00089,525,4,25770.082,3,Perdus,"Campagne de réactivation, offre de retour spéciale"
CLT00090,322,3,19007.524,0,À Surveiller,"Relance légère, offre personnalisée, sondage satisfaction"
CLT00091,13,6,31274.96,2,Champions,"Programme VIP, récompenses exclusives, vente croisée"
CLT00092,292,5,12995.2,0,À Surveiller,"Relance légère, offre personnalisée, sondage satisfaction"
CLT00093,208,5,10651.075,0,À Surveiller,"Relance légère, offre personnalisée, sondage satisfaction"
CLT00094,170,8,67792.492,2,Champions,"Programme VIP, récompenses exclusives, vente croisée"
CLT00095,877,2,9668.28,3,Perdus,"Campagne de réactivation, offre de retour spéciale"
CLT00096,405,4,7530.559999999999,3,Perdus,"Campagne de réactivation, offre de retour spéciale"
CLT00097,886,7,13051.695,3,Perdus,"Campagne de réactivation, offre de retour spéciale"
CLT00098,389,4,8850.448,0,À Surveiller,"Relance légère, offre personnalisée, sondage satisfaction"
CLT00099,160,4,86460.856,0,À Surveiller,"Relance légère, offre personnalisée, sondage satisfaction"
CLT00100,656,3,5209.923,3,Perdus,"Campagne de réactivation, offre de retour spéciale"
CLT00101,739,3,125016.9,3,Perdus,"Campagne de réactivation, offre de retour spéciale"
CLT00102,46,7,29550.456,2,Champions,"Programme VIP, récompenses exclusives, vente croisée"
CLT00103,263,6,13190.582,2,Champions,"Programme VIP, récompenses exclusives, vente croisée"
CLT00104,88,7,14004.562,2,Champions,"Programme VIP, récompenses exclusives, vente croisée"
CLT00105,352,5,127562.087,1,Réguliers,"Offres de fidélisation, points bonus, upselling"
CLT00106,730,6,39084.321,3,Perdus,"Campagne de réactivation, offre de retour spéciale"
CLT00107,100,3,28299.0,0,À Surveiller,"Relance légère, offre personnalisée, sondage satisfaction"
CLT00108,80,10,48647.464,2,Champions,"Programme VIP, récompenses exclusives, vente croisée"
CLT00109,911,5,17253.98,3,Perdus,"Campagne de réactivation, offre de retour spéciale"
CLT00110,100,6,17597.846999999998,2,Champions,"Programme VIP, récompenses exclusives, vente croisée"
CLT00111,476,4,9798.11,3,Perdus,"Campagne de réactivation, offre de retour spéciale"
CLT00112,81,11,35897.811,2,Champions,"Programme VIP, récompenses exclusives, vente croisée"
CLT00113,222,4,58712.5,0,À Surveiller,"Relance légère, offre personnalisée, sondage satisfaction"
CLT00114,245,2,5495.7,0,À Surveiller,"Relance légère, offre personnalisée, sondage satisfaction"
CLT00115,482,3,14527.662,3,Perdus,"Campagne de réactivation, offre de retour spéciale"
CLT00116,16,5,23451.991,0,À Surveiller,"Relance légère, offre personnalisée, sondage satisfaction"
CLT00117,110,4,30066.383,0,À Surveiller,"Relance légère, offre personnalisée, sondage satisfaction"
CLT00118,228,8,37518.048,2,Champions,"Programme VIP, récompenses exclusives, vente croisée"
CLT00119,789,6,107982.776,3,Perdus,"Campagne de réactivation, offre de retour spéciale"
CLT00120,179,4,91509.65,0,À Surveiller,"Relance légère, offre personnalisée, sondage satisfaction"
CLT00121,56,6,29388.167,2,Champions,"Programme VIP, récompenses exclusives, vente croisée"
CLT00122,257,3,12919.56,0,À Surveiller,"Relance légère, offre personnalisée, sondage satisfaction"
CLT00123,704,4,8066.502,3,Perdus,"Campagne de réactivation, offre de retour spéciale"
CLT00124,119,11,107938.715,2,Champions,"Programme VIP, récompenses exclusives, vente croisée"
CLT00125,263,7,240285.412,1,Réguliers,"Offres de fidélisation, points bonus, upselling"
CLT00126,273,5,18925.944,0,À Surveiller,"Relance légère, offre personnalisée, sondage satisfaction"
CLT00127,424,6,29535.592,2,Champions,"Programme VIP, récompenses exclusives, vente croisée"
CLT00128,368,5,105563.674,0,À Surveiller,"Relance légère, offre personnalisée, sondage satisfaction"
CLT00129,109,10,53888.1,2,Champions,"Programme VIP, récompenses exclusives, vente croisée"
CLT00130,81,6,56365.368,2,Champions,"Programme VIP, récompenses exclusives, vente croisée"
CLT00131,12,7,82370.35800000001,2,Champions,"Programme VIP, récompenses exclusives, vente croisée"
CLT00132,542,4,9659.98,3,Perdus,"Campagne de réactivation, offre de retour spéciale"
CLT00133,204,8,36969.433000000005,2,Champions,"Programme VIP, récompenses exclusives, vente croisée"
CLT00134,439,4,63648.98,3,Perdus,"Campagne de réactivation, offre de retour spéciale"
CLT00135,678,1,16527.511,3,Perdus,"Campagne de réactivation, offre de retour spéciale"
CLT00136,553,5,7302.45,3,Perdus,"Campagne de réactivation, offre de retour spéciale"
CLT00137,62,5,35546.95,0,À Surveiller,"Relance légère, offre personnalisée, sondage satisfaction"
CLT00138,306,6,36287.21,2,Champions,"Programme VIP, récompenses exclusives, vente croisée"
CLT00139,73,4,79074.622,0,À Surveiller,"Relance légère, offre personnalisée, sondage satisfaction"
CLT00140,121,7,49615.808000000005,2,Champions,"Programme VIP, récompenses exclusives, vente croisée"
CLT00141,453,3,62991.401,3,Perdus,"Campagne de réactivation, offre de retour spéciale"
CLT00142,12,3,43138.365000000005,0,À Surveiller,"Relance légère, offre personnalisée, sondage satisfaction"
CLT00143,515,5,42974.732,3,Perdus,"Campagne de réactivation, offre de retour spéciale"
CLT00144,311,3,60021.03999999999,0,À Surveiller,"Relance légère, offre personnalisée, sondage satisfaction"
CLT00145,375,3,14056.053,0,À Surveiller,"Relance légère, offre personnalisée, sondage satisfaction"
CLT00146,84,7,46325.563,2,Champions,"Programme VIP, récompenses exclusives, vente croisée"
CLT00147,350,4,124245.92,0,À Surveiller,"Relance légère, offre personnalisée, sondage satisfaction"
CLT00148,479,5,94674.976,3,Perdus,"Campagne de réactivation, offre de retour spéciale"
CLT00149,412,6,24088.96,2,Champions,"Programme VIP, récompenses exclusives, vente croisée"
CLT00150,401,2,10566.504,3,Perdus,"Campagne de réactivation, offre de retour spéciale"
CLT00151,60,4,133665.0,1,Réguliers,"Offres de fidélisation, points bonus, upselling"
CLT00152,271,3,83239.102,0,À Surveiller,"Relance légère, offre personnalisée, sondage satisfaction"
CLT00153,385,7,353268.56,1,Réguliers,"Offres de fidélisation, points bonus, upselling"
CLT00154,404,3,58611.719,3,Perdus,"Campagne de réactivation, offre de retour spéciale"
CLT00155,12,6,275947.646,1,Réguliers,"Offres de fidélisation, points bonus, upselling"
CLT00156,652,4,81274.8,3,Perdus,"Campagne de réactivation, offre de retour spéciale"
CLT00157,11,10,24669.04,2,Champions,"Programme VIP, récompenses exclusives, vente croisée"
CLT00158,23,9,33269.525,2,Champions,"Programme VIP, récompenses exclusives, vente croisée"
CLT00159,364,9,35100.535,2,Champions,"Programme VIP, récompenses exclusives, vente croisée"
CLT00160,214,1,29646.88,0,À Surveiller,"Relance légère, offre personnalisée, sondage satisfaction"
CLT00162,117,6,46517.57,2,Champions,"Programme VIP, récompenses exclusives, vente croisée"
CLT00163,29,8,191598.669,1,Réguliers,"Offres de fidélisation, points bonus, upselling"
CLT00164,132,4,61566.157,0,À Surveiller,"Relance légère, offre personnalisée, sondage satisfaction"
CLT00165,300,2,16424.620000000003,0,À Surveiller,"Relance légère, offre personnalisée, sondage satisfaction"
CLT00166,63,8,78794.01699999999,2,Champions,"Programme VIP, récompenses exclusives, vente croisée"
CLT00167,403,6,48384.4,2,Champions,"Programme VIP, récompenses exclusives, vente croisée"
CLT00168,505,6,29952.474,3,Perdus,"Campagne de réactivation, offre de retour spéciale"
CLT00169,178,4,17448.838,0,À Surveiller,"Relance légère, offre personnalisée, sondage satisfaction"
CLT00170,31,11,37095.57,2,Champions,"Programme VIP, récompenses exclusives, vente croisée"
CLT00171,125,6,22281.835,2,Champions,"Programme VIP, récompenses exclusives, vente croisée"
CLT00172,27,2,12003.36,0,À Surveiller,"Relance légère, offre personnalisée, sondage satisfaction"
CLT00173,311,3,13488.48,0,À Surveiller,"Relance légère, offre personnalisée, sondage satisfaction"
CLT00174,108,5,178216.54,1,Réguliers,"Offres de fidélisation, points bonus, upselling"
CLT00175,674,3,24850.8,3,Perdus,"Campagne de réactivation, offre de retour spéciale"
CLT00176,130,5,7774.639999999999,0,À Surveiller,"Relance légère, offre personnalisée, sondage satisfaction"
CLT00177,362,4,21637.799,0,À Surveiller,"Relance légère, offre personnalisée, sondage satisfaction"
CLT00178,129,5,10671.426,0,À Surveiller,"Relance légère, offre personnalisée, sondage satisfaction"
CLT00179,1038,2,17653.114999999998,3,Perdus,"Campagne de réactivation, offre de retour spéciale"
CLT00180,248,2,6128.799999999999,0,À Surveiller,"Relance légère, offre personnalisée, sondage satisfaction"
CLT00181,187,6,48467.625,2,Champions,"Programme VIP, récompenses exclusives, vente croisée"
CLT00182,211,5,45088.024,0,À Surveiller,"Relance légère, offre personnalisée, sondage satisfaction"
CLT00183,168,7,73774.27,2,Champions,"Programme VIP, récompenses exclusives, vente croisée"
CLT00184,80,4,22752.48,0,À Surveiller,"Relance légère, offre personnalisée, sondage satisfaction"
CLT00185,45,5,46230.12,0,À Surveiller,"Relance légère, offre personnalisée, sondage satisfaction"
CLT00186,87,7,76488.178,2,Champions,"Programme VIP, récompenses exclusives, vente croisée"
CLT00187,60,5,7350.871999999999,0,À Surveiller,"Relance légère, offre personnalisée, sondage satisfaction"
CLT00188,113,8,36677.476,2,Champions,"Programme VIP, récompenses exclusives, vente croisée"
CLT00189,366,5,26617.92,0,À Surveiller,"Relance légère, offre personnalisée, sondage satisfaction"
CLT00190,328,1,13292.24,0,À Surveiller,"Relance légère, offre personnalisée, sondage satisfaction"
CLT00191,154,9,14724.858,2,Champions,"Programme VIP, récompenses exclusives, vente croisée"
CLT00192,160,4,121709.555,0,À Surveiller,"Relance légère, offre personnalisée, sondage satisfaction"
CLT00193,96,6,37065.17,2,Champions,"Programme VIP, récompenses exclusives, vente croisée"
CLT00194,593,3,29765.76,3,Perdus,"Campagne de réactivation, offre de retour spéciale"
CLT00195,32,10,35376.866,2,Champions,"Programme VIP, récompenses exclusives, vente croisée"
CLT00196,128,8,262125.33,1,Réguliers,"Offres de fidélisation, points bonus, upselling"
CLT00197,144,7,12123.992,2,Champions,"Programme VIP, récompenses exclusives, vente croisée"
CLT00198,22,3,32880.12,0,À Surveiller,"Relance légère, offre personnalisée, sondage satisfaction"
CLT00199,855,5,22328.79,3,Perdus,"Campagne de réactivation, offre de retour spéciale"
CLT00200,738,1,4682.45,3,Perdus,"Campagne de réactivation, offre de retour spéciale"
CLT00201,140,4,6640.45,0,À Surveiller,"Relance légère, offre personnalisée, sondage satisfaction"
CLT00202,135,8,39135.568,2,Champions,"Programme VIP, récompenses exclusives, vente croisée"
CLT00203,165,7,194337.2,1,Réguliers,"Offres de fidélisation, points bonus, upselling"
CLT00204,262,4,95504.64,0,À Surveiller,"Relance légère, offre personnalisée, sondage satisfaction"
CLT00205,118,4,20605.789,0,À Surveiller,"Relance légère, offre personnalisée, sondage satisfaction"
CLT00206,291,4,19047.819,0,À Surveiller,"Relance légère, offre personnalisée, sondage satisfaction"
CLT00207,146,6,113736.62,2,Champions,"Programme VIP, récompenses exclusives, vente croisée"
CLT00208,310,1,4138.68,0,À Surveiller,"Relance légère, offre personnalisée, sondage satisfaction"
CLT00209,128,7,22772.793,2,Champions,"Programme VIP, récompenses exclusives, vente croisée"
CLT00210,48,3,7574.879999999999,0,À Surveiller,"Relance légère, offre personnalisée, sondage satisfaction"
CLT00211,448,3,18950.95,3,Perdus,"Campagne de réactivation, offre de retour spéciale"
CLT00212,910,1,12436.32,3,Perdus,"Campagne de réactivation, offre de retour spéciale"
CLT00213,312,3,111231.68,0,À Surveiller,"Relance légère, offre personnalisée, sondage satisfaction"
CLT00214,150,7,27711.214,2,Champions,"Programme VIP, récompenses exclusives, vente croisée"
CLT00215,492,1,3440.931,3,Perdus,"Campagne de réactivation, offre de retour spéciale"
CLT00216,807,5,13119.3,3,Perdus,"Campagne de réactivation, offre de retour spéciale"
CLT00217,400,8,36157.57,2,Champions,"Programme VIP, récompenses exclusives, vente croisée"
CLT00218,44,5,19165.12,0,À Surveiller,"Relance légère, offre personnalisée, sondage satisfaction"
CLT00219,92,4,173225.50199999998,1,Réguliers,"Offres de fidélisation, points bonus, upselling"
CLT00220,410,3,7255.21,3,Perdus,"Campagne de réactivation, offre de retour spéciale"
CLT00221,20,6,139626.648,1,Réguliers,"Offres de fidélisation, points bonus, upselling"
CLT00222,137,6,105623.1,2,Champions,"Programme VIP, récompenses exclusives, vente croisée"
CLT00223,75,8,47247.127,2,Champions,"Programme VIP, récompenses exclusives, vente croisée"
CLT00224,65,8,168738.962,1,Réguliers,"Offres de fidélisation, points bonus, upselling"
CLT00225,180,2,17326.114999999998,0,À Surveiller,"Relance légère, offre personnalisée, sondage satisfaction"
CLT00226,68,5,5047.912,0,À Surveiller,"Relance légère, offre personnalisée, sondage satisfaction"
CLT00227,1041,2,12786.673,3,Perdus,"Campagne de réactivation, offre de retour spéciale"
CLT00228,579,6,22198.218,3,Perdus,"Campagne de réactivation, offre de retour spéciale"
CLT00229,353,5,15530.5,0,À Surveiller,"Relance légère, offre personnalisée, sondage satisfaction"
CLT00230,378,2,8806.0,0,À Surveiller,"Relance légère, offre personnalisée, sondage satisfaction"
CLT00231,144,6,30688.38,2,Champions,"Programme VIP, récompenses exclusives, vente croisée"
CLT00232,224,7,128507.774,1,Réguliers,"Offres de fidélisation, points bonus, upselling"
CLT00233,131,6,127832.402,1,Réguliers,"Offres de fidélisation, points bonus, upselling"
CLT00234,27,3,62977.2,0,À Surveiller,"Relance légère, offre personnalisée, sondage satisfaction"
CLT00236,380,4,40571.64,0,À Surveiller,"Relance légère, offre personnalisée, sondage satisfaction"
CLT00237,315,4,43227.393,0,À Surveiller,"Relance légère, offre personnalisée, sondage satisfaction"
CLT00238,116,6,12017.867,2,Champions,"Programme VIP, récompenses exclusives, vente croisée"
CLT00239,201,9,53912.865000000005,2,Champions,"Programme VIP, récompenses exclusives, vente croisée"
CLT00240,318,7,38804.988,2,Champions,"Programme VIP, récompenses exclusives, vente croisée"
CLT00241,451,8,104669.55,2,Champions,"Programme VIP, récompenses exclusives, vente croisée"
CLT00242,415,6,122573.736,1,Réguliers,"Offres de fidélisation, points bonus, upselling"
CLT00243,51,6,7337.749,2,Champions,"Programme VIP, récompenses exclusives, vente croisée"
CLT00244,50,6,32161.291,2,Champions,"Programme VIP, récompenses exclusives, vente croisée"
CLT00245,104,5,25423.2,0,À Surveiller,"Relance légère, offre personnalisée, sondage satisfaction"
CLT00246,468,3,12439.294,3,Perdus,"Campagne de réactivation, offre de retour spéciale"
CLT00247,117,3,3924.53,0,À Surveiller,"Relance légère, offre personnalisée, sondage satisfaction"
CLT00248,407,5,48199.06,3,Perdus,"Campagne de réactivation, offre de retour spéciale"
CLT00249,158,12,64223.388,2,Champions,"Programme VIP, récompenses exclusives, vente croisée"
CLT00250,516,4,22256.5,3,Perdus,"Campagne de réactivation, offre de retour spéciale"
CLT00251,125,5,50300.109,0,À Surveiller,"Relance légère, offre personnalisée, sondage satisfaction"
CLT00252,10,6,81413.841,2,Champions,"Programme VIP, récompenses exclusives, vente croisée"
CLT00253,192,7,330853.43200000003,1,Réguliers,"Offres de fidélisation, points bonus, upselling"
CLT00254,360,8,72936.40599999999,2,Champions,"Programme VIP, récompenses exclusives, vente croisée"
CLT00255,589,3,10945.61,3,Perdus,"Campagne de réactivation, offre de retour spéciale"
CLT00256,913,2,20562.19,3,Perdus,"Campagne de réactivation, offre de retour spéciale"
CLT00257,281,2,9866.728,0,À Surveiller,"Relance légère, offre personnalisée, sondage satisfaction"
CLT00258,504,5,52815.59,3,Perdus,"Campagne de réactivation, offre de retour spéciale"
CLT00260,798,5,117005.985,3,Perdus,"Campagne de réactivation, offre de retour spéciale"
CLT00261,208,5,13156.858,0,À Surveiller,"Relance légère, offre personnalisée, sondage satisfaction"
CLT00262,175,3,17066.92,0,À Surveiller,"Relance légère, offre personnalisée, sondage satisfaction"
CLT00263,563,2,14434.02,3,Perdus,"Campagne de réactivation, offre de retour spéciale"
CLT00264,10,11,17062.246,2,Champions,"Programme VIP, récompenses exclusives, vente croisée"
CLT00265,59,6,15188.74,2,Champions,"Programme VIP, récompenses exclusives, vente croisée"
CLT00266,230,6,47211.57,2,Champions,"Programme VIP, récompenses exclusives, vente croisée"
CLT00267,127,6,122276.257,2,Champions,"Programme VIP, récompenses exclusives, vente croisée"
CLT00268,432,1,12378.277,3,Perdus,"Campagne de réactivation, offre de retour spéciale"
CLT00269,96,6,97283.166,2,Champions,"Programme VIP, récompenses exclusives, vente croisée"
CLT00270,128,7,22472.813,2,Champions,"Programme VIP, récompenses exclusives, vente croisée"
CLT00271,37,5,48309.542,0,À Surveiller,"Relance légère, offre personnalisée, sondage satisfaction"
CLT00272,92,8,18512.847,2,Champions,"Programme VIP, récompenses exclusives, vente croisée"
CLT00273,406,3,24183.36,3,Perdus,"Campagne de réactivation, offre de retour spéciale"
CLT00274,132,10,33271.555,2,Champions,"Programme VIP, récompenses exclusives, vente croisée"
CLT00275,512,2,6831.96,3,Perdus,"Campagne de réactivation, offre de retour spéciale"
CLT00276,403,3,37596.895,3,Perdus,"Campagne de réactivation, offre de retour spéciale"
CLT00277,208,8,25716.159,2,Champions,"Programme VIP, récompenses exclusives, vente croisée"
CLT00278,131,6,46996.41,2,Champions,"Programme VIP, récompenses exclusives, vente croisée"
CLT00279,53,6,55488.794,2,Champions,"Programme VIP, récompenses exclusives, vente croisée"
CLT00280,69,5,219489.92,1,Réguliers,"Offres de fidélisation, points bonus, upselling"
CLT00281,312,6,91501.76,2,Champions,"Programme VIP, récompenses exclusives, vente croisée"
CLT00282,107,1,1818.0,0,À Surveiller,"Relance légère, offre personnalisée, sondage satisfaction"
CLT00283,4,5,24419.119,0,À Surveiller,"Relance légère, offre personnalisée, sondage satisfaction"
CLT00284,404,5,157199.297,1,Réguliers,"Offres de fidélisation, points bonus, upselling"
CLT00285,98,7,33686.57,2,Champions,"Programme VIP, récompenses exclusives, vente croisée"
CLT00286,182,11,50938.082,2,Champions,"Programme VIP, récompenses exclusives, vente croisée"
CLT00287,71,3,4320.768,0,À Surveiller,"Relance légère, offre personnalisée, sondage satisfaction"
CLT00288,236,3,46869.628,0,À Surveiller,"Relance légère, offre personnalisée, sondage satisfaction"
CLT00289,211,5,89558.56,0,À Surveiller,"Relance légère, offre personnalisée, sondage satisfaction"
CLT00290,494,5,8535.969000000001,3,Perdus,"Campagne de réactivation, offre de retour spéciale"
CLT00291,56,11,93114.62,2,Champions,"Programme VIP, récompenses exclusives, vente croisée"
CLT00292,468,6,57626.25,3,Perdus,"Campagne de réactivation, offre de retour spéciale"
CLT00293,531,3,17270.0,3,Perdus,"Campagne de réactivation, offre de retour spéciale"
CLT00294,42,4,90340.542,0,À Surveiller,"Relance légère, offre personnalisée, sondage satisfaction"
CLT00295,68,3,11180.08,0,À Surveiller,"Relance légère, offre personnalisée, sondage satisfaction"
CLT00296,67,7,56794.857,2,Champions,"Programme VIP, récompenses exclusives, vente croisée"
CLT00297,302,5,48896.12,0,À Surveiller,"Relance légère, offre personnalisée, sondage satisfaction"
CLT00298,293,3,15100.166,0,À Surveiller,"Relance légère, offre personnalisée, sondage satisfaction"
CLT00299,97,8,68934.485,2,Champions,"Programme VIP, récompenses exclusives, vente croisée"
CLT00300,701,2,9484.675,3,Perdus,"Campagne de réactivation, offre de retour spéciale"
CLT00301,21,2,42033.142,0,À Surveiller,"Relance légère, offre personnalisée, sondage satisfaction"
CLT00302,132,9,108700.0,2,Champions,"Programme VIP, récompenses exclusives, vente croisée"
CLT00303,217,9,182083.875,1,Réguliers,"Offres de fidélisation, points bonus, upselling"
CLT00304,27,7,22014.216,2,Champions,"Programme VIP, récompenses exclusives, vente croisée"
CLT00305,173,5,46335.74,0,À Surveiller,"Relance légère, offre personnalisée, sondage satisfaction"
CLT00306,177,4,26174.88,0,À Surveiller,"Relance légère, offre personnalisée, sondage satisfaction"
CLT00307,125,3,21342.6,0,À Surveiller,"Relance légère, offre personnalisée, sondage satisfaction"
CLT00309,31,5,31883.088,0,À Surveiller,"Relance légère, offre personnalisée, sondage satisfaction"
CLT00310,47,8,46648.95,2,Champions,"Programme VIP, récompenses exclusives, vente croisée"
CLT00311,344,5,28031.555,0,À Surveiller,"Relance légère, offre personnalisée, sondage satisfaction"
CLT00312,179,9,52607.725,2,Champions,"Programme VIP, récompenses exclusives, vente croisée"
CLT00313,498,4,21701.3,3,Perdus,"Campagne de réactivation, offre de retour spéciale"
CLT00314,46,6,7617.532,2,Champions,"Programme VIP, récompenses exclusives, vente croisée"
CLT00315,34,8,214984.272,1,Réguliers,"Offres de fidélisation, points bonus, upselling"
CLT00316,280,6,20085.818,2,Champions,"Programme VIP, récompenses exclusives, vente croisée"
CLT00317,60,5,25115.28,0,À Surveiller,"Relance légère, offre personnalisée, sondage satisfaction"
CLT00318,502,4,19935.612,3,Perdus,"Campagne de réactivation, offre de retour spéciale"
CLT00319,239,10,26680.06,2,Champions,"Programme VIP, récompenses exclusives, vente croisée"
CLT00320,324,6,6848.188,2,Champions,"Programme VIP, récompenses exclusives, vente croisée"
CLT00321,5,5,39915.18,0,À Surveiller,"Relance légère, offre personnalisée, sondage satisfaction"
CLT00322,11,7,12760.95,2,Champions,"Programme VIP, récompenses exclusives, vente croisée"
CLT00323,120,2,55198.04,0,À Surveiller,"Relance légère, offre personnalisée, sondage satisfaction"
CLT00324,441,6,177424.46300000002,1,Réguliers,"Offres de fidélisation, points bonus, upselling"
CLT00325,81,6,8645.977,2,Champions,"Programme VIP, récompenses exclusives, vente croisée"
CLT00326,176,6,19355.776,2,Champions,"Programme VIP, récompenses exclusives, vente croisée"
CLT00327,65,5,24988.6,0,À Surveiller,"Relance légère, offre personnalisée, sondage satisfaction"
CLT00328,1,5,101412.283,2,Champions,"Programme VIP, récompenses exclusives, vente croisée"
CLT00329,300,3,36454.14,0,À Surveiller,"Relance légère, offre personnalisée, sondage satisfaction"
CLT00330,41,6,66522.916,2,Champions,"Programme VIP, récompenses exclusives, vente croisée"
CLT00331,45,9,35081.701,2,Champions,"Programme VIP, récompenses exclusives, vente croisée"
CLT00332,15,6,14625.268,2,Champions,"Programme VIP, récompenses exclusives, vente croisée"
CLT00333,6,6,49306.606,2,Champions,"Programme VIP, récompenses exclusives, vente croisée"
CLT00334,776,5,4637.075000000001,3,Perdus,"Campagne de réactivation, offre de retour spéciale"
CLT00335,606,3,15985.715,3,Perdus,"Campagne de réactivation, offre de retour spéciale"
CLT00336,84,8,35335.35,2,Champions,"Programme VIP, récompenses exclusives, vente croisée"
CLT00337,73,6,29992.777,2,Champions,"Programme VIP, récompenses exclusives, vente croisée"
CLT00338,362,5,83304.70999999999,0,À Surveiller,"Relance légère, offre personnalisée, sondage satisfaction"
CLT00339,270,3,8251.698,0,À Surveiller,"Relance légère, offre personnalisée, sondage satisfaction"
CLT00340,267,3,12532.43,0,À Surveiller,"Relance légère, offre personnalisée, sondage satisfaction"
CLT00341,309,6,148984.449,1,Réguliers,"Offres de fidélisation, points bonus, upselling"
CLT00342,24,8,14468.596,2,Champions,"Programme VIP, récompenses exclusives, vente croisée"
CLT00343,296,4,32987.557,0,À Surveiller,"Relance légère, offre personnalisée, sondage satisfaction"
CLT00344,194,3,8776.038,0,À Surveiller,"Relance légère, offre personnalisée, sondage satisfaction"
CLT00345,262,5,42939.286,0,À Surveiller,"Relance légère, offre personnalisée, sondage satisfaction"
CLT00346,223,4,28073.0,0,À Surveiller,"Relance légère, offre personnalisée, sondage satisfaction"
CLT00347,221,4,48518.8,0,À Surveiller,"Relance légère, offre personnalisée, sondage satisfaction"
CLT00348,42,5,37814.56,0,À Surveiller,"Relance légère, offre personnalisée, sondage satisfaction"
CLT00349,450,4,89898.242,3,Perdus,"Campagne de réactivation, offre de retour spéciale"
CLT00350,292,3,7900.434999999999,0,À Surveiller,"Relance légère, offre personnalisée, sondage satisfaction"
CLT00351,45,4,79878.08,0,À Surveiller,"Relance légère, offre personnalisée, sondage satisfaction"
CLT00352,480,6,78473.274,3,Perdus,"Campagne de réactivation, offre de retour spéciale"
CLT00353,36,8,38118.566,2,Champions,"Programme VIP, récompenses exclusives, vente croisée"
CLT00354,39,8,43842.387,2,Champions,"Programme VIP, récompenses exclusives, vente croisée"
CLT00355,34,4,16178.415,0,À Surveiller,"Relance légère, offre personnalisée, sondage satisfaction"
CLT00356,177,4,14320.123,0,À Surveiller,"Relance légère, offre personnalisée, sondage satisfaction"
CLT00357,7,7,18228.924,2,Champions,"Programme VIP, récompenses exclusives, vente croisée"
CLT00358,179,5,7197.898,0,À Surveiller,"Relance légère, offre personnalisée, sondage satisfaction"
CLT00359,128,5,25745.016,0,À Surveiller,"Relance légère, offre personnalisée, sondage satisfaction"
CLT00360,292,5,21124.88,0,À Surveiller,"Relance légère, offre personnalisée, sondage satisfaction"
CLT00361,269,7,267366.601,1,Réguliers,"Offres de fidélisation, points bonus, upselling"
CLT00362,74,2,27875.88,0,À Surveiller,"Relance légère, offre personnalisée, sondage satisfaction"
CLT00363,41,3,41503.32,0,À Surveiller,"Relance légère, offre personnalisée, sondage satisfaction"
CLT00364,426,5,61145.236,3,Perdus,"Campagne de réactivation, offre de retour spéciale"
CLT00365,185,7,29695.873,2,Champions,"Programme VIP, récompenses exclusives, vente croisée"
CLT00366,13,7,142041.295,1,Réguliers,"Offres de fidélisation, points bonus, upselling"
CLT00367,379,3,16193.25,0,À Surveiller,"Relance légère, offre personnalisée, sondage satisfaction"
CLT00368,112,3,8274.630000000001,0,À Surveiller,"Relance légère, offre personnalisée, sondage satisfaction"
CLT00369,715,7,41282.424,3,Perdus,"Campagne de réactivation, offre de retour spéciale"
CLT00370,479,3,14224.79,3,Perdus,"Campagne de réactivation, offre de retour spéciale"
CLT00371,232,4,34612.281,0,À Surveiller,"Relance légère, offre personnalisée, sondage satisfaction"
CLT00372,150,7,351402.72,1,Réguliers,"Offres de fidélisation, points bonus, upselling"
CLT00373,689,4,16664.7,3,Perdus,"Campagne de réactivation, offre de retour spéciale"
CLT00374,131,5,94857.0,2,Champions,"Programme VIP, récompenses exclusives, vente croisée"
CLT00375,792,2,84686.91,3,Perdus,"Campagne de réactivation, offre de retour spéciale"
CLT00376,288,7,49679.568,2,Champions,"Programme VIP, récompenses exclusives, vente croisée"
CLT00377,48,4,8465.262999999999,0,À Surveiller,"Relance légère, offre personnalisée, sondage satisfaction"
CLT00378,194,7,66177.0,2,Champions,"Programme VIP, récompenses exclusives, vente croisée"
CLT00379,221,5,20382.816,0,À Surveiller,"Relance légère, offre personnalisée, sondage satisfaction"
CLT00380,151,5,114620.174,2,Champions,"Programme VIP, récompenses exclusives, vente croisée"
CLT00381,364,5,10347.977,0,À Surveiller,"Relance légère, offre personnalisée, sondage satisfaction"
CLT00382,753,2,73069.45,3,Perdus,"Campagne de réactivation, offre de retour spéciale"
CLT00383,127,13,17199.873,2,Champions,"Programme VIP, récompenses exclusives, vente croisée"
CLT00384,472,7,144230.63,1,Réguliers,"Offres de fidélisation, points bonus, upselling"
CLT00385,828,5,31106.056,3,Perdus,"Campagne de réactivation, offre de retour spéciale"
CLT00386,88,9,54312.506,2,Champions,"Programme VIP, récompenses exclusives, vente croisée"
CLT00387,294,5,57933.643,0,À Surveiller,"Relance légère, offre personnalisée, sondage satisfaction"
CLT00388,78,8,29304.02,2,Champions,"Programme VIP, récompenses exclusives, vente croisée"
CLT00389,87,4,142968.84,1,Réguliers,"Offres de fidélisation, points bonus, upselling"
CLT00390,138,7,114277.11,2,Champions,"Programme VIP, récompenses exclusives, vente croisée"
CLT00391,41,3,29961.4,0,À Surveiller,"Relance légère, offre personnalisée, sondage satisfaction"
CLT00392,259,5,171650.062,1,Réguliers,"Offres de fidélisation, points bonus, upselling"
CLT00393,147,6,199076.0,1,Réguliers,"Offres de fidélisation, points bonus, upselling"
CLT00394,54,7,69707.304,2,Champions,"Programme VIP, récompenses exclusives, vente croisée"
CLT00395,118,5,24833.51,0,À Surveiller,"Relance légère, offre personnalisée, sondage satisfaction"
CLT00396,874,1,20102.84,3,Perdus,"Campagne de réactivation, offre de retour spéciale"
CLT00397,45,11,191327.725,1,Réguliers,"Offres de fidélisation, points bonus, upselling"
CLT00398,12,4,82580.791,0,À Surveiller,"Relance légère, offre personnalisée, sondage satisfaction"
CLT00399,88,8,81690.6,2,Champions,"Programme VIP, récompenses exclusives, vente croisée"
CLT00400,194,8,33116.645,2,Champions,"Programme VIP, récompenses exclusives, vente croisée"
CLT00401,249,5,159291.84,1,Réguliers,"Offres de fidélisation, points bonus, upselling"
CLT00402,400,8,36779.5,2,Champions,"Programme VIP, récompenses exclusives, vente croisée"
CLT00403,308,6,69421.838,2,Champions,"Programme VIP, récompenses exclusives, vente croisée"
CLT00404,1096,2,14026.1,3,Perdus,"Campagne de réactivation, offre de retour spéciale"
CLT00405,338,7,297985.147,1,Réguliers,"Offres de fidélisation, points bonus, upselling"
CLT00406,34,3,41884.83,0,À Surveiller,"Relance légère, offre personnalisée, sondage satisfaction"
CLT00407,145,7,52691.084,2,Champions,"Programme VIP, récompenses exclusives, vente croisée"
CLT00408,311,5,97305.75,0,À Surveiller,"Relance légère, offre personnalisée, sondage satisfaction"
CLT00409,149,5,121560.546,2,Champions,"Programme VIP, récompenses exclusives, vente croisée"
CLT00410,359,4,17543.226000000002,0,À Surveiller,"Relance légère, offre personnalisée, sondage satisfaction"
CLT00411,98,5,54418.678,0,À Surveiller,"Relance légère, offre personnalisée, sondage satisfaction"
CLT00412,353,3,20608.83,0,À Surveiller,"Relance légère, offre personnalisée, sondage satisfaction"
CLT00413,432,2,21936.94,3,Perdus,"Campagne de réactivation, offre de retour spéciale"
CLT00414,664,3,34642.793,3,Perdus,"Campagne de réactivation, offre de retour spéciale"
CLT00415,107,5,19492.3,0,À Surveiller,"Relance légère, offre personnalisée, sondage satisfaction"
CLT00416,421,3,12444.08,3,Perdus,"Campagne de réactivation, offre de retour spéciale"
CLT00417,469,5,12422.378,3,Perdus,"Campagne de réactivation, offre de retour spéciale"
CLT00418,530,4,17558.84,3,Perdus,"Campagne de réactivation, offre de retour spéciale"
CLT00419,229,4,93240.48,0,À Surveiller,"Relance légère, offre personnalisée, sondage satisfaction"
CLT00420,78,4,110215.196,0,À Surveiller,"Relance légère, offre personnalisée, sondage satisfaction"
CLT00421,564,4,26930.389,3,Perdus,"Campagne de réactivation, offre de retour spéciale"
CLT00422,183,4,7411.356,0,À Surveiller,"Relance légère, offre personnalisée, sondage satisfaction"
CLT00423,169,3,26206.26,0,À Surveiller,"Relance légère, offre personnalisée, sondage satisfaction"
CLT00424,57,1,14877.0,0,À Surveiller,"Relance légère, offre personnalisée, sondage satisfaction"
CLT00425,44,5,54534.48,0,À Surveiller,"Relance légère, offre personnalisée, sondage satisfaction"
CLT00426,164,2,22264.32,0,À Surveiller,"Relance légère, offre personnalisée, sondage satisfaction"
CLT00427,102,3,17808.0,0,À Surveiller,"Relance légère, offre personnalisée, sondage satisfaction"
CLT00428,228,7,34556.407,2,Champions,"Programme VIP, récompenses exclusives, vente croisée"
CLT00429,565,3,50713.747,3,Perdus,"Campagne de réactivation, offre de retour spéciale"
CLT00430,3,4,69933.75899999999,0,À Surveiller,"Relance légère, offre personnalisée, sondage satisfaction"
CLT00431,288,5,108504.24,2,Champions,"Programme VIP, récompenses exclusives, vente croisée"
CLT00432,177,8,151757.985,1,Réguliers,"Offres de fidélisation, points bonus, upselling"
CLT00433,6,8,25312.023,2,Champions,"Programme VIP, récompenses exclusives, vente croisée"
CLT00434,108,5,23923.9,0,À Surveiller,"Relance légère, offre personnalisée, sondage satisfaction"
CLT00435,9,3,70251.67,0,À Surveiller,"Relance légère, offre personnalisée, sondage satisfaction"
CLT00436,130,8,39003.95,2,Champions,"Programme VIP, récompenses exclusives, vente croisée"
CLT00437,337,6,64328.67,2,Champions,"Programme VIP, récompenses exclusives, vente croisée"
CLT00438,70,7,169551.565,1,Réguliers,"Offres de fidélisation, points bonus, upselling"
CLT00439,50,7,35113.813,2,Champions,"Programme VIP, récompenses exclusives, vente croisée"
CLT00440,127,7,37612.72,2,Champions,"Programme VIP, récompenses exclusives, vente croisée"
CLT00441,156,5,25392.033,0,À Surveiller,"Relance légère, offre personnalisée, sondage satisfaction"
CLT00442,123,8,21418.979,2,Champions,"Programme VIP, récompenses exclusives, vente croisée"
CLT00443,285,2,9580.407,0,À Surveiller,"Relance légère, offre personnalisée, sondage satisfaction"
CLT00444,376,4,26900.67,0,À Surveiller,"Relance légère, offre personnalisée, sondage satisfaction"
CLT00445,140,7,51751.038,2,Champions,"Programme VIP, récompenses exclusives, vente croisée"
CLT00446,291,2,6999.646000000001,0,À Surveiller,"Relance légère, offre personnalisée, sondage satisfaction"
CLT00447,1197,1,11749.98,3,Perdus,"Campagne de réactivation, offre de retour spéciale"
CLT00448,38,6,103265.76,2,Champions,"Programme VIP, récompenses exclusives, vente croisée"
CLT00449,60,5,7363.46,0,À Surveiller,"Relance légère, offre personnalisée, sondage satisfaction"
CLT00450,507,4,57920.04,3,Perdus,"Campagne de réactivation, offre de retour spéciale"
CLT00451,268,3,4369.929,0,À Surveiller,"Relance légère, offre personnalisée, sondage satisfaction"
CLT00452,308,4,23516.46,0,À Surveiller,"Relance légère, offre personnalisée, sondage satisfaction"
CLT00453,173,9,30311.177,2,Champions,"Programme VIP, récompenses exclusives, vente croisée"
CLT00454,176,6,68401.768,2,Champions,"Programme VIP, récompenses exclusives, vente croisée"
CLT00455,224,6,111995.68,2,Champions,"Programme VIP, récompenses exclusives, vente croisée"
CLT00456,176,8,21614.976,2,Champions,"Programme VIP, récompenses exclusives, vente croisée"
CLT00457,48,1,3987.66,0,À Surveiller,"Relance légère, offre personnalisée, sondage satisfaction"
CLT00458,351,2,27325.26,0,À Surveiller,"Relance légère, offre personnalisée, sondage satisfaction"
CLT00459,183,2,20216.691,0,À Surveiller,"Relance légère, offre personnalisée, sondage satisfaction"
CLT00460,39,9,218436.266,1,Réguliers,"Offres de fidélisation, points bonus, upselling"
CLT00461,39,6,96310.598,2,Champions,"Programme VIP, récompenses exclusives, vente croisée"
CLT00462,828,4,62820.376,3,Perdus,"Campagne de réactivation, offre de retour spéciale"
CLT00463,114,14,132163.32,1,Réguliers,"Offres de fidélisation, points bonus, upselling"
CLT00464,112,8,284264.843,1,Réguliers,"Offres de fidélisation, points bonus, upselling"
CLT00465,653,2,71514.59,3,Perdus,"Campagne de réactivation, offre de retour spéciale"
CLT00466,364,4,22446.566,0,À Surveiller,"Relance légère, offre personnalisée, sondage satisfaction"
CLT00467,513,3,135304.71000000002,3,Perdus,"Campagne de réactivation, offre de retour spéciale"
CLT00468,341,3,4052.974,0,À Surveiller,"Relance légère, offre personnalisée, sondage satisfaction"
CLT00469,212,5,17259.165,0,À Surveiller,"Relance légère, offre personnalisée, sondage satisfaction"
CLT00470,228,6,50895.566,2,Champions,"Programme VIP, récompenses exclusives, vente croisée"
CLT00471,89,3,12874.926,0,À Surveiller,"Relance légère, offre personnalisée, sondage satisfaction"
CLT00472,512,2,3996.0,3,Perdus,"Campagne de réactivation, offre de retour spéciale"
CLT00473,571,3,12118.96,3,Perdus,"Campagne de réactivation, offre de retour spéciale"
CLT00474,177,7,35728.35,2,Champions,"Programme VIP, récompenses exclusives, vente croisée"
CLT00475,27,6,64056.559,2,Champions,"Programme VIP, récompenses exclusives, vente croisée"
CLT00476,222,5,45282.335,0,À Surveiller,"Relance légère, offre personnalisée, sondage satisfaction"
CLT00477,105,2,7599.843,0,À Surveiller,"Relance légère, offre personnalisée, sondage satisfaction"
CLT00478,130,7,7744.12,2,Champions,"Programme VIP, récompenses exclusives, vente croisée"
CLT00479,279,6,16038.37,2,Champions,"Programme VIP, récompenses exclusives, vente croisée"
CLT00480,32,5,17776.228,0,À Surveiller,"Relance légère, offre personnalisée, sondage satisfaction"
CLT00481,31,2,6379.63,0,À Surveiller,"Relance légère, offre personnalisée, sondage satisfaction"
CLT00482,161,5,11294.797,0,À Surveiller,"Relance légère, offre personnalisée, sondage satisfaction"
CLT00483,9,4,19909.202,0,À Surveiller,"Relance légère, offre personnalisée, sondage satisfaction"
CLT00484,205,9,31991.937,2,Champions,"Programme VIP, récompenses exclusives, vente croisée"
CLT00485,15,9,47737.62,2,Champions,"Programme VIP, récompenses exclusives, vente croisée"
CLT00486,72,8,61412.168,2,Champions,"Programme VIP, récompenses exclusives, vente croisée"
CLT00487,38,6,74523.5,2,Champions,"Programme VIP, récompenses exclusives, vente croisée"
CLT00488,154,2,9906.56,0,À Surveiller,"Relance légère, offre personnalisée, sondage satisfaction"
CLT00489,347,6,101163.156,2,Champions,"Programme VIP, récompenses exclusives, vente croisée"
CLT00490,25,8,21232.618,2,Champions,"Programme VIP, récompenses exclusives, vente croisée"
CLT00491,83,8,76497.23,2,Champions,"Programme VIP, récompenses exclusives, vente croisée"
CLT00492,255,4,38342.15,0,À Surveiller,"Relance légère, offre personnalisée, sondage satisfaction"
CLT00493,165,2,48550.46000000001,0,À Surveiller,"Relance légère, offre personnalisée, sondage satisfaction"
CLT00494,253,5,112197.693,2,Champions,"Programme VIP, récompenses exclusives, vente croisée"
CLT00495,116,6,12597.004,2,Champions,"Programme VIP, récompenses exclusives, vente croisée"
CLT00496,170,6,241429.077,1,Réguliers,"Offres de fidélisation, points bonus, upselling"
CLT00497,554,6,93054.894,3,Perdus,"Campagne de réactivation, offre de retour spéciale"
CLT00498,101,10,52057.502,2,Champions,"Programme VIP, récompenses exclusives, vente croisée"
CLT00499,267,4,17412.281,0,À Surveiller,"Relance légère, offre personnalisée, sondage satisfaction"
CLT00500,118,3,31856.825,0,À Surveiller,"Relance légère, offre personnalisée, sondage satisfaction"
CLT00501,52,6,145965.6,1,Réguliers,"Offres de fidélisation, points bonus, upselling"
CLT00502,270,5,43762.673,0,À Surveiller,"Relance légère, offre personnalisée, sondage satisfaction"
CLT00503,50,5,54093.218,0,À Surveiller,"Relance légère, offre personnalisée, sondage satisfaction"
CLT00504,187,2,6438.0,0,À Surveiller,"Relance légère, offre personnalisée, sondage satisfaction"
CLT00505,429,4,18200.370000000003,3,Perdus,"Campagne de réactivation, offre de retour spéciale"
CLT00506,670,2,7959.961999999999,3,Perdus,"Campagne de réactivation, offre de retour spéciale"
CLT00507,180,4,30525.184,0,À Surveiller,"Relance légère, offre personnalisée, sondage satisfaction"
CLT00508,449,2,8710.797999999999,3,Perdus,"Campagne de réactivation, offre de retour spéciale"
CLT00509,108,4,6275.360000000001,0,À Surveiller,"Relance légère, offre personnalisée, sondage satisfaction"
CLT00510,198,8,79134.109,2,Champions,"Programme VIP, récompenses exclusives, vente croisée"
CLT00511,110,6,82237.606,2,Champions,"Programme VIP, récompenses exclusives, vente croisée"
CLT00512,290,3,49005.226,0,À Surveiller,"Relance légère, offre personnalisée, sondage satisfaction"
CLT00513,265,1,4405.78,0,À Surveiller,"Relance légère, offre personnalisée, sondage satisfaction"
CLT00514,397,3,36165.134,3,Perdus,"Campagne de réactivation, offre de retour spéciale"
CLT00515,164,4,19482.993,0,À Surveiller,"Relance légère, offre personnalisée, sondage satisfaction"
CLT00516,75,2,33674.56,0,À Surveiller,"Relance légère, offre personnalisée, sondage satisfaction"
CLT00517,272,6,61026.66,2,Champions,"Programme VIP, récompenses exclusives, vente croisée"
CLT00518,88,3,110848.04,0,À Surveiller,"Relance légère, offre personnalisée, sondage satisfaction"
CLT00519,38,5,20891.52,0,À Surveiller,"Relance légère, offre personnalisée, sondage satisfaction"
CLT00520,118,5,21593.14,0,À Surveiller,"Relance légère, offre personnalisée, sondage satisfaction"
CLT00521,169,10,30384.982,2,Champions,"Programme VIP, récompenses exclusives, vente croisée"
CLT00522,21,4,31950.6,0,À Surveiller,"Relance légère, offre personnalisée, sondage satisfaction"
CLT00523,297,2,79467.12,0,À Surveiller,"Relance légère, offre personnalisée, sondage satisfaction"
CLT00524,179,1,4736.02,0,À Surveiller,"Relance légère, offre personnalisée, sondage satisfaction"
CLT00525,208,4,7121.218,0,À Surveiller,"Relance légère, offre personnalisée, sondage satisfaction"
CLT00526,259,4,101049.34,0,À Surveiller,"Relance légère, offre personnalisée, sondage satisfaction"
CLT00527,94,4,22815.88,0,À Surveiller,"Relance légère, offre personnalisée, sondage satisfaction"
CLT00528,35,6,66194.16500000001,2,Champions,"Programme VIP, récompenses exclusives, vente croisée"
CLT00529,76,7,45880.221,2,Champions,"Programme VIP, récompenses exclusives, vente croisée"
CLT00530,126,9,101664.436,2,Champions,"Programme VIP, récompenses exclusives, vente croisée"
CLT00531,323,7,28146.545,2,Champions,"Programme VIP, récompenses exclusives, vente croisée"
CLT00532,261,3,9408.36,0,À Surveiller,"Relance légère, offre personnalisée, sondage satisfaction"
CLT00533,452,6,57684.49,3,Perdus,"Campagne de réactivation, offre de retour spéciale"
CLT00534,480,3,15370.346,3,Perdus,"Campagne de réactivation, offre de retour spéciale"
CLT00535,318,4,6166.055,0,À Surveiller,"Relance légère, offre personnalisée, sondage satisfaction"
CLT00536,94,7,11774.88,2,Champions,"Programme VIP, récompenses exclusives, vente croisée"
CLT00537,547,5,33619.33,3,Perdus,"Campagne de réactivation, offre de retour spéciale"
CLT00538,80,10,53100.12,2,Champions,"Programme VIP, récompenses exclusives, vente croisée"
CLT00539,151,2,7156.22,0,À Surveiller,"Relance légère, offre personnalisée, sondage satisfaction"
CLT00540,36,8,72855.836,2,Champions,"Programme VIP, récompenses exclusives, vente croisée"
CLT00541,46,7,287386.86,1,Réguliers,"Offres de fidélisation, points bonus, upselling"
CLT00542,46,6,82729.56,2,Champions,"Programme VIP, récompenses exclusives, vente croisée"
CLT00543,137,8,31262.717,2,Champions,"Programme VIP, récompenses exclusives, vente croisée"
CLT00544,78,3,152985.11,1,Réguliers,"Offres de fidélisation, points bonus, upselling"
CLT00545,6,5,25579.675,0,À Surveiller,"Relance légère, offre personnalisée, sondage satisfaction"
CLT00546,148,5,32736.0,0,À Surveiller,"Relance légère, offre personnalisée, sondage satisfaction"
CLT00547,144,6,270938.537,1,Réguliers,"Offres de fidélisation, points bonus, upselling"
CLT00548,233,8,326181.33,1,Réguliers,"Offres de fidélisation, points bonus, upselling"
CLT00549,142,8,22527.258,2,Champions,"Programme VIP, récompenses exclusives, vente croisée"
CLT00550,273,4,52378.35,0,À Surveiller,"Relance légère, offre personnalisée, sondage satisfaction"
CLT00551,69,8,70683.84,2,Champions,"Programme VIP, récompenses exclusives, vente croisée"
CLT00552,177,4,18970.35,0,À Surveiller,"Relance légère, offre personnalisée, sondage satisfaction"
CLT00553,31,7,163055.136,1,Réguliers,"Offres de fidélisation, points bonus, upselling"
CLT00554,12,2,36214.963,0,À Surveiller,"Relance légère, offre personnalisée, sondage satisfaction"
CLT00555,226,2,16240.85,0,À Surveiller,"Relance légère, offre personnalisée, sondage satisfaction"
CLT00556,420,6,52428.21799999999,2,Champions,"Programme VIP, récompenses exclusives, vente croisée"
CLT00557,370,7,78617.25,2,Champions,"Programme VIP, récompenses exclusives, vente croisée"
CLT00558,286,5,43314.322,0,À Surveiller,"Relance légère, offre personnalisée, sondage satisfaction"
CLT00559,112,9,76564.956,2,Champions,"Programme VIP, récompenses exclusives, vente croisée"
CLT00560,179,4,40530.664,0,À Surveiller,"Relance légère, offre personnalisée, sondage satisfaction"
CLT00561,137,9,44236.494,2,Champions,"Programme VIP, récompenses exclusives, vente croisée"
CLT00562,452,4,34521.39,3,Perdus,"Campagne de réactivation, offre de retour spéciale"
CLT00563,393,3,72975.043,3,Perdus,"Campagne de réactivation, offre de retour spéciale"
CLT00564,432,3,22466.459,3,Perdus,"Campagne de réactivation, offre de retour spéciale"
CLT00565,98,8,112208.24,2,Champions,"Programme VIP, récompenses exclusives, vente croisée"
CLT00566,163,7,26486.227000000003,2,Champions,"Programme VIP, récompenses exclusives, vente croisée"
CLT00567,511,1,12704.28,3,Perdus,"Campagne de réactivation, offre de retour spéciale"
CLT00568,28,6,22272.601,2,Champions,"Programme VIP, récompenses exclusives, vente croisée"
CLT00570,163,4,4401.721,0,À Surveiller,"Relance légère, offre personnalisée, sondage satisfaction"
CLT00571,199,9,28402.38,2,Champions,"Programme VIP, récompenses exclusives, vente croisée"
CLT00572,12,3,20589.0,0,À Surveiller,"Relance légère, offre personnalisée, sondage satisfaction"
CLT00573,425,10,18761.057,2,Champions,"Programme VIP, récompenses exclusives, vente croisée"
CLT00574,258,4,14331.782,0,À Surveiller,"Relance légère, offre personnalisée, sondage satisfaction"
CLT00575,117,6,34681.307,2,Champions,"Programme VIP, récompenses exclusives, vente croisée"
CLT00576,303,9,143641.302,1,Réguliers,"Offres de fidélisation, points bonus, upselling"
CLT00577,45,8,147681.275,1,Réguliers,"Offres de fidélisation, points bonus, upselling"
CLT00578,736,2,6913.685,3,Perdus,"Campagne de réactivation, offre de retour spéciale"
CLT00579,643,2,52821.76,3,Perdus,"Campagne de réactivation, offre de retour spéciale"
CLT00580,178,3,21765.888,0,À Surveiller,"Relance légère, offre personnalisée, sondage satisfaction"
CLT00581,285,5,23630.1,0,À Surveiller,"Relance légère, offre personnalisée, sondage satisfaction"
CLT00582,55,4,101321.852,0,À Surveiller,"Relance légère, offre personnalisée, sondage satisfaction"
CLT00583,695,3,14755.767,3,Perdus,"Campagne de réactivation, offre de retour spéciale"
CLT00584,188,4,134596.44,1,Réguliers,"Offres de fidélisation, points bonus, upselling"
CLT00585,285,3,25562.657,0,À Surveiller,"Relance légère, offre personnalisée, sondage satisfaction"
CLT00586,960,4,168463.97999999998,3,Perdus,"Campagne de réactivation, offre de retour spéciale"
CLT00587,250,3,7593.471,0,À Surveiller,"Relance légère, offre personnalisée, sondage satisfaction"
CLT00588,562,7,36504.312,3,Perdus,"Campagne de réactivation, offre de retour spéciale"
CLT00589,117,8,166816.332,1,Réguliers,"Offres de fidélisation, points bonus, upselling"
CLT00590,65,3,91072.5,0,À Surveiller,"Relance légère, offre personnalisée, sondage satisfaction"
CLT00591,66,3,8525.297,0,À Surveiller,"Relance légère, offre personnalisée, sondage satisfaction"
CLT00592,255,4,19077.09,0,À Surveiller,"Relance légère, offre personnalisée, sondage satisfaction"
CLT00593,249,6,9787.716,2,Champions,"Programme VIP, récompenses exclusives, vente croisée"
CLT00594,35,9,40488.787,2,Champions,"Programme VIP, récompenses exclusives, vente croisée"
CLT00595,607,5,53452.052,3,Perdus,"Campagne de réactivation, offre de retour spéciale"
CLT00596,215,5,8780.158,0,À Surveiller,"Relance légère, offre personnalisée, sondage satisfaction"
CLT00597,293,6,18285.251,2,Champions,"Programme VIP, récompenses exclusives, vente croisée"
CLT00598,113,4,190951.804,1,Réguliers,"Offres de fidélisation, points bonus, upselling"
CLT00599,207,7,91138.496,2,Champions,"Programme VIP, récompenses exclusives, vente croisée"
CLT00600,39,5,54364.734,0,À Surveiller,"Relance légère, offre personnalisée, sondage satisfaction"
CLT00601,364,3,11879.604,0,À Surveiller,"Relance légère, offre personnalisée, sondage satisfaction"
CLT00602,81,6,19592.72,2,Champions,"Programme VIP, récompenses exclusives, vente croisée"
CLT00603,378,3,15739.162,0,À Surveiller,"Relance légère, offre personnalisée, sondage satisfaction"
CLT00604,11,8,147298.574,1,Réguliers,"Offres de fidélisation, points bonus, upselling"
CLT00605,518,3,84246.071,3,Perdus,"Campagne de réactivation, offre de retour spéciale"
CLT00606,13,8,38053.501,2,Champions,"Programme VIP, récompenses exclusives, vente croisée"
CLT00607,574,5,122655.498,3,Perdus,"Campagne de réactivation, offre de retour spéciale"
CLT00608,262,4,23171.28,0,À Surveiller,"Relance légère, offre personnalisée, sondage satisfaction"
CLT00609,479,3,57348.36,3,Perdus,"Campagne de réactivation, offre de retour spéciale"
CLT00610,203,3,72014.25,0,À Surveiller,"Relance légère, offre personnalisée, sondage satisfaction"
CLT00611,91,10,39218.28,2,Champions,"Programme VIP, récompenses exclusives, vente croisée"
CLT00612,357,3,13910.782,0,À Surveiller,"Relance légère, offre personnalisée, sondage satisfaction"
CLT00613,66,3,13013.18,0,À Surveiller,"Relance légère, offre personnalisée, sondage satisfaction"
CLT00614,492,1,9699.12,3,Perdus,"Campagne de réactivation, offre de retour spéciale"
CLT00615,267,6,26798.915,2,Champions,"Programme VIP, récompenses exclusives, vente croisée"
CLT00616,140,4,35691.03,0,À Surveiller,"Relance légère, offre personnalisée, sondage satisfaction"
CLT00617,58,3,25053.1,0,À Surveiller,"Relance légère, offre personnalisée, sondage satisfaction"
CLT00618,12,3,17294.75,0,À Surveiller,"Relance légère, offre personnalisée, sondage satisfaction"
CLT00619,234,2,30982.286,0,À Surveiller,"Relance légère, offre personnalisée, sondage satisfaction"
CLT00620,445,1,1926.007,3,Perdus,"Campagne de réactivation, offre de retour spéciale"
CLT00621,126,1,15884.8,0,À Surveiller,"Relance légère, offre personnalisée, sondage satisfaction"
CLT00622,371,1,13423.0,0,À Surveiller,"Relance légère, offre personnalisée, sondage satisfaction"
CLT00623,312,4,3876.6,0,À Surveiller,"Relance légère, offre personnalisée, sondage satisfaction"
CLT00624,235,2,9925.96,0,À Surveiller,"Relance légère, offre personnalisée, sondage satisfaction"
CLT00625,32,7,33397.283,2,Champions,"Programme VIP, récompenses exclusives, vente croisée"
CLT00626,9,4,5825.696,0,À Surveiller,"Relance légère, offre personnalisée, sondage satisfaction"
CLT00627,52,5,142927.562,1,Réguliers,"Offres de fidélisation, points bonus, upselling"
CLT00628,107,3,26736.352,0,À Surveiller,"Relance légère, offre personnalisée, sondage satisfaction"
CLT00629,654,4,81615.96,3,Perdus,"Campagne de réactivation, offre de retour spéciale"
CLT00630,403,2,8140.8,3,Perdus,"Campagne de réactivation, offre de retour spéciale"
CLT00631,109,7,72971.36,2,Champions,"Programme VIP, récompenses exclusives, vente croisée"
CLT00632,72,8,71087.673,2,Champions,"Programme VIP, récompenses exclusives, vente croisée"
CLT00633,3,2,19888.961000000003,0,À Surveiller,"Relance légère, offre personnalisée, sondage satisfaction"
CLT00634,80,6,22459.534,2,Champions,"Programme VIP, récompenses exclusives, vente croisée"
CLT00635,4,2,18537.9,0,À Surveiller,"Relance légère, offre personnalisée, sondage satisfaction"
CLT00636,375,7,14807.786,2,Champions,"Programme VIP, récompenses exclusives, vente croisée"
CLT00637,125,7,60775.299,2,Champions,"Programme VIP, récompenses exclusives, vente croisée"
CLT00638,721,4,76631.75,3,Perdus,"Campagne de réactivation, offre de retour spéciale"
CLT00639,65,6,14009.49,2,Champions,"Programme VIP, récompenses exclusives, vente croisée"
CLT00640,30,5,127178.756,1,Réguliers,"Offres de fidélisation, points bonus, upselling"
CLT00641,457,3,9762.811,3,Perdus,"Campagne de réactivation, offre de retour spéciale"
CLT00642,126,7,121616.823,2,Champions,"Programme VIP, récompenses exclusives, vente croisée"
CLT00643,188,5,11428.56,0,À Surveiller,"Relance légère, offre personnalisée, sondage satisfaction"
CLT00644,162,8,71055.07,2,Champions,"Programme VIP, récompenses exclusives, vente croisée"
CLT00645,86,2,15556.0,0,À Surveiller,"Relance légère, offre personnalisée, sondage satisfaction"
CLT00646,60,14,89741.513,2,Champions,"Programme VIP, récompenses exclusives, vente croisée"
CLT00647,83,3,40044.255,0,À Surveiller,"Relance légère, offre personnalisée, sondage satisfaction"
CLT00648,50,4,62051.8,0,À Surveiller,"Relance légère, offre personnalisée, sondage satisfaction"
CLT00649,549,4,43505.33,3,Perdus,"Campagne de réactivation, offre de retour spéciale"
CLT00650,598,1,5230.26,3,Perdus,"Campagne de réactivation, offre de retour spéciale"
CLT00651,170,4,15377.31,0,À Surveiller,"Relance légère, offre personnalisée, sondage satisfaction"
CLT00652,85,4,49742.236,0,À Surveiller,"Relance légère, offre personnalisée, sondage satisfaction"
CLT00653,67,6,120511.469,2,Champions,"Programme VIP, récompenses exclusives, vente croisée"
CLT00654,260,3,12258.36,0,À Surveiller,"Relance légère, offre personnalisée, sondage satisfaction"
CLT00655,1066,2,12944.16,3,Perdus,"Campagne de réactivation, offre de retour spéciale"
CLT00656,27,4,31830.275,0,À Surveiller,"Relance légère, offre personnalisée, sondage satisfaction"
CLT00657,135,4,20177.919,0,À Surveiller,"Relance légère, offre personnalisée, sondage satisfaction"
CLT00658,422,7,172231.204,1,Réguliers,"Offres de fidélisation, points bonus, upselling"
CLT00659,136,5,6230.7,0,À Surveiller,"Relance légère, offre personnalisée, sondage satisfaction"
CLT00660,325,6,16936.92,2,Champions,"Programme VIP, récompenses exclusives, vente croisée"
CLT00661,466,7,148735.812,1,Réguliers,"Offres de fidélisation, points bonus, upselling"
CLT00662,235,7,69871.77,2,Champions,"Programme VIP, récompenses exclusives, vente croisée"
CLT00663,236,4,72783.836,0,À Surveiller,"Relance légère, offre personnalisée, sondage satisfaction"
CLT00664,124,9,82608.50200000001,2,Champions,"Programme VIP, récompenses exclusives, vente croisée"
CLT00665,20,8,282325.94,1,Réguliers,"Offres de fidélisation, points bonus, upselling"
CLT00666,84,3,22638.145,0,À Surveiller,"Relance légère, offre personnalisée, sondage satisfaction"
CLT00667,285,5,22947.84,0,À Surveiller,"Relance légère, offre personnalisée, sondage satisfaction"
CLT00668,265,3,5867.287,0,À Surveiller,"Relance légère, offre personnalisée, sondage satisfaction"
CLT00669,593,9,253929.391,1,Réguliers,"Offres de fidélisation, points bonus, upselling"
CLT00670,125,6,7772.166999999999,2,Champions,"Programme VIP, récompenses exclusives, vente croisée"
CLT00671,139,7,69478.539,2,Champions,"Programme VIP, récompenses exclusives, vente croisée"
CLT00672,4,9,239624.925,1,Réguliers,"Offres de fidélisation, points bonus, upselling"
CLT00673,92,7,23395.143,2,Champions,"Programme VIP, récompenses exclusives, vente croisée"
CLT00674,345,4,38104.278,0,À Surveiller,"Relance légère, offre personnalisée, sondage satisfaction"
CLT00675,687,2,13869.341,3,Perdus,"Campagne de réactivation, offre de retour spéciale"
CLT00676,232,6,9402.96,2,Champions,"Programme VIP, récompenses exclusives, vente croisée"
CLT00677,383,7,31656.119,2,Champions,"Programme VIP, récompenses exclusives, vente croisée"
CLT00678,1056,2,3132.158,3,Perdus,"Campagne de réactivation, offre de retour spéciale"
CLT00679,774,3,29875.986,3,Perdus,"Campagne de réactivation, offre de retour spéciale"
CLT00680,952,2,13973.801,3,Perdus,"Campagne de réactivation, offre de retour spéciale"
CLT00681,304,4,80505.18,0,À Surveiller,"Relance légère, offre personnalisée, sondage satisfaction"
CLT00682,205,6,22626.184,2,Champions,"Programme VIP, récompenses exclusives, vente croisée"
CLT00683,1355,1,5718.24,3,Perdus,"Campagne de réactivation, offre de retour spéciale"
CLT00684,738,1,8632.43,3,Perdus,"Campagne de réactivation, offre de retour spéciale"
CLT00685,263,7,41141.875,2,Champions,"Programme VIP, récompenses exclusives, vente croisée"
CLT00686,143,9,29784.875,2,Champions,"Programme VIP, récompenses exclusives, vente croisée"
CLT00687,187,2,64061.68,0,À Surveiller,"Relance légère, offre personnalisée, sondage satisfaction"
CLT00688,425,4,20772.48,3,Perdus,"Campagne de réactivation, offre de retour spéciale"
CLT00689,341,3,3416.018,0,À Surveiller,"Relance légère, offre personnalisée, sondage satisfaction"
CLT00690,106,5,226728.48,1,Réguliers,"Offres de fidélisation, points bonus, upselling"
CLT00692,66,8,90513.756,2,Champions,"Programme VIP, récompenses exclusives, vente croisée"
CLT00693,622,4,3851.7,3,Perdus,"Campagne de réactivation, offre de retour spéciale"
CLT00694,234,7,220578.822,1,Réguliers,"Offres de fidélisation, points bonus, upselling"
CLT00695,129,7,17098.87,2,Champions,"Programme VIP, récompenses exclusives, vente croisée"
CLT00696,146,2,16200.888,0,À Surveiller,"Relance légère, offre personnalisée, sondage satisfaction"
CLT00697,129,7,187647.57,1,Réguliers,"Offres de fidélisation, points bonus, upselling"
CLT00698,404,1,38224.56,3,Perdus,"Campagne de réactivation, offre de retour spéciale"
CLT00699,126,8,19286.846,2,Champions,"Programme VIP, récompenses exclusives, vente croisée"
CLT00700,201,3,25778.94,0,À Surveiller,"Relance légère, offre personnalisée, sondage satisfaction"
CLT00701,237,4,71504.82,0,À Surveiller,"Relance légère, offre personnalisée, sondage satisfaction"
CLT00702,329,3,13894.7,0,À Surveiller,"Relance légère, offre personnalisée, sondage satisfaction"
CLT00703,290,4,30725.24,0,À Surveiller,"Relance légère, offre personnalisée, sondage satisfaction"
CLT00705,721,5,45074.51,3,Perdus,"Campagne de réactivation, offre de retour spéciale"
CLT00706,269,8,158297.439,1,Réguliers,"Offres de fidélisation, points bonus, upselling"
CLT00707,123,10,80513.212,2,Champions,"Programme VIP, récompenses exclusives, vente croisée"
CLT00708,197,5,38438.945,0,À Surveiller,"Relance légère, offre personnalisée, sondage satisfaction"
CLT00709,948,1,3203.75,3,Perdus,"Campagne de réactivation, offre de retour spéciale"
CLT00710,76,8,25140.924,2,Champions,"Programme VIP, récompenses exclusives, vente croisée"
CLT00711,268,5,56800.415,0,À Surveiller,"Relance légère, offre personnalisée, sondage satisfaction"
CLT00712,78,2,6164.728,0,À Surveiller,"Relance légère, offre personnalisée, sondage satisfaction"
CLT00713,623,7,152423.22,1,Réguliers,"Offres de fidélisation, points bonus, upselling"
CLT00714,488,5,94653.75,3,Perdus,"Campagne de réactivation, offre de retour spéciale"
CLT00715,362,7,29774.831,2,Champions,"Programme VIP, récompenses exclusives, vente croisée"
CLT00716,270,8,33036.683,2,Champions,"Programme VIP, récompenses exclusives, vente croisée"
CLT00717,95,3,18178.77,0,À Surveiller,"Relance légère, offre personnalisée, sondage satisfaction"
CLT00718,354,5,46088.12,0,À Surveiller,"Relance légère, offre personnalisée, sondage satisfaction"
CLT00719,197,5,18576.331,0,À Surveiller,"Relance légère, offre personnalisée, sondage satisfaction"
CLT00720,139,8,14980.874,2,Champions,"Programme VIP, récompenses exclusives, vente croisée"
CLT00721,81,8,83854.79000000001,2,Champions,"Programme VIP, récompenses exclusives, vente croisée"
CLT00722,8,6,39715.403,2,Champions,"Programme VIP, récompenses exclusives, vente croisée"
CLT00723,119,6,58763.47,2,Champions,"Programme VIP, récompenses exclusives, vente croisée"
CLT00724,125,5,9073.11,0,À Surveiller,"Relance légère, offre personnalisée, sondage satisfaction"
CLT00725,393,6,36456.529,2,Champions,"Programme VIP, récompenses exclusives, vente croisée"
CLT00726,164,7,26523.991,2,Champions,"Programme VIP, récompenses exclusives, vente croisée"
CLT00727,299,8,74155.666,2,Champions,"Programme VIP, récompenses exclusives, vente croisée"
CLT00728,6,10,31779.78,2,Champions,"Programme VIP, récompenses exclusives, vente croisée"
CLT00729,141,9,98489.88,2,Champions,"Programme VIP, récompenses exclusives, vente croisée"
CLT00730,59,3,36333.71,0,À Surveiller,"Relance légère, offre personnalisée, sondage satisfaction"
CLT00731,15,5,22823.436,0,À Surveiller,"Relance légère, offre personnalisée, sondage satisfaction"
CLT00732,87,6,26299.35,2,Champions,"Programme VIP, récompenses exclusives, vente croisée"
CLT00733,421,6,6568.47,3,Perdus,"Campagne de réactivation, offre de retour spéciale"
CLT00734,229,2,2941.17,0,À Surveiller,"Relance légère, offre personnalisée, sondage satisfaction"
CLT00735,162,9,150010.839,1,Réguliers,"Offres de fidélisation, points bonus, upselling"
CLT00736,128,4,97758.36,0,À Surveiller,"Relance légère, offre personnalisée, sondage satisfaction"
CLT00737,34,9,50281.25,2,Champions,"Programme VIP, récompenses exclusives, vente croisée"
CLT00738,20,7,21042.542,2,Champions,"Programme VIP, récompenses exclusives, vente croisée"
CLT00739,623,2,11685.44,3,Perdus,"Campagne de réactivation, offre de retour spéciale"
CLT00740,224,10,44131.855,2,Champions,"Programme VIP, récompenses exclusives, vente croisée"
CLT00741,398,1,8375.29,3,Perdus,"Campagne de réactivation, offre de retour spéciale"
CLT00742,29,5,49753.86,0,À Surveiller,"Relance légère, offre personnalisée, sondage satisfaction"
CLT00743,645,2,6645.996,3,Perdus,"Campagne de réactivation, offre de retour spéciale"
CLT00744,244,7,287847.18200000003,1,Réguliers,"Offres de fidélisation, points bonus, upselling"
CLT00745,455,1,22705.29,3,Perdus,"Campagne de réactivation, offre de retour spéciale"
CLT00746,205,8,35444.933,2,Champions,"Programme VIP, récompenses exclusives, vente croisée"
CLT00747,74,8,333881.138,1,Réguliers,"Offres de fidélisation, points bonus, upselling"
CLT00748,163,3,29945.5,0,À Surveiller,"Relance légère, offre personnalisée, sondage satisfaction"
CLT00749,218,1,33174.96,0,À Surveiller,"Relance légère, offre personnalisée, sondage satisfaction"
CLT00750,109,6,21845.77,2,Champions,"Programme VIP, récompenses exclusives, vente croisée"
CLT00751,79,6,61518.317,2,Champions,"Programme VIP, récompenses exclusives, vente croisée"
CLT00752,15,4,27073.557,0,À Surveiller,"Relance légère, offre personnalisée, sondage satisfaction"
CLT00753,445,4,10402.56,3,Perdus,"Campagne de réactivation, offre de retour spéciale"
CLT00754,202,2,7527.42,0,À Surveiller,"Relance légère, offre personnalisée, sondage satisfaction"
CLT00755,486,5,22763.52,3,Perdus,"Campagne de réactivation, offre de retour spéciale"
CLT00756,30,9,112518.752,2,Champions,"Programme VIP, récompenses exclusives, vente croisée"
CLT00757,421,3,17823.39,3,Perdus,"Campagne de réactivation, offre de retour spéciale"
CLT00758,240,7,87931.575,2,Champions,"Programme VIP, récompenses exclusives, vente croisée"
CLT00760,193,5,220017.544,1,Réguliers,"Offres de fidélisation, points bonus, upselling"
CLT00761,173,6,28093.356,2,Champions,"Programme VIP, récompenses exclusives, vente croisée"
CLT00762,136,5,50105.115000000005,0,À Surveiller,"Relance légère, offre personnalisée, sondage satisfaction"
CLT00763,743,5,23035.585,3,Perdus,"Campagne de réactivation, offre de retour spéciale"
CLT00764,40,10,490681.006,1,Réguliers,"Offres de fidélisation, points bonus, upselling"
CLT00765,98,5,76952.862,0,À Surveiller,"Relance légère, offre personnalisée, sondage satisfaction"
CLT00766,126,3,57571.35800000001,0,À Surveiller,"Relance légère, offre personnalisée, sondage satisfaction"
CLT00767,118,12,102184.078,2,Champions,"Programme VIP, récompenses exclusives, vente croisée"
CLT00768,531,3,55066.914,3,Perdus,"Campagne de réactivation, offre de retour spéciale"
CLT00769,231,4,40170.693,0,À Surveiller,"Relance légère, offre personnalisée, sondage satisfaction"
CLT00770,196,5,33397.648,0,À Surveiller,"Relance légère, offre personnalisée, sondage satisfaction"
CLT00771,163,6,105365.254,2,Champions,"Programme VIP, récompenses exclusives, vente croisée"
CLT00772,97,3,60689.3,0,À Surveiller,"Relance légère, offre personnalisée, sondage satisfaction"
CLT00773,202,4,3764.452,0,À Surveiller,"Relance légère, offre personnalisée, sondage satisfaction"
CLT00774,256,2,42629.85,0,À Surveiller,"Relance légère, offre personnalisée, sondage satisfaction"
CLT00775,520,7,150958.294,1,Réguliers,"Offres de fidélisation, points bonus, upselling"
CLT00776,29,11,31370.92,2,Champions,"Programme VIP, récompenses exclusives, vente croisée"
CLT00777,177,1,901.44,0,À Surveiller,"Relance légère, offre personnalisée, sondage satisfaction"
CLT00778,90,4,16708.692,0,À Surveiller,"Relance légère, offre personnalisée, sondage satisfaction"
CLT00779,138,5,14459.694,0,À Surveiller,"Relance légère, offre personnalisée, sondage satisfaction"
CLT00780,286,6,44451.403,2,Champions,"Programme VIP, récompenses exclusives, vente croisée"
CLT00781,122,5,44401.203,0,À Surveiller,"Relance légère, offre personnalisée, sondage satisfaction"
CLT00782,43,6,62878.138,2,Champions,"Programme VIP, récompenses exclusives, vente croisée"
CLT00783,983,4,21199.202,3,Perdus,"Campagne de réactivation, offre de retour spéciale"
CLT00784,93,6,54678.582,2,Champions,"Programme VIP, récompenses exclusives, vente croisée"
CLT00785,55,4,88875.76299999999,0,À Surveiller,"Relance légère, offre personnalisée, sondage satisfaction"
CLT00786,468,3,48210.15,3,Perdus,"Campagne de réactivation, offre de retour spéciale"
CLT00787,27,6,17603.189,2,Champions,"Programme VIP, récompenses exclusives, vente croisée"
CLT00788,46,7,109443.847,2,Champions,"Programme VIP, récompenses exclusives, vente croisée"
CLT00789,263,4,24873.21,0,À Surveiller,"Relance légère, offre personnalisée, sondage satisfaction"
CLT00790,97,9,273868.2,1,Réguliers,"Offres de fidélisation, points bonus, upselling"
CLT00791,247,3,34837.36,0,À Surveiller,"Relance légère, offre personnalisée, sondage satisfaction"
CLT00793,52,5,15529.72,0,À Surveiller,"Relance légère, offre personnalisée, sondage satisfaction"
CLT00794,417,3,25713.635,3,Perdus,"Campagne de réactivation, offre de retour spéciale"
CLT00795,73,5,39284.16,0,À Surveiller,"Relance légère, offre personnalisée, sondage satisfaction"
CLT00796,8,5,36698.5,0,À Surveiller,"Relance légère, offre personnalisée, sondage satisfaction"
CLT00797,144,5,39655.0,0,À Surveiller,"Relance légère, offre personnalisée, sondage satisfaction"
CLT00798,12,9,238474.875,1,Réguliers,"Offres de fidélisation, points bonus, upselling"
CLT00799,8,10,17640.801,2,Champions,"Programme VIP, récompenses exclusives, vente croisée"
CLT00800,665,4,17413.258,3,Perdus,"Campagne de réactivation, offre de retour spéciale"
CLT00801,258,2,4816.859,0,À Surveiller,"Relance légère, offre personnalisée, sondage satisfaction"
CLT00802,549,5,65360.69,3,Perdus,"Campagne de réactivation, offre de retour spéciale"
CLT00803,209,2,20321.8,0,À Surveiller,"Relance légère, offre personnalisée, sondage satisfaction"
CLT00804,35,9,43728.561,2,Champions,"Programme VIP, récompenses exclusives, vente croisée"
CLT00805,355,3,111777.01,0,À Surveiller,"Relance légère, offre personnalisée, sondage satisfaction"
CLT00806,719,2,17613.35,3,Perdus,"Campagne de réactivation, offre de retour spéciale"
CLT00807,311,5,80194.56,0,À Surveiller,"Relance légère, offre personnalisée, sondage satisfaction"
CLT00808,380,5,45115.916,0,À Surveiller,"Relance légère, offre personnalisée, sondage satisfaction"
CLT00809,283,2,6510.15,0,À Surveiller,"Relance légère, offre personnalisée, sondage satisfaction"
CLT00810,30,4,53488.35,0,À Surveiller,"Relance légère, offre personnalisée, sondage satisfaction"
CLT00811,395,4,101843.24,0,À Surveiller,"Relance légère, offre personnalisée, sondage satisfaction"
CLT00812,436,5,7808.49,3,Perdus,"Campagne de réactivation, offre de retour spéciale"
CLT00813,81,3,30188.1,0,À Surveiller,"Relance légère, offre personnalisée, sondage satisfaction"
CLT00814,143,2,7879.04,0,À Surveiller,"Relance légère, offre personnalisée, sondage satisfaction"
CLT00815,160,13,239323.863,1,Réguliers,"Offres de fidélisation, points bonus, upselling"
CLT00816,196,4,77259.46,0,À Surveiller,"Relance légère, offre personnalisée, sondage satisfaction"
CLT00817,134,5,8113.779,0,À Surveiller,"Relance légère, offre personnalisée, sondage satisfaction"
CLT00818,163,5,24256.64,0,À Surveiller,"Relance légère, offre personnalisée, sondage satisfaction"
CLT00819,185,7,14546.139,2,Champions,"Programme VIP, récompenses exclusives, vente croisée"
CLT00820,68,6,42371.375,2,Champions,"Programme VIP, récompenses exclusives, vente croisée"
CLT00821,89,6,16342.8,2,Champions,"Programme VIP, récompenses exclusives, vente croisée"
CLT00822,191,12,75912.166,2,Champions,"Programme VIP, récompenses exclusives, vente croisée"
CLT00823,52,5,40214.335,0,À Surveiller,"Relance légère, offre personnalisée, sondage satisfaction"
CLT00824,306,1,9319.58,0,À Surveiller,"Relance légère, offre personnalisée, sondage satisfaction"
CLT00825,49,9,33651.876000000004,2,Champions,"Programme VIP, récompenses exclusives, vente croisée"
CLT00826,292,7,75163.399,2,Champions,"Programme VIP, récompenses exclusives, vente croisée"
CLT00827,15,4,28732.185,0,À Surveiller,"Relance légère, offre personnalisée, sondage satisfaction"
CLT00828,138,6,60410.7,2,Champions,"Programme VIP, récompenses exclusives, vente croisée"
CLT00829,92,4,23225.17,0,À Surveiller,"Relance légère, offre personnalisée, sondage satisfaction"
CLT00830,44,9,47621.063,2,Champions,"Programme VIP, récompenses exclusives, vente croisée"
CLT00831,178,2,18867.381,0,À Surveiller,"Relance légère, offre personnalisée, sondage satisfaction"
CLT00832,487,4,32526.012,3,Perdus,"Campagne de réactivation, offre de retour spéciale"
CLT00833,730,4,17240.124,3,Perdus,"Campagne de réactivation, offre de retour spéciale"
CLT00835,204,7,50469.385,2,Champions,"Programme VIP, récompenses exclusives, vente croisée"
CLT00836,177,9,455943.341,1,Réguliers,"Offres de fidélisation, points bonus, upselling"
CLT00837,563,3,102301.237,3,Perdus,"Campagne de réactivation, offre de retour spéciale"
CLT00838,329,7,63583.214,2,Champions,"Programme VIP, récompenses exclusives, vente croisée"
CLT00839,136,3,24888.758,0,À Surveiller,"Relance légère, offre personnalisée, sondage satisfaction"
CLT00840,244,5,10426.71,0,À Surveiller,"Relance légère, offre personnalisée, sondage satisfaction"
CLT00841,310,8,156558.38199999998,1,Réguliers,"Offres de fidélisation, points bonus, upselling"
CLT00842,139,10,58197.412,2,Champions,"Programme VIP, récompenses exclusives, vente croisée"
CLT00843,113,2,11340.0,0,À Surveiller,"Relance légère, offre personnalisée, sondage satisfaction"
CLT00844,104,5,74279.579,0,À Surveiller,"Relance légère, offre personnalisée, sondage satisfaction"
CLT00845,77,5,75956.19,0,À Surveiller,"Relance légère, offre personnalisée, sondage satisfaction"
CLT00846,997,2,8634.92,3,Perdus,"Campagne de réactivation, offre de retour spéciale"
CLT00847,432,2,17379.78,3,Perdus,"Campagne de réactivation, offre de retour spéciale"
CLT00848,98,8,103566.474,2,Champions,"Programme VIP, récompenses exclusives, vente croisée"
CLT00849,1417,1,9403.2,3,Perdus,"Campagne de réactivation, offre de retour spéciale"
CLT00850,368,8,61572.435,2,Champions,"Programme VIP, récompenses exclusives, vente croisée"
CLT00851,9,6,231963.229,1,Réguliers,"Offres de fidélisation, points bonus, upselling"
CLT00852,758,2,4118.4,3,Perdus,"Campagne de réactivation, offre de retour spéciale"
CLT00853,336,4,66825.876,0,À Surveiller,"Relance légère, offre personnalisée, sondage satisfaction"
CLT00854,387,9,58804.87,2,Champions,"Programme VIP, récompenses exclusives, vente croisée"
CLT00855,270,4,80842.08,0,À Surveiller,"Relance légère, offre personnalisée, sondage satisfaction"
CLT00856,26,6,39845.938,2,Champions,"Programme VIP, récompenses exclusives, vente croisée"
CLT00857,54,3,10599.872,0,À Surveiller,"Relance légère, offre personnalisée, sondage satisfaction"
CLT00858,276,7,131230.968,1,Réguliers,"Offres de fidélisation, points bonus, upselling"
CLT00859,275,4,199875.06,1,Réguliers,"Offres de fidélisation, points bonus, upselling"
CLT00860,111,4,24829.815,0,À Surveiller,"Relance légère, offre personnalisée, sondage satisfaction"
CLT00861,24,6,6520.229,2,Champions,"Programme VIP, récompenses exclusives, vente croisée"
CLT00862,8,7,9266.101,2,Champions,"Programme VIP, récompenses exclusives, vente croisée"
CLT00863,52,2,6695.36,0,À Surveiller,"Relance légère, offre personnalisée, sondage satisfaction"
CLT00864,451,3,62669.49,3,Perdus,"Campagne de réactivation, offre de retour spéciale"
CLT00865,313,1,2947.74,0,À Surveiller,"Relance légère, offre personnalisée, sondage satisfaction"
CLT00866,868,6,121778.362,3,Perdus,"Campagne de réactivation, offre de retour spéciale"
CLT00867,135,4,88543.78,0,À Surveiller,"Relance légère, offre personnalisée, sondage satisfaction"
CLT00868,121,6,119496.75,2,Champions,"Programme VIP, récompenses exclusives, vente croisée"
CLT00869,622,2,37170.93,3,Perdus,"Campagne de réactivation, offre de retour spéciale"
CLT00870,163,5,28536.15,0,À Surveiller,"Relance légère, offre personnalisée, sondage satisfaction"
CLT00871,360,3,24326.042,0,À Surveiller,"Relance légère, offre personnalisée, sondage satisfaction"
CLT00872,61,9,31128.753,2,Champions,"Programme VIP, récompenses exclusives, vente croisée"
CLT00873,416,3,19254.376,3,Perdus,"Campagne de réactivation, offre de retour spéciale"
CLT00874,44,5,19571.125,0,À Surveiller,"Relance légère, offre personnalisée, sondage satisfaction"
CLT00875,89,5,51625.386,0,À Surveiller,"Relance légère, offre personnalisée, sondage satisfaction"
CLT00876,113,3,4584.139999999999,0,À Surveiller,"Relance légère, offre personnalisée, sondage satisfaction"
CLT00877,161,7,70739.827,2,Champions,"Programme VIP, récompenses exclusives, vente croisée"
CLT00878,77,7,113690.577,2,Champions,"Programme VIP, récompenses exclusives, vente croisée"
CLT00879,258,5,90538.902,0,À Surveiller,"Relance légère, offre personnalisée, sondage satisfaction"
CLT00880,451,3,25218.69,3,Perdus,"Campagne de réactivation, offre de retour spéciale"
CLT00881,48,2,6890.73,0,À Surveiller,"Relance légère, offre personnalisée, sondage satisfaction"
CLT00882,118,5,53572.98,0,À Surveiller,"Relance légère, offre personnalisée, sondage satisfaction"
CLT00883,136,5,11203.019,0,À Surveiller,"Relance légère, offre personnalisée, sondage satisfaction"
CLT00884,286,4,18619.926,0,À Surveiller,"Relance légère, offre personnalisée, sondage satisfaction"
CLT00885,17,5,77367.465,0,À Surveiller,"Relance légère, offre personnalisée, sondage satisfaction"
CLT00886,296,4,7962.9,0,À Surveiller,"Relance légère, offre personnalisée, sondage satisfaction"
CLT00887,66,3,8312.2,0,À Surveiller,"Relance légère, offre personnalisée, sondage satisfaction"
CLT00888,61,5,8050.590999999999,0,À Surveiller,"Relance légère, offre personnalisée, sondage satisfaction"
CLT00890,24,9,50665.603,2,Champions,"Programme VIP, récompenses exclusives, vente croisée"
CLT00891,347,3,55400.058,0,À Surveiller,"Relance légère, offre personnalisée, sondage satisfaction"
CLT00892,226,9,193646.891,1,Réguliers,"Offres de fidélisation, points bonus, upselling"
CLT00893,236,7,257045.162,1,Réguliers,"Offres de fidélisation, points bonus, upselling"
CLT00894,118,7,111810.586,2,Champions,"Programme VIP, récompenses exclusives, vente croisée"
CLT00895,143,10,45531.128,2,Champions,"Programme VIP, récompenses exclusives, vente croisée"
CLT00896,61,9,297461.655,1,Réguliers,"Offres de fidélisation, points bonus, upselling"
CLT00897,128,9,20857.62,2,Champions,"Programme VIP, récompenses exclusives, vente croisée"
CLT00898,225,6,31332.362,2,Champions,"Programme VIP, récompenses exclusives, vente croisée"
CLT00899,161,3,13476.845,0,À Surveiller,"Relance légère, offre personnalisée, sondage satisfaction"
CLT00900,40,5,139228.682,1,Réguliers,"Offres de fidélisation, points bonus, upselling"
CLT00901,314,4,18600.88,0,À Surveiller,"Relance légère, offre personnalisée, sondage satisfaction"
CLT00902,132,5,31902.504,0,À Surveiller,"Relance légère, offre personnalisée, sondage satisfaction"
CLT00903,130,10,41235.53,2,Champions,"Programme VIP, récompenses exclusives, vente croisée"
CLT00904,534,3,8613.078,3,Perdus,"Campagne de réactivation, offre de retour spéciale"
CLT00905,37,9,25069.873,2,Champions,"Programme VIP, récompenses exclusives, vente croisée"
CLT00906,443,4,11797.5,3,Perdus,"Campagne de réactivation, offre de retour spéciale"
CLT00907,68,4,13689.375,0,À Surveiller,"Relance légère, offre personnalisée, sondage satisfaction"
CLT00908,409,7,100372.527,2,Champions,"Programme VIP, récompenses exclusives, vente croisée"
CLT00909,435,3,17876.432,3,Perdus,"Campagne de réactivation, offre de retour spéciale"
CLT00910,144,8,64167.84,2,Champions,"Programme VIP, récompenses exclusives, vente croisée"
CLT00911,189,3,25607.158,0,À Surveiller,"Relance légère, offre personnalisée, sondage satisfaction"
CLT00912,147,7,32260.958,2,Champions,"Programme VIP, récompenses exclusives, vente croisée"
CLT00913,74,6,98264.382,2,Champions,"Programme VIP, récompenses exclusives, vente croisée"
CLT00914,346,5,31811.801,0,À Surveiller,"Relance légère, offre personnalisée, sondage satisfaction"
CLT00915,163,4,32407.54,0,À Surveiller,"Relance légère, offre personnalisée, sondage satisfaction"
CLT00916,118,8,59405.4,2,Champions,"Programme VIP, récompenses exclusives, vente croisée"
CLT00917,215,6,73788.27,2,Champions,"Programme VIP, récompenses exclusives, vente croisée"
CLT00918,197,4,20222.764,0,À Surveiller,"Relance légère, offre personnalisée, sondage satisfaction"
CLT00919,45,1,6777.84,0,À Surveiller,"Relance légère, offre personnalisée, sondage satisfaction"
CLT00920,135,3,21650.64,0,À Surveiller,"Relance légère, offre personnalisée, sondage satisfaction"
CLT00921,289,1,2825.9,0,À Surveiller,"Relance légère, offre personnalisée, sondage satisfaction"
CLT00922,44,8,41547.744,2,Champions,"Programme VIP, récompenses exclusives, vente croisée"
CLT00923,30,3,75160.756,0,À Surveiller,"Relance légère, offre personnalisée, sondage satisfaction"
CLT00924,296,4,15183.145,0,À Surveiller,"Relance légère, offre personnalisée, sondage satisfaction"
CLT00925,108,5,5374.2300000000005,0,À Surveiller,"Relance légère, offre personnalisée, sondage satisfaction"
CLT00926,272,2,7160.56,0,À Surveiller,"Relance légère, offre personnalisée, sondage satisfaction"
CLT00927,91,6,83186.97,2,Champions,"Programme VIP, récompenses exclusives, vente croisée"
CLT00928,703,4,19171.911,3,Perdus,"Campagne de réactivation, offre de retour spéciale"
CLT00929,186,9,114136.704,2,Champions,"Programme VIP, récompenses exclusives, vente croisée"
CLT00930,76,6,32822.036,2,Champions,"Programme VIP, récompenses exclusives, vente croisée"
CLT00931,255,3,24989.857,0,À Surveiller,"Relance légère, offre personnalisée, sondage satisfaction"
CLT00932,145,5,54564.83,0,À Surveiller,"Relance légère, offre personnalisée, sondage satisfaction"
CLT00933,31,4,23239.54,0,À Surveiller,"Relance légère, offre personnalisée, sondage satisfaction"
CLT00934,90,3,32126.76,0,À Surveiller,"Relance légère, offre personnalisée, sondage satisfaction"
CLT00935,97,4,9059.4,0,À Surveiller,"Relance légère, offre personnalisée, sondage satisfaction"
CLT00936,304,7,43749.82,2,Champions,"Programme VIP, récompenses exclusives, vente croisée"
CLT00937,58,12,82091.75,2,Champions,"Programme VIP, récompenses exclusives, vente croisée"
CLT00938,23,5,4586.103,0,À Surveiller,"Relance légère, offre personnalisée, sondage satisfaction"
CLT00939,326,2,21309.84,0,À Surveiller,"Relance légère, offre personnalisée, sondage satisfaction"
CLT00940,349,4,8928.33,0,À Surveiller,"Relance légère, offre personnalisée, sondage satisfaction"
CLT00941,714,6,177857.305,1,Réguliers,"Offres de fidélisation, points bonus, upselling"
CLT00942,49,6,53268.16,2,Champions,"Programme VIP, récompenses exclusives, vente croisée"
CLT00943,151,9,61209.473,2,Champions,"Programme VIP, récompenses exclusives, vente croisée"
CLT00944,319,4,65777.58,0,À Surveiller,"Relance légère, offre personnalisée, sondage satisfaction"
CLT00945,228,5,10521.664,0,À Surveiller,"Relance légère, offre personnalisée, sondage satisfaction"
CLT00946,288,6,86159.738,2,Champions,"Programme VIP, récompenses exclusives, vente croisée"
CLT00947,444,5,43807.4,3,Perdus,"Campagne de réactivation, offre de retour spéciale"
CLT00948,134,4,44869.825,0,À Surveiller,"Relance légère, offre personnalisée, sondage satisfaction"
CLT00949,65,5,7097.6900000000005,0,À Surveiller,"Relance légère, offre personnalisée, sondage satisfaction"
CLT00950,8,4,13491.816,0,À Surveiller,"Relance légère, offre personnalisée, sondage satisfaction"
CLT00951,56,8,18904.61,2,Champions,"Programme VIP, récompenses exclusives, vente croisée"
CLT00952,2,4,40030.931,0,À Surveiller,"Relance légère, offre personnalisée, sondage satisfaction"
CLT00953,221,7,149771.65600000002,1,Réguliers,"Offres de fidélisation, points bonus, upselling"
CLT00954,409,5,18837.984,3,Perdus,"Campagne de réactivation, offre de retour spéciale"
CLT00955,23,5,37813.967,0,À Surveiller,"Relance légère, offre personnalisée, sondage satisfaction"
CLT00956,11,4,35039.03,0,À Surveiller,"Relance légère, offre personnalisée, sondage satisfaction"
CLT00957,622,5,44041.162,3,Perdus,"Campagne de réactivation, offre de retour spéciale"
CLT00958,338,3,24433.959,0,À Surveiller,"Relance légère, offre personnalisée, sondage satisfaction"
CLT00959,7,6,102512.088,2,Champions,"Programme VIP, récompenses exclusives, vente croisée"
CLT00960,312,5,19349.889,0,À Surveiller,"Relance légère, offre personnalisée, sondage satisfaction"
CLT00961,311,8,37070.15,2,Champions,"Programme VIP, récompenses exclusives, vente croisée"
CLT00962,164,6,21406.5,2,Champions,"Programme VIP, récompenses exclusives, vente croisée"
CLT00963,122,10,41467.91,2,Champions,"Programme VIP, récompenses exclusives, vente croisée"
CLT00964,44,5,25114.05,0,À Surveiller,"Relance légère, offre personnalisée, sondage satisfaction"
CLT00965,179,3,7812.288,0,À Surveiller,"Relance légère, offre personnalisée, sondage satisfaction"
CLT00966,228,5,11691.36,0,À Surveiller,"Relance légère, offre personnalisée, sondage satisfaction"
CLT00967,113,4,40205.314,0,À Surveiller,"Relance légère, offre personnalisée, sondage satisfaction"
CLT00968,578,1,5338.26,3,Perdus,"Campagne de réactivation, offre de retour spéciale"
CLT00969,111,3,6006.044,0,À Surveiller,"Relance légère, offre personnalisée, sondage satisfaction"
CLT00970,397,4,18668.34,3,Perdus,"Campagne de réactivation, offre de retour spéciale"
CLT00971,143,9,48079.588,2,Champions,"Programme VIP, récompenses exclusives, vente croisée"
CLT00972,586,2,10840.5,3,Perdus,"Campagne de réactivation, offre de retour spéciale"
CLT00973,142,7,36473.58,2,Champions,"Programme VIP, récompenses exclusives, vente croisée"
CLT00974,381,4,24818.092,0,À Surveiller,"Relance légère, offre personnalisée, sondage satisfaction"
CLT00975,339,6,23023.75,2,Champions,"Programme VIP, récompenses exclusives, vente croisée"
CLT00976,54,8,35241.061,2,Champions,"Programme VIP, récompenses exclusives, vente croisée"
CLT00977,17,4,42525.66,0,À Surveiller,"Relance légère, offre personnalisée, sondage satisfaction"
CLT00978,459,2,7824.112,3,Perdus,"Campagne de réactivation, offre de retour spéciale"
CLT00979,653,2,48207.859,3,Perdus,"Campagne de réactivation, offre de retour spéciale"
CLT00980,19,5,10012.957,0,À Surveiller,"Relance légère, offre personnalisée, sondage satisfaction"
CLT00981,155,5,30173.212,0,À Surveiller,"Relance légère, offre personnalisée, sondage satisfaction"
CLT00982,133,5,93280.596,0,À Surveiller,"Relance légère, offre personnalisée, sondage satisfaction"
CLT00983,31,10,71965.586,2,Champions,"Programme VIP, récompenses exclusives, vente croisée"
CLT00984,347,1,1044.9,0,À Surveiller,"Relance légère, offre personnalisée, sondage satisfaction"
CLT00985,283,2,7943.88,0,À Surveiller,"Relance légère, offre personnalisée, sondage satisfaction"
CLT00986,13,6,105154.68,2,Champions,"Programme VIP, récompenses exclusives, vente croisée"
CLT00987,390,3,7393.686,3,Perdus,"Campagne de réactivation, offre de retour spéciale"
CLT00988,892,3,41678.4,3,Perdus,"Campagne de réactivation, offre de retour spéciale"
CLT00989,104,10,198444.852,1,Réguliers,"Offres de fidélisation, points bonus, upselling"
CLT00990,18,5,28695.204,0,À Surveiller,"Relance légère, offre personnalisée, sondage satisfaction"
CLT00991,288,1,6662.48,0,À Surveiller,"Relance légère, offre personnalisée, sondage satisfaction"
CLT00992,112,7,23880.272,2,Champions,"Programme VIP, récompenses exclusives, vente croisée"
CLT00993,218,4,9650.92,0,À Surveiller,"Relance légère, offre personnalisée, sondage satisfaction"
CLT00994,27,7,128484.671,1,Réguliers,"Offres de fidélisation, points bonus, upselling"
CLT00995,122,9,40476.02,2,Champions,"Programme VIP, récompenses exclusives, vente croisée"
CLT00996,90,7,65915.914,2,Champions,"Programme VIP, récompenses exclusives, vente croisée"
CLT00997,188,5,8353.030999999999,0,À Surveiller,"Relance légère, offre personnalisée, sondage satisfaction"
CLT00998,21,11,59494.677,2,Champions,"Programme VIP, récompenses exclusives, vente croisée"
CLT00999,9,5,17751.809999999998,0,À Surveiller,"Relance légère, offre personnalisée, sondage satisfaction"
CLT01000,200,5,30479.4,0,À Surveiller,"Relance légère, offre personnalisée, sondage satisfaction"
CLT01001,10,8,91749.177,2,Champions,"Programme VIP, récompenses exclusives, vente croisée"
CLT01002,475,4,11248.897,3,Perdus,"Campagne de réactivation, offre de retour spéciale"
CLT01003,637,6,14475.733,3,Perdus,"Campagne de réactivation, offre de retour spéciale"
CLT01004,42,7,44185.403,2,Champions,"Programme VIP, récompenses exclusives, vente croisée"
CLT01005,160,6,50956.002,2,Champions,"Programme VIP, récompenses exclusives, vente croisée"
CLT01006,118,10,48889.456,2,Champions,"Programme VIP, récompenses exclusives, vente croisée"
CLT01007,505,5,41371.46,3,Perdus,"Campagne de réactivation, offre de retour spéciale"
CLT01008,515,4,43156.88,3,Perdus,"Campagne de réactivation, offre de retour spéciale"
CLT01010,827,2,20024.16,3,Perdus,"Campagne de réactivation, offre de retour spéciale"
CLT01011,156,5,21309.347,0,À Surveiller,"Relance légère, offre personnalisée, sondage satisfaction"
CLT01012,89,2,18316.2,0,À Surveiller,"Relance légère, offre personnalisée, sondage satisfaction"
CLT01013,7,4,130753.85,0,À Surveiller,"Relance légère, offre personnalisée, sondage satisfaction"
CLT01014,444,6,45463.442,3,Perdus,"Campagne de réactivation, offre de retour spéciale"
CLT01015,139,4,26019.0,0,À Surveiller,"Relance légère, offre personnalisée, sondage satisfaction"
CLT01016,91,12,22149.66,2,Champions,"Programme VIP, récompenses exclusives, vente croisée"
CLT01017,179,6,18524.867,2,Champions,"Programme VIP, récompenses exclusives, vente croisée"
CLT01018,168,1,3385.034,0,À Surveiller,"Relance légère, offre personnalisée, sondage satisfaction"
CLT01019,4,3,14881.12,0,À Surveiller,"Relance légère, offre personnalisée, sondage satisfaction"
CLT01020,91,2,10916.5,0,À Surveiller,"Relance légère, offre personnalisée, sondage satisfaction"
CLT01021,852,4,40002.64,3,Perdus,"Campagne de réactivation, offre de retour spéciale"
CLT01022,530,7,42488.6,3,Perdus,"Campagne de réactivation, offre de retour spéciale"
CLT01023,202,6,28424.707,2,Champions,"Programme VIP, récompenses exclusives, vente croisée"
CLT01024,382,6,15527.028,2,Champions,"Programme VIP, récompenses exclusives, vente croisée"
CLT01025,94,3,33281.16,0,À Surveiller,"Relance légère, offre personnalisée, sondage satisfaction"
CLT01026,416,4,36863.4,3,Perdus,"Campagne de réactivation, offre de retour spéciale"
CLT01027,1186,1,16012.031,3,Perdus,"Campagne de réactivation, offre de retour spéciale"
CLT01028,315,6,29633.058,2,Champions,"Programme VIP, récompenses exclusives, vente croisée"
CLT01029,22,4,23836.8,0,À Surveiller,"Relance légère, offre personnalisée, sondage satisfaction"
CLT01030,173,6,32261.736,2,Champions,"Programme VIP, récompenses exclusives, vente croisée"
CLT01031,494,4,11664.71,3,Perdus,"Campagne de réactivation, offre de retour spéciale"
CLT01032,301,2,9103.9,0,À Surveiller,"Relance légère, offre personnalisée, sondage satisfaction"
CLT01033,47,4,38150.072,0,À Surveiller,"Relance légère, offre personnalisée, sondage satisfaction"
CLT01034,144,3,13298.0,0,À Surveiller,"Relance légère, offre personnalisée, sondage satisfaction"
CLT01035,13,4,7913.346,0,À Surveiller,"Relance légère, offre personnalisée, sondage satisfaction"
CLT01036,322,3,26156.33,0,À Surveiller,"Relance légère, offre personnalisée, sondage satisfaction"
CLT01037,398,4,58900.76,0,À Surveiller,"Relance légère, offre personnalisée, sondage satisfaction"
CLT01038,24,6,29552.848,2,Champions,"Programme VIP, récompenses exclusives, vente croisée"
CLT01039,61,7,37558.741,2,Champions,"Programme VIP, récompenses exclusives, vente croisée"
CLT01040,138,4,13595.52,0,À Surveiller,"Relance légère, offre personnalisée, sondage satisfaction"
CLT01041,240,3,25006.067,0,À Surveiller,"Relance légère, offre personnalisée, sondage satisfaction"
CLT01042,778,4,10854.815,3,Perdus,"Campagne de réactivation, offre de retour spéciale"
CLT01043,1020,1,2459.951,3,Perdus,"Campagne de réactivation, offre de retour spéciale"
CLT01044,120,5,5679.0,0,À Surveiller,"Relance légère, offre personnalisée, sondage satisfaction"
CLT01045,184,5,14704.133,0,À Surveiller,"Relance légère, offre personnalisée, sondage satisfaction"
CLT01046,272,5,72126.12,0,À Surveiller,"Relance légère, offre personnalisée, sondage satisfaction"
CLT01047,14,5,67313.152,0,À Surveiller,"Relance légère, offre personnalisée, sondage satisfaction"
CLT01048,83,6,10343.48,2,Champions,"Programme VIP, récompenses exclusives, vente croisée"
CLT01049,283,5,143417.698,1,Réguliers,"Offres de fidélisation, points bonus, upselling"
CLT01050,27,9,45681.734,2,Champions,"Programme VIP, récompenses exclusives, vente croisée"
CLT01051,51,7,60096.973,2,Champions,"Programme VIP, récompenses exclusives, vente croisée"
CLT01052,75,1,9477.72,0,À Surveiller,"Relance légère, offre personnalisée, sondage satisfaction"
CLT01053,221,6,35555.805,2,Champions,"Programme VIP, récompenses exclusives, vente croisée"
CLT01054,72,7,15353.035,2,Champions,"Programme VIP, récompenses exclusives, vente croisée"
CLT01055,14,8,42064.425,2,Champions,"Programme VIP, récompenses exclusives, vente croisée"
CLT01056,35,4,15170.736,0,À Surveiller,"Relance légère, offre personnalisée, sondage satisfaction"
CLT01058,309,6,27544.857,2,Champions,"Programme VIP, récompenses exclusives, vente croisée"
CLT01059,351,8,130620.842,1,Réguliers,"Offres de fidélisation, points bonus, upselling"
CLT01060,65,6,49337.28,2,Champions,"Programme VIP, récompenses exclusives, vente croisée"
CLT01061,356,8,11566.855,2,Champions,"Programme VIP, récompenses exclusives, vente croisée"
CLT01062,258,3,35651.329,0,À Surveiller,"Relance légère, offre personnalisée, sondage satisfaction"
CLT01063,14,6,29489.52,2,Champions,"Programme VIP, récompenses exclusives, vente croisée"
CLT01064,78,7,23708.198,2,Champions,"Programme VIP, récompenses exclusives, vente croisée"
CLT01065,79,3,12771.533,0,À Surveiller,"Relance légère, offre personnalisée, sondage satisfaction"
CLT01066,280,10,406214.416,1,Réguliers,"Offres de fidélisation, points bonus, upselling"
CLT01067,258,8,77266.92,2,Champions,"Programme VIP, récompenses exclusives, vente croisée"
CLT01068,492,2,70479.45000000001,3,Perdus,"Campagne de réactivation, offre de retour spéciale"
CLT01069,67,13,59702.293,2,Champions,"Programme VIP, récompenses exclusives, vente croisée"
CLT01070,11,10,91694.3,2,Champions,"Programme VIP, récompenses exclusives, vente croisée"
CLT01071,61,6,227655.35,1,Réguliers,"Offres de fidélisation, points bonus, upselling"
CLT01072,109,6,218956.859,1,Réguliers,"Offres de fidélisation, points bonus, upselling"
CLT01073,114,5,6282.96,0,À Surveiller,"Relance légère, offre personnalisée, sondage satisfaction"
CLT01074,50,8,17684.308,2,Champions,"Programme VIP, récompenses exclusives, vente croisée"
CLT01075,107,8,7924.349,2,Champions,"Programme VIP, récompenses exclusives, vente croisée"
CLT01076,109,5,37664.61,0,À Surveiller,"Relance légère, offre personnalisée, sondage satisfaction"
CLT01077,474,3,30792.086,3,Perdus,"Campagne de réactivation, offre de retour spéciale"
CLT01078,19,3,4213.0,0,À Surveiller,"Relance légère, offre personnalisée, sondage satisfaction"
CLT01079,1,4,9227.018,0,À Surveiller,"Relance légère, offre personnalisée, sondage satisfaction"
CLT01080,492,3,17260.5,3,Perdus,"Campagne de réactivation, offre de retour spéciale"
CLT01081,74,6,12473.232,2,Champions,"Programme VIP, récompenses exclusives, vente croisée"
CLT01082,368,6,73610.682,2,Champions,"Programme VIP, récompenses exclusives, vente croisée"
CLT01083,719,3,11400.357,3,Perdus,"Campagne de réactivation, offre de retour spéciale"
CLT01084,107,2,10398.72,0,À Surveiller,"Relance légère, offre personnalisée, sondage satisfaction"
CLT01085,452,1,1864.16,3,Perdus,"Campagne de réactivation, offre de retour spéciale"
CLT01086,346,7,18934.428,2,Champions,"Programme VIP, récompenses exclusives, vente croisée"
CLT01087,12,3,14712.369,0,À Surveiller,"Relance légère, offre personnalisée, sondage satisfaction"
CLT01088,34,3,11159.34,0,À Surveiller,"Relance légère, offre personnalisée, sondage satisfaction"
CLT01089,192,6,80395.0,2,Champions,"Programme VIP, récompenses exclusives, vente croisée"
CLT01090,508,2,14642.16,3,Perdus,"Campagne de réactivation, offre de retour spéciale"
CLT01091,70,3,29212.9,0,À Surveiller,"Relance légère, offre personnalisée, sondage satisfaction"
CLT01092,222,4,23892.52,0,À Surveiller,"Relance légère, offre personnalisée, sondage satisfaction"
CLT01093,166,5,10452.729,0,À Surveiller,"Relance légère, offre personnalisée, sondage satisfaction"
CLT01094,181,4,10913.28,0,À Surveiller,"Relance légère, offre personnalisée, sondage satisfaction"
CLT01095,98,8,44655.12,2,Champions,"Programme VIP, récompenses exclusives, vente croisée"
CLT01096,746,2,18597.12,3,Perdus,"Campagne de réactivation, offre de retour spéciale"
CLT01097,353,4,86823.984,0,À Surveiller,"Relance légère, offre personnalisée, sondage satisfaction"
CLT01098,1,5,6875.55,0,À Surveiller,"Relance légère, offre personnalisée, sondage satisfaction"
CLT01099,120,9,13906.357,2,Champions,"Programme VIP, récompenses exclusives, vente croisée"
CLT01100,41,7,41205.602,2,Champions,"Programme VIP, récompenses exclusives, vente croisée"
CLT01101,94,8,92125.271,2,Champions,"Programme VIP, récompenses exclusives, vente croisée"
CLT01102,218,8,43961.193,2,Champions,"Programme VIP, récompenses exclusives, vente croisée"
CLT01103,115,5,46292.3,0,À Surveiller,"Relance légère, offre personnalisée, sondage satisfaction"
CLT01104,13,5,36331.56,0,À Surveiller,"Relance légère, offre personnalisée, sondage satisfaction"
CLT01105,417,4,32723.28,3,Perdus,"Campagne de réactivation, offre de retour spéciale"
CLT01106,323,8,32342.458,2,Champions,"Programme VIP, récompenses exclusives, vente croisée"
CLT01107,649,2,2499.556,3,Perdus,"Campagne de réactivation, offre de retour spéciale"
CLT01108,157,2,12903.84,0,À Surveiller,"Relance légère, offre personnalisée, sondage satisfaction"
CLT01109,108,5,4890.628,0,À Surveiller,"Relance légère, offre personnalisée, sondage satisfaction"
CLT01110,170,6,106679.346,2,Champions,"Programme VIP, récompenses exclusives, vente croisée"
CLT01111,213,4,51394.68,0,À Surveiller,"Relance légère, offre personnalisée, sondage satisfaction"
CLT01112,267,2,20711.04,0,À Surveiller,"Relance légère, offre personnalisée, sondage satisfaction"
CLT01114,177,5,46883.654,0,À Surveiller,"Relance légère, offre personnalisée, sondage satisfaction"
CLT01115,948,3,20576.57,3,Perdus,"Campagne de réactivation, offre de retour spéciale"
CLT01116,133,6,30171.649,2,Champions,"Programme VIP, récompenses exclusives, vente croisée"
CLT01117,168,5,93185.568,0,À Surveiller,"Relance légère, offre personnalisée, sondage satisfaction"
CLT01118,102,7,12983.129,2,Champions,"Programme VIP, récompenses exclusives, vente croisée"
CLT01119,313,6,29261.104,2,Champions,"Programme VIP, récompenses exclusives, vente croisée"
CLT01120,531,5,20431.039,3,Perdus,"Campagne de réactivation, offre de retour spéciale"
CLT01121,556,1,1560.615,3,Perdus,"Campagne de réactivation, offre de retour spéciale"
CLT01122,45,10,91618.204,2,Champions,"Programme VIP, récompenses exclusives, vente croisée"
CLT01123,135,8,14317.475,2,Champions,"Programme VIP, récompenses exclusives, vente croisée"
CLT01124,186,3,12473.581,0,À Surveiller,"Relance légère, offre personnalisée, sondage satisfaction"
CLT01125,18,6,134330.28,1,Réguliers,"Offres de fidélisation, points bonus, upselling"
CLT01126,57,4,22200.19,0,À Surveiller,"Relance légère, offre personnalisée, sondage satisfaction"
CLT01127,1033,3,44963.1,3,Perdus,"Campagne de réactivation, offre de retour spéciale"
CLT01128,880,3,25929.899,3,Perdus,"Campagne de réactivation, offre de retour spéciale"
CLT01129,122,6,40161.802,2,Champions,"Programme VIP, récompenses exclusives, vente croisée"
CLT01130,23,4,22568.481,0,À Surveiller,"Relance légère, offre personnalisée, sondage satisfaction"
CLT01131,74,4,60066.48,0,À Surveiller,"Relance légère, offre personnalisée, sondage satisfaction"
CLT01132,3,4,12881.845,0,À Surveiller,"Relance légère, offre personnalisée, sondage satisfaction"
CLT01133,132,10,88103.619,2,Champions,"Programme VIP, récompenses exclusives, vente croisée"
CLT01134,489,4,19681.605,3,Perdus,"Campagne de réactivation, offre de retour spéciale"
CLT01135,170,4,169376.4,1,Réguliers,"Offres de fidélisation, points bonus, upselling"
CLT01136,140,1,12510.54,0,À Surveiller,"Relance légère, offre personnalisée, sondage satisfaction"
CLT01137,145,8,41331.51,2,Champions,"Programme VIP, récompenses exclusives, vente croisée"
CLT01139,309,5,18852.718,0,À Surveiller,"Relance légère, offre personnalisée, sondage satisfaction"
CLT01140,49,6,41805.421,2,Champions,"Programme VIP, récompenses exclusives, vente croisée"
CLT01141,4,9,131808.446,1,Réguliers,"Offres de fidélisation, points bonus, upselling"
CLT01142,561,4,9859.351,3,Perdus,"Campagne de réactivation, offre de retour spéciale"
CLT01143,27,9,26399.557,2,Champions,"Programme VIP, récompenses exclusives, vente croisée"
CLT01144,98,7,28541.576,2,Champions,"Programme VIP, récompenses exclusives, vente croisée"
CLT01145,25,6,123975.757,2,Champions,"Programme VIP, récompenses exclusives, vente croisée"
CLT01146,201,1,4049.92,0,À Surveiller,"Relance légère, offre personnalisée, sondage satisfaction"
CLT01147,328,8,226411.395,1,Réguliers,"Offres de fidélisation, points bonus, upselling"
CLT01148,1005,5,19727.134,3,Perdus,"Campagne de réactivation, offre de retour spéciale"
CLT01149,180,6,18242.791,2,Champions,"Programme VIP, récompenses exclusives, vente croisée"
CLT01150,81,6,229405.222,1,Réguliers,"Offres de fidélisation, points bonus, upselling"
CLT01151,77,4,21193.02,0,À Surveiller,"Relance légère, offre personnalisée, sondage satisfaction"
CLT01152,389,1,1469.08,3,Perdus,"Campagne de réactivation, offre de retour spéciale"
CLT01153,31,2,33031.272,0,À Surveiller,"Relance légère, offre personnalisée, sondage satisfaction"
CLT01154,691,4,9774.187,3,Perdus,"Campagne de réactivation, offre de retour spéciale"
CLT01156,95,2,22065.120000000003,0,À Surveiller,"Relance légère, offre personnalisée, sondage satisfaction"
CLT01157,53,6,16884.87,2,Champions,"Programme VIP, récompenses exclusives, vente croisée"
CLT01158,828,2,28768.74,3,Perdus,"Campagne de réactivation, offre de retour spéciale"
CLT01159,343,3,102503.4,0,À Surveiller,"Relance légère, offre personnalisée, sondage satisfaction"
CLT01160,235,6,11218.33,2,Champions,"Programme VIP, récompenses exclusives, vente croisée"
CLT01161,140,5,48202.16,0,À Surveiller,"Relance légère, offre personnalisée, sondage satisfaction"
CLT01162,501,8,79815.292,2,Champions,"Programme VIP, récompenses exclusives, vente croisée"
CLT01163,73,4,50279.25,0,À Surveiller,"Relance légère, offre personnalisée, sondage satisfaction"
CLT01164,490,3,26538.870000000003,3,Perdus,"Campagne de réactivation, offre de retour spéciale"
CLT01165,337,5,112197.251,2,Champions,"Programme VIP, récompenses exclusives, vente croisée"
CLT01166,14,10,49318.942,2,Champions,"Programme VIP, récompenses exclusives, vente croisée"
CLT01167,145,8,166043.606,1,Réguliers,"Offres de fidélisation, points bonus, upselling"
CLT01168,66,2,46475.42,0,À Surveiller,"Relance légère, offre personnalisée, sondage satisfaction"
CLT01169,228,5,89371.08,0,À Surveiller,"Relance légère, offre personnalisée, sondage satisfaction"
CLT01170,32,3,3537.79,0,À Surveiller,"Relance légère, offre personnalisée, sondage satisfaction"
CLT01171,251,3,121023.188,0,À Surveiller,"Relance légère, offre personnalisée, sondage satisfaction"
CLT01172,312,5,20581.08,0,À Surveiller,"Relance légère, offre personnalisée, sondage satisfaction"
CLT01173,6,3,62084.487,0,À Surveiller,"Relance légère, offre personnalisée, sondage satisfaction"
CLT01174,298,5,64182.136,0,À Surveiller,"Relance légère, offre personnalisée, sondage satisfaction"
CLT01175,1156,1,28977.51,3,Perdus,"Campagne de réactivation, offre de retour spéciale"
CLT01176,512,2,11927.34,3,Perdus,"Campagne de réactivation, offre de retour spéciale"
CLT01177,205,4,31503.383,0,À Surveiller,"Relance légère, offre personnalisée, sondage satisfaction"
CLT01178,133,2,10162.93,0,À Surveiller,"Relance légère, offre personnalisée, sondage satisfaction"
CLT01179,149,3,58123.8,0,À Surveiller,"Relance légère, offre personnalisée, sondage satisfaction"
CLT01180,30,7,80326.201,2,Champions,"Programme VIP, récompenses exclusives, vente croisée"
CLT01181,121,7,155307.101,1,Réguliers,"Offres de fidélisation, points bonus, upselling"
CLT01182,97,7,40790.582,2,Champions,"Programme VIP, récompenses exclusives, vente croisée"
CLT01183,350,8,153941.63,1,Réguliers,"Offres de fidélisation, points bonus, upselling"
CLT01184,231,6,38716.128,2,Champions,"Programme VIP, récompenses exclusives, vente croisée"
CLT01185,275,4,77980.5,0,À Surveiller,"Relance légère, offre personnalisée, sondage satisfaction"
CLT01186,1357,2,44293.48,3,Perdus,"Campagne de réactivation, offre de retour spéciale"
CLT01187,652,3,4836.152,3,Perdus,"Campagne de réactivation, offre de retour spéciale"
CLT01188,186,4,84868.69,0,À Surveiller,"Relance légère, offre personnalisée, sondage satisfaction"
CLT01189,184,3,17222.52,0,À Surveiller,"Relance légère, offre personnalisée, sondage satisfaction"
CLT01190,552,8,27627.14,2,Champions,"Programme VIP, récompenses exclusives, vente croisée"
CLT01191,87,5,14752.16,0,À Surveiller,"Relance légère, offre personnalisée, sondage satisfaction"
CLT01192,62,2,9752.62,0,À Surveiller,"Relance légère, offre personnalisée, sondage satisfaction"
CLT01193,96,2,4396.04,0,À Surveiller,"Relance légère, offre personnalisée, sondage satisfaction"
CLT01194,22,4,10815.14,0,À Surveiller,"Relance légère, offre personnalisée, sondage satisfaction"
CLT01195,380,6,70915.81,2,Champions,"Programme VIP, récompenses exclusives, vente croisée"
CLT01196,275,1,9748.65,0,À Surveiller,"Relance légère, offre personnalisée, sondage satisfaction"
CLT01197,37,12,211373.417,1,Réguliers,"Offres de fidélisation, points bonus, upselling"
CLT01198,321,7,80127.966,2,Champions,"Programme VIP, récompenses exclusives, vente croisée"
CLT01199,147,9,347309.248,1,Réguliers,"Offres de fidélisation, points bonus, upselling"
CLT01200,508,9,226883.011,1,Réguliers,"Offres de fidélisation, points bonus, upselling"
CLT01201,123,4,78160.95,0,À Surveiller,"Relance légère, offre personnalisée, sondage satisfaction"
CLT01202,311,5,8993.173999999999,0,À Surveiller,"Relance légère, offre personnalisée, sondage satisfaction"
CLT01203,74,5,99658.299,2,Champions,"Programme VIP, récompenses exclusives, vente croisée"
CLT01204,30,10,126610.101,2,Champions,"Programme VIP, récompenses exclusives, vente croisée"
CLT01205,190,5,23349.789,0,À Surveiller,"Relance légère, offre personnalisée, sondage satisfaction"
CLT01206,247,3,25889.64,0,À Surveiller,"Relance légère, offre personnalisée, sondage satisfaction"
CLT01207,207,3,4066.425,0,À Surveiller,"Relance légère, offre personnalisée, sondage satisfaction"
CLT01208,79,8,15025.466,2,Champions,"Programme VIP, récompenses exclusives, vente croisée"
CLT01209,111,7,52176.734,2,Champions,"Programme VIP, récompenses exclusives, vente croisée"
CLT01210,17,6,30945.622,2,Champions,"Programme VIP, récompenses exclusives, vente croisée"
CLT01211,139,7,85247.315,2,Champions,"Programme VIP, récompenses exclusives, vente croisée"
CLT01212,333,7,64272.772,2,Champions,"Programme VIP, récompenses exclusives, vente croisée"
CLT01213,594,7,152530.83,1,Réguliers,"Offres de fidélisation, points bonus, upselling"
CLT01214,420,7,50112.046,2,Champions,"Programme VIP, récompenses exclusives, vente croisée"
CLT01215,956,4,94193.372,3,Perdus,"Campagne de réactivation, offre de retour spéciale"
CLT01216,11,7,41907.48,2,Champions,"Programme VIP, récompenses exclusives, vente croisée"
CLT01217,17,3,14578.56,0,À Surveiller,"Relance légère, offre personnalisée, sondage satisfaction"
CLT01218,81,5,53486.222,0,À Surveiller,"Relance légère, offre personnalisée, sondage satisfaction"
CLT01219,30,5,5179.091,0,À Surveiller,"Relance légère, offre personnalisée, sondage satisfaction"
CLT01220,240,9,51596.835,2,Champions,"Programme VIP, récompenses exclusives, vente croisée"
CLT01221,242,5,18138.33,0,À Surveiller,"Relance légère, offre personnalisée, sondage satisfaction"
CLT01222,27,6,23837.855,2,Champions,"Programme VIP, récompenses exclusives, vente croisée"
CLT01223,617,1,7802.83,3,Perdus,"Campagne de réactivation, offre de retour spéciale"
CLT01224,399,4,39703.365000000005,3,Perdus,"Campagne de réactivation, offre de retour spéciale"
CLT01225,44,9,21528.545,2,Champions,"Programme VIP, récompenses exclusives, vente croisée"
CLT01226,157,6,27555.86,2,Champions,"Programme VIP, récompenses exclusives, vente croisée"
CLT01227,543,6,64556.691000000006,3,Perdus,"Campagne de réactivation, offre de retour spéciale"
CLT01228,82,6,20567.96,2,Champions,"Programme VIP, récompenses exclusives, vente croisée"
CLT01229,21,8,38317.684,2,Champions,"Programme VIP, récompenses exclusives, vente croisée"
CLT01230,222,14,85642.506,2,Champions,"Programme VIP, récompenses exclusives, vente croisée"
CLT01231,390,6,65205.63,2,Champions,"Programme VIP, récompenses exclusives, vente croisée"
CLT01232,286,4,68275.525,0,À Surveiller,"Relance légère, offre personnalisée, sondage satisfaction"
CLT01233,33,4,56885.76,0,À Surveiller,"Relance légère, offre personnalisée, sondage satisfaction"
CLT01234,991,4,50045.683,3,Perdus,"Campagne de réactivation, offre de retour spéciale"
CLT01235,20,4,143062.08000000002,1,Réguliers,"Offres de fidélisation, points bonus, upselling"
CLT01237,280,8,61957.5,2,Champions,"Programme VIP, récompenses exclusives, vente croisée"
CLT01238,18,9,25516.124,2,Champions,"Programme VIP, récompenses exclusives, vente croisée"
CLT01239,62,5,214226.88,1,Réguliers,"Offres de fidélisation, points bonus, upselling"
CLT01240,445,2,18972.75,3,Perdus,"Campagne de réactivation, offre de retour spéciale"
CLT01241,88,7,23747.475,2,Champions,"Programme VIP, récompenses exclusives, vente croisée"
CLT01242,153,3,119233.92,0,À Surveiller,"Relance légère, offre personnalisée, sondage satisfaction"
CLT01243,13,7,26424.72,2,Champions,"Programme VIP, récompenses exclusives, vente croisée"
CLT01244,16,5,79006.26,0,À Surveiller,"Relance légère, offre personnalisée, sondage satisfaction"
CLT01245,197,10,40240.736,2,Champions,"Programme VIP, récompenses exclusives, vente croisée"
CLT01246,296,6,189551.52,1,Réguliers,"Offres de fidélisation, points bonus, upselling"
CLT01247,142,7,86332.437,2,Champions,"Programme VIP, récompenses exclusives, vente croisée"
CLT01248,470,5,19919.52,3,Perdus,"Campagne de réactivation, offre de retour spéciale"
CLT01249,121,5,42130.2,0,À Surveiller,"Relance légère, offre personnalisée, sondage satisfaction"
CLT01250,242,5,55190.52,0,À Surveiller,"Relance légère, offre personnalisée, sondage satisfaction"
CLT01251,24,9,41878.835,2,Champions,"Programme VIP, récompenses exclusives, vente croisée"
CLT01252,80,7,144090.412,1,Réguliers,"Offres de fidélisation, points bonus, upselling"
CLT01253,75,7,34773.915,2,Champions,"Programme VIP, récompenses exclusives, vente croisée"
CLT01254,206,3,10900.892,0,À Surveiller,"Relance légère, offre personnalisée, sondage satisfaction"
CLT01255,61,5,27676.21,0,À Surveiller,"Relance légère, offre personnalisée, sondage satisfaction"
CLT01256,86,5,192824.87,1,Réguliers,"Offres de fidélisation, points bonus, upselling"
CLT01257,419,5,45082.94,3,Perdus,"Campagne de réactivation, offre de retour spéciale"
CLT01258,125,8,8401.226,2,Champions,"Programme VIP, récompenses exclusives, vente croisée"
CLT01259,286,3,26980.752,0,À Surveiller,"Relance légère, offre personnalisée, sondage satisfaction"
CLT01260,318,5,15300.06,0,À Surveiller,"Relance légère, offre personnalisée, sondage satisfaction"
CLT01261,119,10,85871.463,2,Champions,"Programme VIP, récompenses exclusives, vente croisée"
CLT01262,162,1,4056.243,0,À Surveiller,"Relance légère, offre personnalisée, sondage satisfaction"
CLT01263,171,1,4512.6,0,À Surveiller,"Relance légère, offre personnalisée, sondage satisfaction"
CLT01264,65,3,27600.76,0,À Surveiller,"Relance légère, offre personnalisée, sondage satisfaction"
CLT01265,404,4,21284.492,3,Perdus,"Campagne de réactivation, offre de retour spéciale"
CLT01266,125,8,57630.905,2,Champions,"Programme VIP, récompenses exclusives, vente croisée"
CLT01267,75,8,10294.937,2,Champions,"Programme VIP, récompenses exclusives, vente croisée"
CLT01268,463,2,3840.54,3,Perdus,"Campagne de réactivation, offre de retour spéciale"
CLT01269,1081,1,991.456,3,Perdus,"Campagne de réactivation, offre de retour spéciale"
CLT01270,490,2,10418.2,3,Perdus,"Campagne de réactivation, offre de retour spéciale"
CLT01271,253,8,8157.743,2,Champions,"Programme VIP, récompenses exclusives, vente croisée"
CLT01272,375,5,45024.0,0,À Surveiller,"Relance légère, offre personnalisée, sondage satisfaction"
CLT01273,169,5,57417.252,0,À Surveiller,"Relance légère, offre personnalisée, sondage satisfaction"
CLT01274,123,4,8711.806,0,À Surveiller,"Relance légère, offre personnalisée, sondage satisfaction"
CLT01275,99,4,16525.297,0,À Surveiller,"Relance légère, offre personnalisée, sondage satisfaction"
CLT01276,117,4,140065.75,1,Réguliers,"Offres de fidélisation, points bonus, upselling"
CLT01277,557,6,12818.172,3,Perdus,"Campagne de réactivation, offre de retour spéciale"
CLT01278,270,12,14595.381,2,Champions,"Programme VIP, récompenses exclusives, vente croisée"
CLT01279,107,3,7726.5,0,À Surveiller,"Relance légère, offre personnalisée, sondage satisfaction"
CLT01280,400,5,62992.124,0,À Surveiller,"Relance légère, offre personnalisée, sondage satisfaction"
CLT01281,576,7,16377.57,3,Perdus,"Campagne de réactivation, offre de retour spéciale"
CLT01282,289,7,26567.54,2,Champions,"Programme VIP, récompenses exclusives, vente croisée"
CLT01283,38,7,183825.164,1,Réguliers,"Offres de fidélisation, points bonus, upselling"
CLT01284,422,3,14897.68,3,Perdus,"Campagne de réactivation, offre de retour spéciale"
CLT01285,28,3,28746.9,0,À Surveiller,"Relance légère, offre personnalisée, sondage satisfaction"
CLT01286,198,4,22600.36,0,À Surveiller,"Relance légère, offre personnalisée, sondage satisfaction"
CLT01287,834,4,16454.7,3,Perdus,"Campagne de réactivation, offre de retour spéciale"
CLT01288,83,4,46833.147,0,À Surveiller,"Relance légère, offre personnalisée, sondage satisfaction"
CLT01289,404,4,7028.304,3,Perdus,"Campagne de réactivation, offre de retour spéciale"
CLT01290,222,10,29526.3,2,Champions,"Programme VIP, récompenses exclusives, vente croisée"
CLT01291,263,6,29837.379,2,Champions,"Programme VIP, récompenses exclusives, vente croisée"
CLT01292,2,9,241087.034,1,Réguliers,"Offres de fidélisation, points bonus, upselling"
CLT01293,411,4,7420.88,3,Perdus,"Campagne de réactivation, offre de retour spéciale"
CLT01294,49,8,60823.537,2,Champions,"Programme VIP, récompenses exclusives, vente croisée"
CLT01295,402,7,38119.06,2,Champions,"Programme VIP, récompenses exclusives, vente croisée"
CLT01296,206,2,4915.71,0,À Surveiller,"Relance légère, offre personnalisée, sondage satisfaction"
CLT01297,52,4,32038.459,0,À Surveiller,"Relance légère, offre personnalisée, sondage satisfaction"
CLT01298,510,3,16789.5,3,Perdus,"Campagne de réactivation, offre de retour spéciale"
CLT01299,52,6,39826.08,2,Champions,"Programme VIP, récompenses exclusives, vente croisée"
CLT01300,561,6,234510.266,1,Réguliers,"Offres de fidélisation, points bonus, upselling"
CLT01301,778,2,29415.196,3,Perdus,"Campagne de réactivation, offre de retour spéciale"
CLT01302,274,4,36210.667,0,À Surveiller,"Relance légère, offre personnalisée, sondage satisfaction"
CLT01303,642,8,233044.5,1,Réguliers,"Offres de fidélisation, points bonus, upselling"
CLT01304,264,6,47318.122,2,Champions,"Programme VIP, récompenses exclusives, vente croisée"
CLT01305,15,5,14080.729,0,À Surveiller,"Relance légère, offre personnalisée, sondage satisfaction"
CLT01306,1280,2,22563.45,3,Perdus,"Campagne de réactivation, offre de retour spéciale"
CLT01307,20,2,91391.9,0,À Surveiller,"Relance légère, offre personnalisée, sondage satisfaction"
CLT01308,182,4,83129.08499999999,0,À Surveiller,"Relance légère, offre personnalisée, sondage satisfaction"
CLT01309,342,5,5904.853,0,À Surveiller,"Relance légère, offre personnalisée, sondage satisfaction"
CLT01310,89,6,119854.035,2,Champions,"Programme VIP, récompenses exclusives, vente croisée"
CLT01311,311,3,30707.644,0,À Surveiller,"Relance légère, offre personnalisée, sondage satisfaction"
CLT01312,36,3,12267.902,0,À Surveiller,"Relance légère, offre personnalisée, sondage satisfaction"
CLT01313,285,4,24007.572,0,À Surveiller,"Relance légère, offre personnalisée, sondage satisfaction"
CLT01314,72,4,5153.142,0,À Surveiller,"Relance légère, offre personnalisée, sondage satisfaction"
CLT01315,3,3,7406.339,0,À Surveiller,"Relance légère, offre personnalisée, sondage satisfaction"
CLT01316,42,2,9091.98,0,À Surveiller,"Relance légère, offre personnalisée, sondage satisfaction"
CLT01317,48,6,99664.425,2,Champions,"Programme VIP, récompenses exclusives, vente croisée"
CLT01318,92,5,40751.34,0,À Surveiller,"Relance légère, offre personnalisée, sondage satisfaction"
CLT01319,138,7,38598.36,2,Champions,"Programme VIP, récompenses exclusives, vente croisée"
CLT01320,36,1,15791.37,0,À Surveiller,"Relance légère, offre personnalisée, sondage satisfaction"
CLT01321,68,8,12785.07,2,Champions,"Programme VIP, récompenses exclusives, vente croisée"
CLT01322,609,4,28060.086,3,Perdus,"Campagne de réactivation, offre de retour spéciale"
CLT01323,50,3,3224.192,0,À Surveiller,"Relance légère, offre personnalisée, sondage satisfaction"
CLT01324,1112,1,5162.0,3,Perdus,"Campagne de réactivation, offre de retour spéciale"
CLT01325,908,1,1620.32,3,Perdus,"Campagne de réactivation, offre de retour spéciale"
CLT01326,88,6,8026.573,2,Champions,"Programme VIP, récompenses exclusives, vente croisée"
CLT01327,564,2,27840.121,3,Perdus,"Campagne de réactivation, offre de retour spéciale"
CLT01328,496,3,15525.25,3,Perdus,"Campagne de réactivation, offre de retour spéciale"
CLT01329,177,7,75546.9,2,Champions,"Programme VIP, récompenses exclusives, vente croisée"
CLT01330,496,4,18524.14,3,Perdus,"Campagne de réactivation, offre de retour spéciale"
CLT01331,471,2,39586.98,3,Perdus,"Campagne de réactivation, offre de retour spéciale"
CLT01332,180,7,33215.889,2,Champions,"Programme VIP, récompenses exclusives, vente croisée"
CLT01333,120,11,467551.375,1,Réguliers,"Offres de fidélisation, points bonus, upselling"
CLT01334,159,5,116400.536,2,Champions,"Programme VIP, récompenses exclusives, vente croisée"
CLT01335,39,5,47935.584,0,À Surveiller,"Relance légère, offre personnalisée, sondage satisfaction"
CLT01336,383,7,9549.322,2,Champions,"Programme VIP, récompenses exclusives, vente croisée"
CLT01337,143,7,47223.6,2,Champions,"Programme VIP, récompenses exclusives, vente croisée"
CLT01338,853,6,19053.814,3,Perdus,"Campagne de réactivation, offre de retour spéciale"
CLT01339,45,7,40948.176,2,Champions,"Programme VIP, récompenses exclusives, vente croisée"
CLT01340,301,6,48289.985,2,Champions,"Programme VIP, récompenses exclusives, vente croisée"
CLT01341,218,2,64161.58,0,À Surveiller,"Relance légère, offre personnalisée, sondage satisfaction"
CLT01342,413,7,37063.92,2,Champions,"Programme VIP, récompenses exclusives, vente croisée"
CLT01343,318,2,31808.0,0,À Surveiller,"Relance légère, offre personnalisée, sondage satisfaction"
CLT01344,13,11,71315.029,2,Champions,"Programme VIP, récompenses exclusives, vente croisée"
CLT01345,29,5,46987.712,0,À Surveiller,"Relance légère, offre personnalisée, sondage satisfaction"
CLT01346,31,7,46539.35,2,Champions,"Programme VIP, récompenses exclusives, vente croisée"
CLT01347,33,6,50665.56,2,Champions,"Programme VIP, récompenses exclusives, vente croisée"
CLT01348,367,2,18787.2,0,À Surveiller,"Relance légère, offre personnalisée, sondage satisfaction"
CLT01349,230,11,58685.592,2,Champions,"Programme VIP, récompenses exclusives, vente croisée"
CLT01350,42,7,24373.865,2,Champions,"Programme VIP, récompenses exclusives, vente croisée"
CLT01351,85,2,24536.69,0,À Surveiller,"Relance légère, offre personnalisée, sondage satisfaction"
CLT01352,204,6,32782.47,2,Champions,"Programme VIP, récompenses exclusives, vente croisée"
CLT01353,171,4,33908.99,0,À Surveiller,"Relance légère, offre personnalisée, sondage satisfaction"
CLT01354,2,4,19535.953,0,À Surveiller,"Relance légère, offre personnalisée, sondage satisfaction"
CLT01355,74,6,25711.288,2,Champions,"Programme VIP, récompenses exclusives, vente croisée"
CLT01356,39,7,130512.214,1,Réguliers,"Offres de fidélisation, points bonus, upselling"
CLT01357,233,11,127574.155,1,Réguliers,"Offres de fidélisation, points bonus, upselling"
CLT01358,86,7,49283.556,2,Champions,"Programme VIP, récompenses exclusives, vente croisée"
CLT01359,86,6,41895.485,2,Champions,"Programme VIP, récompenses exclusives, vente croisée"
CLT01360,161,3,16025.4,0,À Surveiller,"Relance légère, offre personnalisée, sondage satisfaction"
CLT01361,414,8,83092.032,2,Champions,"Programme VIP, récompenses exclusives, vente croisée"
CLT01362,51,4,6208.963,0,À Surveiller,"Relance légère, offre personnalisée, sondage satisfaction"
CLT01363,211,4,78545.628,0,À Surveiller,"Relance légère, offre personnalisée, sondage satisfaction"
CLT01364,605,3,13981.24,3,Perdus,"Campagne de réactivation, offre de retour spéciale"
CLT01365,76,7,7217.873,2,Champions,"Programme VIP, récompenses exclusives, vente croisée"
CLT01366,260,9,37266.119,2,Champions,"Programme VIP, récompenses exclusives, vente croisée"
CLT01367,268,5,46563.065,0,À Surveiller,"Relance légère, offre personnalisée, sondage satisfaction"
CLT01368,635,3,138833.923,3,Perdus,"Campagne de réactivation, offre de retour spéciale"
CLT01369,130,5,66226.79,0,À Surveiller,"Relance légère, offre personnalisée, sondage satisfaction"
CLT01370,96,4,36223.784,0,À Surveiller,"Relance légère, offre personnalisée, sondage satisfaction"
CLT01371,66,5,27977.4,0,À Surveiller,"Relance légère, offre personnalisée, sondage satisfaction"
CLT01372,69,8,299161.109,1,Réguliers,"Offres de fidélisation, points bonus, upselling"
CLT01373,285,3,4305.69,0,À Surveiller,"Relance légère, offre personnalisée, sondage satisfaction"
CLT01374,96,9,39767.803,2,Champions,"Programme VIP, récompenses exclusives, vente croisée"
CLT01375,393,3,33353.28,3,Perdus,"Campagne de réactivation, offre de retour spéciale"
CLT01376,378,3,9135.74,0,À Surveiller,"Relance légère, offre personnalisée, sondage satisfaction"
CLT01377,31,8,39136.958,2,Champions,"Programme VIP, récompenses exclusives, vente croisée"
CLT01378,48,9,112367.279,2,Champions,"Programme VIP, récompenses exclusives, vente croisée"
CLT01379,310,4,25414.357,0,À Surveiller,"Relance légère, offre personnalisée, sondage satisfaction"
CLT01380,141,7,65199.25,2,Champions,"Programme VIP, récompenses exclusives, vente croisée"
CLT01381,387,4,32121.434,0,À Surveiller,"Relance légère, offre personnalisée, sondage satisfaction"
CLT01382,262,4,16235.74,0,À Surveiller,"Relance légère, offre personnalisée, sondage satisfaction"
CLT01383,314,2,18605.862,0,À Surveiller,"Relance légère, offre personnalisée, sondage satisfaction"
CLT01384,36,1,21916.5,0,À Surveiller,"Relance légère, offre personnalisée, sondage satisfaction"
CLT01385,530,2,6296.29,3,Perdus,"Campagne de réactivation, offre de retour spéciale"
CLT01386,34,4,38573.01,0,À Surveiller,"Relance légère, offre personnalisée, sondage satisfaction"
CLT01387,796,3,8069.3,3,Perdus,"Campagne de réactivation, offre de retour spéciale"
CLT01388,42,5,94783.02,2,Champions,"Programme VIP, récompenses exclusives, vente croisée"
CLT01389,123,4,21606.684,0,À Surveiller,"Relance légère, offre personnalisée, sondage satisfaction"
CLT01390,1012,4,43619.808,3,Perdus,"Campagne de réactivation, offre de retour spéciale"
CLT01391,132,5,50669.28,0,À Surveiller,"Relance légère, offre personnalisée, sondage satisfaction"
CLT01392,176,6,93403.2,2,Champions,"Programme VIP, récompenses exclusives, vente croisée"
CLT01393,316,2,15430.704,0,À Surveiller,"Relance légère, offre personnalisée, sondage satisfaction"
CLT01394,117,5,182688.425,1,Réguliers,"Offres de fidélisation, points bonus, upselling"
CLT01395,442,2,7533.812,3,Perdus,"Campagne de réactivation, offre de retour spéciale"
CLT01396,40,8,58858.08,2,Champions,"Programme VIP, récompenses exclusives, vente croisée"
CLT01397,114,7,29889.435,2,Champions,"Programme VIP, récompenses exclusives, vente croisée"
CLT01398,193,4,8463.67,0,À Surveiller,"Relance légère, offre personnalisée, sondage satisfaction"
CLT01399,157,4,20076.01,0,À Surveiller,"Relance légère, offre personnalisée, sondage satisfaction"
CLT01400,337,4,36223.676,0,À Surveiller,"Relance légère, offre personnalisée, sondage satisfaction"
CLT01401,662,2,5006.987999999999,3,Perdus,"Campagne de réactivation, offre de retour spéciale"
CLT01402,226,8,12280.858,2,Champions,"Programme VIP, récompenses exclusives, vente croisée"
CLT01403,232,7,18548.84,2,Champions,"Programme VIP, récompenses exclusives, vente croisée"
CLT01404,191,3,22804.02,0,À Surveiller,"Relance légère, offre personnalisée, sondage satisfaction"
CLT01405,379,5,101287.26,0,À Surveiller,"Relance légère, offre personnalisée, sondage satisfaction"
CLT01406,65,5,126541.604,1,Réguliers,"Offres de fidélisation, points bonus, upselling"
CLT01407,75,3,15684.88,0,À Surveiller,"Relance légère, offre personnalisée, sondage satisfaction"
CLT01408,171,4,47572.786,0,À Surveiller,"Relance légère, offre personnalisée, sondage satisfaction"
CLT01409,269,4,31196.28,0,À Surveiller,"Relance légère, offre personnalisée, sondage satisfaction"
CLT01410,110,7,44752.99,2,Champions,"Programme VIP, récompenses exclusives, vente croisée"
CLT01411,165,9,86620.1,2,Champions,"Programme VIP, récompenses exclusives, vente croisée"
CLT01412,300,9,31167.024,2,Champions,"Programme VIP, récompenses exclusives, vente croisée"
CLT01413,188,6,137811.93,1,Réguliers,"Offres de fidélisation, points bonus, upselling"
CLT01414,538,7,29154.57,3,Perdus,"Campagne de réactivation, offre de retour spéciale"
CLT01415,761,1,3129.0,3,Perdus,"Campagne de réactivation, offre de retour spéciale"
CLT01416,166,7,76085.308,2,Champions,"Programme VIP, récompenses exclusives, vente croisée"
CLT01417,362,3,15493.8,0,À Surveiller,"Relance légère, offre personnalisée, sondage satisfaction"
CLT01418,49,6,11653.349,2,Champions,"Programme VIP, récompenses exclusives, vente croisée"
CLT01419,328,7,15966.635,2,Champions,"Programme VIP, récompenses exclusives, vente croisée"
CLT01420,116,7,313594.04,1,Réguliers,"Offres de fidélisation, points bonus, upselling"
CLT01421,439,7,113331.392,2,Champions,"Programme VIP, récompenses exclusives, vente croisée"
CLT01422,628,3,6651.150000000001,3,Perdus,"Campagne de réactivation, offre de retour spéciale"
CLT01423,65,4,9720.781,0,À Surveiller,"Relance légère, offre personnalisée, sondage satisfaction"
CLT01424,18,5,9143.2,0,À Surveiller,"Relance légère, offre personnalisée, sondage satisfaction"
CLT01425,112,4,17151.75,0,À Surveiller,"Relance légère, offre personnalisée, sondage satisfaction"
CLT01426,21,4,19035.66,0,À Surveiller,"Relance légère, offre personnalisée, sondage satisfaction"
CLT01427,287,2,3379.8540000000003,0,À Surveiller,"Relance légère, offre personnalisée, sondage satisfaction"
CLT01428,20,10,73844.365,2,Champions,"Programme VIP, récompenses exclusives, vente croisée"
CLT01429,139,5,20698.08,0,À Surveiller,"Relance légère, offre personnalisée, sondage satisfaction"
CLT01430,169,5,50930.154,0,À Surveiller,"Relance légère, offre personnalisée, sondage satisfaction"
CLT01431,43,5,40463.61,0,À Surveiller,"Relance légère, offre personnalisée, sondage satisfaction"
CLT01432,308,5,27375.15,0,À Surveiller,"Relance légère, offre personnalisée, sondage satisfaction"
CLT01433,78,8,8584.0,2,Champions,"Programme VIP, récompenses exclusives, vente croisée"
CLT01434,349,3,108749.1,0,À Surveiller,"Relance légère, offre personnalisée, sondage satisfaction"
CLT01435,572,1,2575.8,3,Perdus,"Campagne de réactivation, offre de retour spéciale"
CLT01436,962,1,5068.8,3,Perdus,"Campagne de réactivation, offre de retour spéciale"
CLT01437,246,6,77724.36,2,Champions,"Programme VIP, récompenses exclusives, vente croisée"
CLT01438,11,7,9871.241,2,Champions,"Programme VIP, récompenses exclusives, vente croisée"
CLT01439,18,6,62921.733,2,Champions,"Programme VIP, récompenses exclusives, vente croisée"
CLT01440,158,6,18436.376,2,Champions,"Programme VIP, récompenses exclusives, vente croisée"
CLT01441,14,5,10306.953,0,À Surveiller,"Relance légère, offre personnalisée, sondage satisfaction"
CLT01442,30,4,19697.159,0,À Surveiller,"Relance légère, offre personnalisée, sondage satisfaction"
CLT01443,252,4,91571.861,0,À Surveiller,"Relance légère, offre personnalisée, sondage satisfaction"
CLT01444,11,6,63542.115000000005,2,Champions,"Programme VIP, récompenses exclusives, vente croisée"
CLT01445,74,5,21190.314,0,À Surveiller,"Relance légère, offre personnalisée, sondage satisfaction"
CLT01446,117,11,11437.104,2,Champions,"Programme VIP, récompenses exclusives, vente croisée"
CLT01447,9,10,102477.375,2,Champions,"Programme VIP, récompenses exclusives, vente croisée"
CLT01448,296,6,53498.705,2,Champions,"Programme VIP, récompenses exclusives, vente croisée"
CLT01449,300,3,15916.687,0,À Surveiller,"Relance légère, offre personnalisée, sondage satisfaction"
CLT01450,106,2,27837.23,0,À Surveiller,"Relance légère, offre personnalisée, sondage satisfaction"
CLT01451,5,5,114169.86,2,Champions,"Programme VIP, récompenses exclusives, vente croisée"
CLT01452,260,5,12337.097,0,À Surveiller,"Relance légère, offre personnalisée, sondage satisfaction"
CLT01453,354,5,13119.366,0,À Surveiller,"Relance légère, offre personnalisée, sondage satisfaction"
CLT01454,84,6,71755.573,2,Champions,"Programme VIP, récompenses exclusives, vente croisée"
CLT01455,4,9,148767.484,1,Réguliers,"Offres de fidélisation, points bonus, upselling"
CLT01456,204,5,23524.835,0,À Surveiller,"Relance légère, offre personnalisée, sondage satisfaction"
CLT01458,56,8,178854.182,1,Réguliers,"Offres de fidélisation, points bonus, upselling"
CLT01459,233,6,45394.88,2,Champions,"Programme VIP, récompenses exclusives, vente croisée"
CLT01460,31,2,4805.92,0,À Surveiller,"Relance légère, offre personnalisée, sondage satisfaction"
CLT01461,869,1,5763.26,3,Perdus,"Campagne de réactivation, offre de retour spéciale"
CLT01462,12,4,16216.593,0,À Surveiller,"Relance légère, offre personnalisée, sondage satisfaction"
CLT01463,38,6,81342.059,2,Champions,"Programme VIP, récompenses exclusives, vente croisée"
CLT01464,373,4,3938.73,0,À Surveiller,"Relance légère, offre personnalisée, sondage satisfaction"
CLT01465,439,3,8546.709,3,Perdus,"Campagne de réactivation, offre de retour spéciale"
CLT01466,141,5,54445.0,0,À Surveiller,"Relance légère, offre personnalisée, sondage satisfaction"
CLT01467,271,4,200485.74,1,Réguliers,"Offres de fidélisation, points bonus, upselling"
CLT01468,459,3,4647.36,3,Perdus,"Campagne de réactivation, offre de retour spéciale"
CLT01469,114,8,164000.474,1,Réguliers,"Offres de fidélisation, points bonus, upselling"
CLT01470,827,5,30137.059,3,Perdus,"Campagne de réactivation, offre de retour spéciale"
CLT01471,533,10,108730.507,2,Champions,"Programme VIP, récompenses exclusives, vente croisée"
CLT01472,71,5,24464.368,0,À Surveiller,"Relance légère, offre personnalisée, sondage satisfaction"
CLT01473,45,8,92691.72,2,Champions,"Programme VIP, récompenses exclusives, vente croisée"
CLT01474,185,2,46024.0,0,À Surveiller,"Relance légère, offre personnalisée, sondage satisfaction"
CLT01475,77,13,171928.34399999998,1,Réguliers,"Offres de fidélisation, points bonus, upselling"
CLT01476,331,6,121736.371,2,Champions,"Programme VIP, récompenses exclusives, vente croisée"
CLT01477,175,7,24941.32,2,Champions,"Programme VIP, récompenses exclusives, vente croisée"
CLT01478,164,2,43372.84,0,À Surveiller,"Relance légère, offre personnalisée, sondage satisfaction"
CLT01479,183,7,28337.333,2,Champions,"Programme VIP, récompenses exclusives, vente croisée"
CLT01480,795,4,64361.756,3,Perdus,"Campagne de réactivation, offre de retour spéciale"
CLT01481,309,3,31930.86,0,À Surveiller,"Relance légère, offre personnalisée, sondage satisfaction"
CLT01482,357,10,203844.295,1,Réguliers,"Offres de fidélisation, points bonus, upselling"
CLT01483,137,6,58009.163,2,Champions,"Programme VIP, récompenses exclusives, vente croisée"
CLT01484,153,4,6005.912,0,À Surveiller,"Relance légère, offre personnalisée, sondage satisfaction"
CLT01485,212,6,14019.155,2,Champions,"Programme VIP, récompenses exclusives, vente croisée"
CLT01486,366,2,6800.9,0,À Surveiller,"Relance légère, offre personnalisée, sondage satisfaction"
CLT01487,234,6,22180.166,2,Champions,"Programme VIP, récompenses exclusives, vente croisée"
CLT01488,172,4,87586.42199999999,0,À Surveiller,"Relance légère, offre personnalisée, sondage satisfaction"
CLT01489,200,8,44600.822,2,Champions,"Programme VIP, récompenses exclusives, vente croisée"
CLT01490,112,2,4612.5,0,À Surveiller,"Relance légère, offre personnalisée, sondage satisfaction"
CLT01491,1028,1,11155.435,3,Perdus,"Campagne de réactivation, offre de retour spéciale"
CLT01492,394,2,4369.128,3,Perdus,"Campagne de réactivation, offre de retour spéciale"
CLT01493,319,3,29811.2,0,À Surveiller,"Relance légère, offre personnalisée, sondage satisfaction"
CLT01494,448,8,45605.205,2,Champions,"Programme VIP, récompenses exclusives, vente croisée"
CLT01495,58,4,37791.84,0,À Surveiller,"Relance légère, offre personnalisée, sondage satisfaction"
CLT01496,22,9,15760.251,2,Champions,"Programme VIP, récompenses exclusives, vente croisée"
CLT01497,320,7,129494.394,1,Réguliers,"Offres de fidélisation, points bonus, upselling"
CLT01498,53,10,271959.387,1,Réguliers,"Offres de fidélisation, points bonus, upselling"
CLT01499,615,2,1728.993,3,Perdus,"Campagne de réactivation, offre de retour spéciale"
CLT01500,285,4,36584.96,0,À Surveiller,"Relance légère, offre personnalisée, sondage satisfaction"
CLT01501,592,3,23229.581,3,Perdus,"Campagne de réactivation, offre de retour spéciale"
CLT01502,198,3,107267.209,0,À Surveiller,"Relance légère, offre personnalisée, sondage satisfaction"
CLT01503,374,2,14576.336,0,À Surveiller,"Relance légère, offre personnalisée, sondage satisfaction"
CLT01504,72,7,317432.615,1,Réguliers,"Offres de fidélisation, points bonus, upselling"
CLT01505,237,8,358348.036,1,Réguliers,"Offres de fidélisation, points bonus, upselling"
CLT01506,463,5,51627.471000000005,3,Perdus,"Campagne de réactivation, offre de retour spéciale"
CLT01507,196,1,5935.6,0,À Surveiller,"Relance légère, offre personnalisée, sondage satisfaction"
CLT01508,42,2,12614.8,0,À Surveiller,"Relance légère, offre personnalisée, sondage satisfaction"
CLT01509,177,6,6502.327,2,Champions,"Programme VIP, récompenses exclusives, vente croisée"
CLT01510,746,1,3058.09,3,Perdus,"Campagne de réactivation, offre de retour spéciale"
CLT01511,509,2,36271.552,3,Perdus,"Campagne de réactivation, offre de retour spéciale"
CLT01512,1004,3,55967.36,3,Perdus,"Campagne de réactivation, offre de retour spéciale"
CLT01513,213,6,26137.188,2,Champions,"Programme VIP, récompenses exclusives, vente croisée"
CLT01514,15,1,9180.153,0,À Surveiller,"Relance légère, offre personnalisée, sondage satisfaction"
CLT01515,605,6,27143.52,3,Perdus,"Campagne de réactivation, offre de retour spéciale"
CLT01517,314,3,109968.625,0,À Surveiller,"Relance légère, offre personnalisée, sondage satisfaction"
CLT01518,3,4,6436.85,0,À Surveiller,"Relance légère, offre personnalisée, sondage satisfaction"
CLT01519,383,4,21550.576,0,À Surveiller,"Relance légère, offre personnalisée, sondage satisfaction"
CLT01520,617,1,19744.2,3,Perdus,"Campagne de réactivation, offre de retour spéciale"
CLT01521,153,6,44186.831,2,Champions,"Programme VIP, récompenses exclusives, vente croisée"
CLT01522,265,8,13574.896,2,Champions,"Programme VIP, récompenses exclusives, vente croisée"
CLT01523,316,9,53970.488,2,Champions,"Programme VIP, récompenses exclusives, vente croisée"
CLT01524,89,9,53225.416,2,Champions,"Programme VIP, récompenses exclusives, vente croisée"
CLT01525,371,4,87572.698,0,À Surveiller,"Relance légère, offre personnalisée, sondage satisfaction"
CLT01526,2,6,32409.214,2,Champions,"Programme VIP, récompenses exclusives, vente croisée"
CLT01527,84,8,151588.829,1,Réguliers,"Offres de fidélisation, points bonus, upselling"
CLT01528,9,5,18546.239,0,À Surveiller,"Relance légère, offre personnalisée, sondage satisfaction"
CLT01529,723,3,15272.4,3,Perdus,"Campagne de réactivation, offre de retour spéciale"
CLT01530,258,1,13095.78,0,À Surveiller,"Relance légère, offre personnalisée, sondage satisfaction"
CLT01531,576,2,6186.096,3,Perdus,"Campagne de réactivation, offre de retour spéciale"
CLT01532,126,5,16081.851,0,À Surveiller,"Relance légère, offre personnalisée, sondage satisfaction"
CLT01533,86,9,8290.298,2,Champions,"Programme VIP, récompenses exclusives, vente croisée"
CLT01534,188,9,222727.995,1,Réguliers,"Offres de fidélisation, points bonus, upselling"
CLT01535,330,6,19217.524,2,Champions,"Programme VIP, récompenses exclusives, vente croisée"
CLT01536,196,7,30135.895,2,Champions,"Programme VIP, récompenses exclusives, vente croisée"
CLT01537,22,3,5614.263,0,À Surveiller,"Relance légère, offre personnalisée, sondage satisfaction"
CLT01538,100,1,2519.552,0,À Surveiller,"Relance légère, offre personnalisée, sondage satisfaction"
CLT01539,331,7,42846.058,2,Champions,"Programme VIP, récompenses exclusives, vente croisée"
CLT01540,3,8,42555.789,2,Champions,"Programme VIP, récompenses exclusives, vente croisée"
CLT01541,200,7,24267.942,2,Champions,"Programme VIP, récompenses exclusives, vente croisée"
CLT01542,212,3,69189.14199999999,0,À Surveiller,"Relance légère, offre personnalisée, sondage satisfaction"
CLT01543,292,5,18901.877,0,À Surveiller,"Relance légère, offre personnalisée, sondage satisfaction"
CLT01544,304,6,34542.156,2,Champions,"Programme VIP, récompenses exclusives, vente croisée"
CLT01545,379,7,133507.92,1,Réguliers,"Offres de fidélisation, points bonus, upselling"
CLT01546,249,2,38214.5,0,À Surveiller,"Relance légère, offre personnalisée, sondage satisfaction"
CLT01547,79,7,8021.256,2,Champions,"Programme VIP, récompenses exclusives, vente croisée"
CLT01548,76,7,55707.267,2,Champions,"Programme VIP, récompenses exclusives, vente croisée"
CLT01549,73,11,58833.129,2,Champions,"Programme VIP, récompenses exclusives, vente croisée"
CLT01550,86,8,48635.068,2,Champions,"Programme VIP, récompenses exclusives, vente croisée"
CLT01551,862,1,18574.952,3,Perdus,"Campagne de réactivation, offre de retour spéciale"
CLT01552,284,7,69701.318,2,Champions,"Programme VIP, récompenses exclusives, vente croisée"
CLT01553,68,5,17963.336,0,À Surveiller,"Relance légère, offre personnalisée, sondage satisfaction"
CLT01554,1,8,155522.16,1,Réguliers,"Offres de fidélisation, points bonus, upselling"
CLT01555,154,7,29550.744,2,Champions,"Programme VIP, récompenses exclusives, vente croisée"
CLT01556,118,8,138384.39500000002,1,Réguliers,"Offres de fidélisation, points bonus, upselling"
CLT01557,177,7,26672.642,2,Champions,"Programme VIP, récompenses exclusives, vente croisée"
CLT01558,46,8,7930.923,2,Champions,"Programme VIP, récompenses exclusives, vente croisée"
CLT01559,128,6,146293.098,1,Réguliers,"Offres de fidélisation, points bonus, upselling"
CLT01560,9,8,26535.623,2,Champions,"Programme VIP, récompenses exclusives, vente croisée"
CLT01561,89,5,96503.467,2,Champions,"Programme VIP, récompenses exclusives, vente croisée"
CLT01562,874,5,24111.74,3,Perdus,"Campagne de réactivation, offre de retour spéciale"
CLT01564,496,7,43200.495,2,Champions,"Programme VIP, récompenses exclusives, vente croisée"
CLT01565,66,3,7939.68,0,À Surveiller,"Relance légère, offre personnalisée, sondage satisfaction"
CLT01566,228,5,35019.700000000004,0,À Surveiller,"Relance légère, offre personnalisée, sondage satisfaction"
CLT01567,538,2,4966.04,3,Perdus,"Campagne de réactivation, offre de retour spéciale"
CLT01568,99,3,10014.0,0,À Surveiller,"Relance légère, offre personnalisée, sondage satisfaction"
CLT01569,149,3,48317.52,0,À Surveiller,"Relance légère, offre personnalisée, sondage satisfaction"
CLT01570,106,3,40563.806,0,À Surveiller,"Relance légère, offre personnalisée, sondage satisfaction"
CLT01571,17,6,18663.747,2,Champions,"Programme VIP, récompenses exclusives, vente croisée"
CLT01572,106,10,54355.065,2,Champions,"Programme VIP, récompenses exclusives, vente croisée"
CLT01573,884,1,5998.72,3,Perdus,"Campagne de réactivation, offre de retour spéciale"
CLT01574,64,3,16259.12,0,À Surveiller,"Relance légère, offre personnalisée, sondage satisfaction"
CLT01575,45,7,30784.628,2,Champions,"Programme VIP, récompenses exclusives, vente croisée"
CLT01576,10,3,13129.02,0,À Surveiller,"Relance légère, offre personnalisée, sondage satisfaction"
CLT01577,375,3,34724.25,0,À Surveiller,"Relance légère, offre personnalisée, sondage satisfaction"
CLT01578,141,3,21407.8,0,À Surveiller,"Relance légère, offre personnalisée, sondage satisfaction"
CLT01579,50,2,4724.29,0,À Surveiller,"Relance légère, offre personnalisée, sondage satisfaction"
CLT01580,750,2,14250.93,3,Perdus,"Campagne de réactivation, offre de retour spéciale"
CLT01581,151,4,41656.419,0,À Surveiller,"Relance légère, offre personnalisée, sondage satisfaction"
CLT01582,117,8,9415.772,2,Champions,"Programme VIP, récompenses exclusives, vente croisée"
CLT01583,529,2,12804.0,3,Perdus,"Campagne de réactivation, offre de retour spéciale"
CLT01584,218,9,186197.906,1,Réguliers,"Offres de fidélisation, points bonus, upselling"
CLT01585,255,3,6602.882,0,À Surveiller,"Relance légère, offre personnalisée, sondage satisfaction"
CLT01586,77,5,24636.954,0,À Surveiller,"Relance légère, offre personnalisée, sondage satisfaction"
CLT01587,128,1,5359.626,0,À Surveiller,"Relance légère, offre personnalisée, sondage satisfaction"
CLT01588,342,6,22174.584000000003,2,Champions,"Programme VIP, récompenses exclusives, vente croisée"
CLT01589,25,4,35390.362,0,À Surveiller,"Relance légère, offre personnalisée, sondage satisfaction"
CLT01590,139,3,11550.6,0,À Surveiller,"Relance légère, offre personnalisée, sondage satisfaction"
CLT01591,681,5,30703.514,3,Perdus,"Campagne de réactivation, offre de retour spéciale"
CLT01592,488,4,21280.16,3,Perdus,"Campagne de réactivation, offre de retour spéciale"
CLT01593,41,4,23754.24,0,À Surveiller,"Relance légère, offre personnalisée, sondage satisfaction"
CLT01594,756,1,6643.72,3,Perdus,"Campagne de réactivation, offre de retour spéciale"
CLT01595,179,5,47752.867,0,À Surveiller,"Relance légère, offre personnalisée, sondage satisfaction"
CLT01596,135,5,49157.856,0,À Surveiller,"Relance légère, offre personnalisée, sondage satisfaction"
CLT01597,215,6,31061.07,2,Champions,"Programme VIP, récompenses exclusives, vente croisée"
CLT01598,112,9,105628.32,2,Champions,"Programme VIP, récompenses exclusives, vente croisée"
CLT01599,567,4,22589.49,3,Perdus,"Campagne de réactivation, offre de retour spéciale"
CLT01600,16,5,57731.815,0,À Surveiller,"Relance légère, offre personnalisée, sondage satisfaction"
CLT01601,206,5,53817.139,0,À Surveiller,"Relance légère, offre personnalisée, sondage satisfaction"
CLT01602,303,6,59423.691,2,Champions,"Programme VIP, récompenses exclusives, vente croisée"
CLT01603,230,2,28888.662,0,À Surveiller,"Relance légère, offre personnalisée, sondage satisfaction"
CLT01604,230,4,13414.23,0,À Surveiller,"Relance légère, offre personnalisée, sondage satisfaction"
CLT01605,583,1,14092.15,3,Perdus,"Campagne de réactivation, offre de retour spéciale"
CLT01606,129,9,171549.776,1,Réguliers,"Offres de fidélisation, points bonus, upselling"
CLT01607,66,12,29828.259,2,Champions,"Programme VIP, récompenses exclusives, vente croisée"
CLT01608,47,4,36096.367,0,À Surveiller,"Relance légère, offre personnalisée, sondage satisfaction"
CLT01609,74,5,129461.605,1,Réguliers,"Offres de fidélisation, points bonus, upselling"
CLT01610,684,6,18844.042,3,Perdus,"Campagne de réactivation, offre de retour spéciale"
CLT01611,55,6,36626.67,2,Champions,"Programme VIP, récompenses exclusives, vente croisée"
CLT01612,451,7,17139.6,2,Champions,"Programme VIP, récompenses exclusives, vente croisée"
CLT01613,431,6,86595.75,2,Champions,"Programme VIP, récompenses exclusives, vente croisée"
CLT01614,372,4,24993.945,0,À Surveiller,"Relance légère, offre personnalisée, sondage satisfaction"
CLT01615,353,4,56106.24,0,À Surveiller,"Relance légère, offre personnalisée, sondage satisfaction"
CLT01616,275,3,8481.06,0,À Surveiller,"Relance légère, offre personnalisée, sondage satisfaction"
CLT01617,147,7,41415.04,2,Champions,"Programme VIP, récompenses exclusives, vente croisée"
CLT01618,417,2,80919.0,3,Perdus,"Campagne de réactivation, offre de retour spéciale"
CLT01619,53,5,22528.816,0,À Surveiller,"Relance légère, offre personnalisée, sondage satisfaction"
CLT01620,254,2,22624.62,0,À Surveiller,"Relance légère, offre personnalisée, sondage satisfaction"
CLT01621,192,9,59397.44,2,Champions,"Programme VIP, récompenses exclusives, vente croisée"
CLT01622,383,5,57930.56,0,À Surveiller,"Relance légère, offre personnalisée, sondage satisfaction"
CLT01623,16,7,101923.92,2,Champions,"Programme VIP, récompenses exclusives, vente croisée"
CLT01624,80,2,7379.059999999999,0,À Surveiller,"Relance légère, offre personnalisée, sondage satisfaction"
CLT01625,640,1,12038.57,3,Perdus,"Campagne de réactivation, offre de retour spéciale"
CLT01626,9,1,4476.29,0,À Surveiller,"Relance légère, offre personnalisée, sondage satisfaction"
CLT01627,205,3,11108.984,0,À Surveiller,"Relance légère, offre personnalisée, sondage satisfaction"
CLT01628,59,6,9742.828,2,Champions,"Programme VIP, récompenses exclusives, vente croisée"
CLT01629,1067,2,7466.105,3,Perdus,"Campagne de réactivation, offre de retour spéciale"
CLT01630,17,5,26237.557,0,À Surveiller,"Relance légère, offre personnalisée, sondage satisfaction"
CLT01631,948,3,4006.8,3,Perdus,"Campagne de réactivation, offre de retour spéciale"
CLT01632,440,2,24876.93,3,Perdus,"Campagne de réactivation, offre de retour spéciale"
CLT01633,90,8,122433.763,2,Champions,"Programme VIP, récompenses exclusives, vente croisée"
CLT01634,210,2,8185.75,0,À Surveiller,"Relance légère, offre personnalisée, sondage satisfaction"
CLT01635,108,6,21600.218,2,Champions,"Programme VIP, récompenses exclusives, vente croisée"
CLT01636,556,5,20210.376,3,Perdus,"Campagne de réactivation, offre de retour spéciale"
CLT01637,105,11,76515.363,2,Champions,"Programme VIP, récompenses exclusives, vente croisée"
CLT01638,9,8,60671.441000000006,2,Champions,"Programme VIP, récompenses exclusives, vente croisée"
CLT01639,28,7,10332.346,2,Champions,"Programme VIP, récompenses exclusives, vente croisée"
CLT01640,104,7,13356.901,2,Champions,"Programme VIP, récompenses exclusives, vente croisée"
CLT01641,327,6,11472.015,2,Champions,"Programme VIP, récompenses exclusives, vente croisée"
CLT01642,171,4,69050.56,0,À Surveiller,"Relance légère, offre personnalisée, sondage satisfaction"
CLT01643,32,8,46624.532,2,Champions,"Programme VIP, récompenses exclusives, vente croisée"
CLT01644,94,4,36762.9,0,À Surveiller,"Relance légère, offre personnalisée, sondage satisfaction"
CLT01645,28,7,59436.6,2,Champions,"Programme VIP, récompenses exclusives, vente croisée"
CLT01646,491,3,63393.3,3,Perdus,"Campagne de réactivation, offre de retour spéciale"
CLT01647,555,3,14513.65,3,Perdus,"Campagne de réactivation, offre de retour spéciale"
CLT01648,346,8,56002.1,2,Champions,"Programme VIP, récompenses exclusives, vente croisée"
CLT01649,237,2,8424.292,0,À Surveiller,"Relance légère, offre personnalisée, sondage satisfaction"
CLT01650,21,7,41398.028,2,Champions,"Programme VIP, récompenses exclusives, vente croisée"
CLT01651,317,6,59351.91,2,Champions,"Programme VIP, récompenses exclusives, vente croisée"
CLT01652,226,4,84789.75,0,À Surveiller,"Relance légère, offre personnalisée, sondage satisfaction"
CLT01653,194,9,81199.18000000001,2,Champions,"Programme VIP, récompenses exclusives, vente croisée"
CLT01654,96,2,14692.14,0,À Surveiller,"Relance légère, offre personnalisée, sondage satisfaction"
CLT01655,10,3,17987.75,0,À Surveiller,"Relance légère, offre personnalisée, sondage satisfaction"
CLT01656,180,5,17702.109,0,À Surveiller,"Relance légère, offre personnalisée, sondage satisfaction"
CLT01657,90,4,63778.186,0,À Surveiller,"Relance légère, offre personnalisée, sondage satisfaction"
CLT01658,41,6,16082.748,2,Champions,"Programme VIP, récompenses exclusives, vente croisée"
CLT01660,635,3,54089.35,3,Perdus,"Campagne de réactivation, offre de retour spéciale"
CLT01661,362,4,83391.073,0,À Surveiller,"Relance légère, offre personnalisée, sondage satisfaction"
CLT01662,812,3,21285.355,3,Perdus,"Campagne de réactivation, offre de retour spéciale"
CLT01663,300,1,8486.176,0,À Surveiller,"Relance légère, offre personnalisée, sondage satisfaction"
CLT01664,448,2,18502.88,3,Perdus,"Campagne de réactivation, offre de retour spéciale"
CLT01665,275,6,16509.99,2,Champions,"Programme VIP, récompenses exclusives, vente croisée"
CLT01666,228,9,22714.965,2,Champions,"Programme VIP, récompenses exclusives, vente croisée"
CLT01667,164,4,17937.378,0,À Surveiller,"Relance légère, offre personnalisée, sondage satisfaction"
CLT01668,546,5,24408.167,3,Perdus,"Campagne de réactivation, offre de retour spéciale"
CLT01669,136,9,131503.538,1,Réguliers,"Offres de fidélisation, points bonus, upselling"
CLT01670,10,3,13673.76,0,À Surveiller,"Relance légère, offre personnalisée, sondage satisfaction"
CLT01671,3,7,14060.704000000002,2,Champions,"Programme VIP, récompenses exclusives, vente croisée"
CLT01672,444,2,10602.1,3,Perdus,"Campagne de réactivation, offre de retour spéciale"
CLT01673,15,4,14438.566,0,À Surveiller,"Relance légère, offre personnalisée, sondage satisfaction"
CLT01674,79,7,11559.48,2,Champions,"Programme VIP, récompenses exclusives, vente croisée"
CLT01675,307,4,6965.97,0,À Surveiller,"Relance légère, offre personnalisée, sondage satisfaction"
CLT01676,267,4,43810.618,0,À Surveiller,"Relance légère, offre personnalisée, sondage satisfaction"
CLT01677,103,7,165871.68,1,Réguliers,"Offres de fidélisation, points bonus, upselling"
CLT01678,79,4,94497.4,0,À Surveiller,"Relance légère, offre personnalisée, sondage satisfaction"
CLT01679,71,7,99188.92,2,Champions,"Programme VIP, récompenses exclusives, vente croisée"
CLT01680,29,6,28203.797,2,Champions,"Programme VIP, récompenses exclusives, vente croisée"
CLT01681,384,2,7300.379,3,Perdus,"Campagne de réactivation, offre de retour spéciale"
CLT01682,1151,1,15830.64,3,Perdus,"Campagne de réactivation, offre de retour spéciale"
CLT01683,37,4,18219.243,0,À Surveiller,"Relance légère, offre personnalisée, sondage satisfaction"
CLT01684,143,5,44802.511,0,À Surveiller,"Relance légère, offre personnalisée, sondage satisfaction"
CLT01685,100,4,46873.24,0,À Surveiller,"Relance légère, offre personnalisée, sondage satisfaction"
CLT01686,406,1,4637.22,3,Perdus,"Campagne de réactivation, offre de retour spéciale"
CLT01687,112,9,143835.58000000002,1,Réguliers,"Offres de fidélisation, points bonus, upselling"
CLT01688,232,5,103985.1,2,Champions,"Programme VIP, récompenses exclusives, vente croisée"
CLT01689,624,4,75754.972,3,Perdus,"Campagne de réactivation, offre de retour spéciale"
CLT01690,137,5,92205.397,0,À Surveiller,"Relance légère, offre personnalisée, sondage satisfaction"
CLT01691,205,8,50559.545,2,Champions,"Programme VIP, récompenses exclusives, vente croisée"
CLT01692,579,2,6940.76,3,Perdus,"Campagne de réactivation, offre de retour spéciale"
CLT01693,130,2,2966.03,0,À Surveiller,"Relance légère, offre personnalisée, sondage satisfaction"
CLT01694,285,1,4890.82,0,À Surveiller,"Relance légère, offre personnalisée, sondage satisfaction"
CLT01695,11,12,167625.171,1,Réguliers,"Offres de fidélisation, points bonus, upselling"
CLT01696,400,1,49167.05,3,Perdus,"Campagne de réactivation, offre de retour spéciale"
CLT01697,41,5,17742.732,0,À Surveiller,"Relance légère, offre personnalisée, sondage satisfaction"
CLT01698,214,6,32797.534,2,Champions,"Programme VIP, récompenses exclusives, vente croisée"
CLT01699,35,4,25441.95,0,À Surveiller,"Relance légère, offre personnalisée, sondage satisfaction"
CLT01700,186,5,49688.96,0,À Surveiller,"Relance légère, offre personnalisée, sondage satisfaction"
CLT01701,671,3,47749.655,3,Perdus,"Campagne de réactivation, offre de retour spéciale"
CLT01702,140,8,33338.075,2,Champions,"Programme VIP, récompenses exclusives, vente croisée"
CLT01703,685,4,64814.33,3,Perdus,"Campagne de réactivation, offre de retour spéciale"
CLT01704,96,5,13178.33,0,À Surveiller,"Relance légère, offre personnalisée, sondage satisfaction"
CLT01705,8,6,28473.427,2,Champions,"Programme VIP, récompenses exclusives, vente croisée"
CLT01706,150,4,49420.53,0,À Surveiller,"Relance légère, offre personnalisée, sondage satisfaction"
CLT01707,158,7,35764.934,2,Champions,"Programme VIP, récompenses exclusives, vente croisée"
CLT01708,14,5,29604.355,0,À Surveiller,"Relance légère, offre personnalisée, sondage satisfaction"
CLT01709,407,5,13326.988,3,Perdus,"Campagne de réactivation, offre de retour spéciale"
CLT01710,110,6,16996.561999999998,2,Champions,"Programme VIP, récompenses exclusives, vente croisée"
CLT01711,202,6,30590.56,2,Champions,"Programme VIP, récompenses exclusives, vente croisée"
CLT01712,16,7,152818.555,1,Réguliers,"Offres de fidélisation, points bonus, upselling"
CLT01713,453,7,73175.326,2,Champions,"Programme VIP, récompenses exclusives, vente croisée"
CLT01714,343,1,4009.0,0,À Surveiller,"Relance légère, offre personnalisée, sondage satisfaction"
CLT01715,298,5,25255.63,0,À Surveiller,"Relance légère, offre personnalisée, sondage satisfaction"
CLT01716,740,1,12969.11,3,Perdus,"Campagne de réactivation, offre de retour spéciale"
CLT01717,238,4,134562.56,1,Réguliers,"Offres de fidélisation, points bonus, upselling"
CLT01718,35,6,227815.428,1,Réguliers,"Offres de fidélisation, points bonus, upselling"
CLT01719,586,4,53694.11,3,Perdus,"Campagne de réactivation, offre de retour spéciale"
CLT01720,125,7,27239.209,2,Champions,"Programme VIP, récompenses exclusives, vente croisée"
CLT01721,696,3,64523.84,3,Perdus,"Campagne de réactivation, offre de retour spéciale"
CLT01722,91,5,11746.62,0,À Surveiller,"Relance légère, offre personnalisée, sondage satisfaction"
CLT01723,451,2,74130.4,3,Perdus,"Campagne de réactivation, offre de retour spéciale"
CLT01724,356,4,37536.0,0,À Surveiller,"Relance légère, offre personnalisée, sondage satisfaction"
CLT01725,58,8,62026.338,2,Champions,"Programme VIP, récompenses exclusives, vente croisée"
CLT01726,125,3,7319.673000000001,0,À Surveiller,"Relance légère, offre personnalisée, sondage satisfaction"
CLT01727,266,6,150209.55,1,Réguliers,"Offres de fidélisation, points bonus, upselling"
CLT01728,297,3,29981.924,0,À Surveiller,"Relance légère, offre personnalisée, sondage satisfaction"
CLT01729,204,2,46054.66,0,À Surveiller,"Relance légère, offre personnalisée, sondage satisfaction"
CLT01730,175,8,104146.083,2,Champions,"Programme VIP, récompenses exclusives, vente croisée"
CLT01731,316,4,18137.744,0,À Surveiller,"Relance légère, offre personnalisée, sondage satisfaction"
CLT01732,249,5,95529.56,0,À Surveiller,"Relance légère, offre personnalisée, sondage satisfaction"
CLT01733,655,3,14002.747,3,Perdus,"Campagne de réactivation, offre de retour spéciale"
CLT01734,150,5,22136.142,0,À Surveiller,"Relance légère, offre personnalisée, sondage satisfaction"
CLT01735,219,4,18934.74,0,À Surveiller,"Relance légère, offre personnalisée, sondage satisfaction"
CLT01736,227,2,25231.95,0,À Surveiller,"Relance légère, offre personnalisée, sondage satisfaction"
CLT01737,23,6,48260.352,2,Champions,"Programme VIP, récompenses exclusives, vente croisée"
CLT01738,156,4,21853.325,0,À Surveiller,"Relance légère, offre personnalisée, sondage satisfaction"
CLT01739,120,7,113260.356,2,Champions,"Programme VIP, récompenses exclusives, vente croisée"
CLT01740,470,5,26060.478,3,Perdus,"Campagne de réactivation, offre de retour spéciale"
CLT01741,799,3,8411.97,3,Perdus,"Campagne de réactivation, offre de retour spéciale"
CLT01742,491,4,16589.19,3,Perdus,"Campagne de réactivation, offre de retour spéciale"
CLT01743,77,5,4387.32,0,À Surveiller,"Relance légère, offre personnalisée, sondage satisfaction"
CLT01744,190,4,69167.6,0,À Surveiller,"Relance légère, offre personnalisée, sondage satisfaction"
CLT01747,63,5,89394.912,0,À Surveiller,"Relance légère, offre personnalisée, sondage satisfaction"
CLT01748,194,4,14773.789,0,À Surveiller,"Relance légère, offre personnalisée, sondage satisfaction"
CLT01749,442,2,82328.5,3,Perdus,"Campagne de réactivation, offre de retour spéciale"
CLT01750,23,10,48651.313,2,Champions,"Programme VIP, récompenses exclusives, vente croisée"
CLT01751,200,6,23960.589,2,Champions,"Programme VIP, récompenses exclusives, vente croisée"
CLT01752,89,3,14445.75,0,À Surveiller,"Relance légère, offre personnalisée, sondage satisfaction"
CLT01753,233,3,7748.737999999999,0,À Surveiller,"Relance légère, offre personnalisée, sondage satisfaction"
CLT01754,450,5,42594.58,3,Perdus,"Campagne de réactivation, offre de retour spéciale"
CLT01755,122,11,35017.364,2,Champions,"Programme VIP, récompenses exclusives, vente croisée"
CLT01756,266,7,26572.618,2,Champions,"Programme VIP, récompenses exclusives, vente croisée"
CLT01757,333,2,1942.56,0,À Surveiller,"Relance légère, offre personnalisée, sondage satisfaction"
CLT01758,50,8,28593.92,2,Champions,"Programme VIP, récompenses exclusives, vente croisée"
CLT01759,78,16,276659.445,1,Réguliers,"Offres de fidélisation, points bonus, upselling"
CLT01760,365,1,10951.36,0,À Surveiller,"Relance légère, offre personnalisée, sondage satisfaction"
CLT01761,76,7,26433.0,2,Champions,"Programme VIP, récompenses exclusives, vente croisée"
CLT01762,194,5,153116.487,1,Réguliers,"Offres de fidélisation, points bonus, upselling"
CLT01763,152,7,115474.503,2,Champions,"Programme VIP, récompenses exclusives, vente croisée"
CLT01764,259,4,14407.89,0,À Surveiller,"Relance légère, offre personnalisée, sondage satisfaction"
CLT01765,417,4,38537.67,3,Perdus,"Campagne de réactivation, offre de retour spéciale"
CLT01766,436,5,20768.368,3,Perdus,"Campagne de réactivation, offre de retour spéciale"
CLT01767,129,6,77342.425,2,Champions,"Programme VIP, récompenses exclusives, vente croisée"
CLT01768,66,9,139540.021,1,Réguliers,"Offres de fidélisation, points bonus, upselling"
CLT01769,238,3,16342.755,0,À Surveiller,"Relance légère, offre personnalisée, sondage satisfaction"
CLT01770,139,8,38831.001,2,Champions,"Programme VIP, récompenses exclusives, vente croisée"
CLT01771,89,6,13200.8,2,Champions,"Programme VIP, récompenses exclusives, vente croisée"
CLT01772,24,6,127089.65,1,Réguliers,"Offres de fidélisation, points bonus, upselling"
CLT01773,390,2,5919.698,3,Perdus,"Campagne de réactivation, offre de retour spéciale"
CLT01774,230,4,10922.16,0,À Surveiller,"Relance légère, offre personnalisée, sondage satisfaction"
CLT01775,128,8,42991.095,2,Champions,"Programme VIP, récompenses exclusives, vente croisée"
CLT01776,288,8,59157.267,2,Champions,"Programme VIP, récompenses exclusives, vente croisée"
CLT01777,358,6,60545.957,2,Champions,"Programme VIP, récompenses exclusives, vente croisée"
CLT01778,44,3,17846.6,0,À Surveiller,"Relance légère, offre personnalisée, sondage satisfaction"
CLT01779,377,4,133616.947,1,Réguliers,"Offres de fidélisation, points bonus, upselling"
CLT01780,537,4,52852.0,3,Perdus,"Campagne de réactivation, offre de retour spéciale"
CLT01781,389,2,31962.17,3,Perdus,"Campagne de réactivation, offre de retour spéciale"
CLT01782,63,4,5329.85,0,À Surveiller,"Relance légère, offre personnalisée, sondage satisfaction"
CLT01783,320,7,22442.217,2,Champions,"Programme VIP, récompenses exclusives, vente croisée"
CLT01784,4,4,25432.506,0,À Surveiller,"Relance légère, offre personnalisée, sondage satisfaction"
CLT01785,74,11,18018.8,2,Champions,"Programme VIP, récompenses exclusives, vente croisée"
CLT01786,31,6,27025.0,2,Champions,"Programme VIP, récompenses exclusives, vente croisée"
CLT01787,75,8,9094.8,2,Champions,"Programme VIP, récompenses exclusives, vente croisée"
CLT01788,284,9,32653.079,2,Champions,"Programme VIP, récompenses exclusives, vente croisée"
CLT01789,167,3,43135.83,0,À Surveiller,"Relance légère, offre personnalisée, sondage satisfaction"
CLT01790,501,4,4681.841,3,Perdus,"Campagne de réactivation, offre de retour spéciale"
CLT01791,292,10,53815.91,2,Champions,"Programme VIP, récompenses exclusives, vente croisée"
CLT01792,571,6,11144.458,3,Perdus,"Campagne de réactivation, offre de retour spéciale"
CLT01793,44,9,158648.339,1,Réguliers,"Offres de fidélisation, points bonus, upselling"
CLT01794,56,5,22095.937,0,À Surveiller,"Relance légère, offre personnalisée, sondage satisfaction"
CLT01795,692,2,49594.53,3,Perdus,"Campagne de réactivation, offre de retour spéciale"
CLT01796,105,6,133986.171,1,Réguliers,"Offres de fidélisation, points bonus, upselling"
CLT01797,562,8,18042.837,2,Champions,"Programme VIP, récompenses exclusives, vente croisée"
CLT01798,110,6,55886.94,2,Champions,"Programme VIP, récompenses exclusives, vente croisée"
CLT01799,60,4,20042.12,0,À Surveiller,"Relance légère, offre personnalisée, sondage satisfaction"
CLT01800,365,8,34669.947,2,Champions,"Programme VIP, récompenses exclusives, vente croisée"
CLT01801,674,1,14906.25,3,Perdus,"Campagne de réactivation, offre de retour spéciale"
CLT01802,82,6,96262.92,2,Champions,"Programme VIP, récompenses exclusives, vente croisée"
CLT01803,26,6,51759.815,2,Champions,"Programme VIP, récompenses exclusives, vente croisée"
CLT01804,424,2,66652.44,3,Perdus,"Campagne de réactivation, offre de retour spéciale"
CLT01805,2,4,36298.942,0,À Surveiller,"Relance légère, offre personnalisée, sondage satisfaction"
CLT01806,627,1,30755.206,3,Perdus,"Campagne de réactivation, offre de retour spéciale"
CLT01807,122,7,20793.64,2,Champions,"Programme VIP, récompenses exclusives, vente croisée"
CLT01808,67,6,28383.534,2,Champions,"Programme VIP, récompenses exclusives, vente croisée"
CLT01809,97,10,43556.1,2,Champions,"Programme VIP, récompenses exclusives, vente croisée"
CLT01810,17,7,33548.395000000004,2,Champions,"Programme VIP, récompenses exclusives, vente croisée"
CLT01811,266,8,18576.83,2,Champions,"Programme VIP, récompenses exclusives, vente croisée"
CLT01812,71,2,37833.28,0,À Surveiller,"Relance légère, offre personnalisée, sondage satisfaction"
CLT01813,39,5,40755.503,0,À Surveiller,"Relance légère, offre personnalisée, sondage satisfaction"
CLT01814,398,4,154248.048,1,Réguliers,"Offres de fidélisation, points bonus, upselling"
CLT01815,20,10,99038.028,2,Champions,"Programme VIP, récompenses exclusives, vente croisée"
CLT01816,597,1,2803.2,3,Perdus,"Campagne de réactivation, offre de retour spéciale"
CLT01817,516,2,37175.130000000005,3,Perdus,"Campagne de réactivation, offre de retour spéciale"
CLT01818,200,6,153132.39,1,Réguliers,"Offres de fidélisation, points bonus, upselling"
CLT01819,52,9,24788.6,2,Champions,"Programme VIP, récompenses exclusives, vente croisée"
CLT01820,69,5,217938.758,1,Réguliers,"Offres de fidélisation, points bonus, upselling"
CLT01821,35,7,9507.104,2,Champions,"Programme VIP, récompenses exclusives, vente croisée"
CLT01822,618,5,93792.324,3,Perdus,"Campagne de réactivation, offre de retour spéciale"
CLT01823,179,6,32610.604,2,Champions,"Programme VIP, récompenses exclusives, vente croisée"
CLT01824,28,8,294593.869,1,Réguliers,"Offres de fidélisation, points bonus, upselling"
CLT01825,42,7,34084.38,2,Champions,"Programme VIP, récompenses exclusives, vente croisée"
CLT01826,485,5,32644.675,3,Perdus,"Campagne de réactivation, offre de retour spéciale"
CLT01827,249,4,38084.374,0,À Surveiller,"Relance légère, offre personnalisée, sondage satisfaction"
CLT01828,15,6,14418.0,2,Champions,"Programme VIP, récompenses exclusives, vente croisée"
CLT01829,130,2,16625.920000000002,0,À Surveiller,"Relance légère, offre personnalisée, sondage satisfaction"
CLT01830,50,8,66725.336,2,Champions,"Programme VIP, récompenses exclusives, vente croisée"
CLT01831,198,7,29110.502,2,Champions,"Programme VIP, récompenses exclusives, vente croisée"
CLT01832,174,5,21958.571,0,À Surveiller,"Relance légère, offre personnalisée, sondage satisfaction"
CLT01833,434,4,21760.725,3,Perdus,"Campagne de réactivation, offre de retour spéciale"
CLT01834,786,3,10532.25,3,Perdus,"Campagne de réactivation, offre de retour spéciale"
CLT01835,339,3,71265.59,0,À Surveiller,"Relance légère, offre personnalisée, sondage satisfaction"
CLT01836,249,3,10824.037,0,À Surveiller,"Relance légère, offre personnalisée, sondage satisfaction"
CLT01837,165,5,51635.561,0,À Surveiller,"Relance légère, offre personnalisée, sondage satisfaction"
CLT01838,178,9,54997.106,2,Champions,"Programme VIP, récompenses exclusives, vente croisée"
CLT01839,99,9,220487.236,1,Réguliers,"Offres de fidélisation, points bonus, upselling"
CLT01840,201,4,50215.724,0,À Surveiller,"Relance légère, offre personnalisée, sondage satisfaction"
CLT01841,520,4,141214.084,3,Perdus,"Campagne de réactivation, offre de retour spéciale"
CLT01842,222,7,28301.079,2,Champions,"Programme VIP, récompenses exclusives, vente croisée"
CLT01843,448,6,76179.11,2,Champions,"Programme VIP, récompenses exclusives, vente croisée"
CLT01844,327,4,208796.385,1,Réguliers,"Offres de fidélisation, points bonus, upselling"
CLT01845,631,3,6608.689,3,Perdus,"Campagne de réactivation, offre de retour spéciale"
CLT01846,17,11,125708.548,2,Champions,"Programme VIP, récompenses exclusives, vente croisée"
CLT01847,193,7,33502.668,2,Champions,"Programme VIP, récompenses exclusives, vente croisée"
CLT01848,367,2,20744.787,0,À Surveiller,"Relance légère, offre personnalisée, sondage satisfaction"
CLT01849,349,2,3280.32,0,À Surveiller,"Relance légère, offre personnalisée, sondage satisfaction"
CLT01850,209,4,15473.346,0,À Surveiller,"Relance légère, offre personnalisée, sondage satisfaction"
CLT01851,204,6,13984.38,2,Champions,"Programme VIP, récompenses exclusives, vente croisée"
CLT01852,116,6,108578.203,2,Champions,"Programme VIP, récompenses exclusives, vente croisée"
CLT01853,130,2,21757.77,0,À Surveiller,"Relance légère, offre personnalisée, sondage satisfaction"
CLT01854,62,3,7805.196,0,À Surveiller,"Relance légère, offre personnalisée, sondage satisfaction"
CLT01855,22,3,92239.52,0,À Surveiller,"Relance légère, offre personnalisée, sondage satisfaction"
CLT01856,66,6,96260.186,2,Champions,"Programme VIP, récompenses exclusives, vente croisée"
CLT01857,276,9,23927.968,2,Champions,"Programme VIP, récompenses exclusives, vente croisée"
CLT01858,230,3,7873.201,0,À Surveiller,"Relance légère, offre personnalisée, sondage satisfaction"
CLT01859,77,7,35739.022,2,Champions,"Programme VIP, récompenses exclusives, vente croisée"
CLT01860,120,6,8679.336,2,Champions,"Programme VIP, récompenses exclusives, vente croisée"
CLT01861,20,5,21582.0,0,À Surveiller,"Relance légère, offre personnalisée, sondage satisfaction"
CLT01862,182,2,5967.141,0,À Surveiller,"Relance légère, offre personnalisée, sondage satisfaction"
CLT01863,199,5,39224.685,0,À Surveiller,"Relance légère, offre personnalisée, sondage satisfaction"
CLT01864,5,3,57234.3,0,À Surveiller,"Relance légère, offre personnalisée, sondage satisfaction"
CLT01865,91,5,45426.578,0,À Surveiller,"Relance légère, offre personnalisée, sondage satisfaction"
CLT01866,103,11,42604.293,2,Champions,"Programme VIP, récompenses exclusives, vente croisée"
CLT01867,49,3,32713.92,0,À Surveiller,"Relance légère, offre personnalisée, sondage satisfaction"
CLT01868,47,5,30161.847,0,À Surveiller,"Relance légère, offre personnalisée, sondage satisfaction"
CLT01869,86,4,179079.45500000002,1,Réguliers,"Offres de fidélisation, points bonus, upselling"
CLT01870,148,4,30480.017,0,À Surveiller,"Relance légère, offre personnalisée, sondage satisfaction"
CLT01871,90,6,197161.024,1,Réguliers,"Offres de fidélisation, points bonus, upselling"
CLT01872,220,10,53372.445,2,Champions,"Programme VIP, récompenses exclusives, vente croisée"
CLT01873,45,3,70024.5,0,À Surveiller,"Relance légère, offre personnalisée, sondage satisfaction"
CLT01874,438,3,15709.92,3,Perdus,"Campagne de réactivation, offre de retour spéciale"
CLT01875,32,3,4320.12,0,À Surveiller,"Relance légère, offre personnalisée, sondage satisfaction"
CLT01876,85,3,35412.96,0,À Surveiller,"Relance légère, offre personnalisée, sondage satisfaction"
CLT01877,11,7,162196.092,1,Réguliers,"Offres de fidélisation, points bonus, upselling"
CLT01878,655,4,20361.04,3,Perdus,"Campagne de réactivation, offre de retour spéciale"
CLT01879,106,6,35698.377,2,Champions,"Programme VIP, récompenses exclusives, vente croisée"
CLT01880,182,4,16793.342,0,À Surveiller,"Relance légère, offre personnalisée, sondage satisfaction"
CLT01881,90,7,33480.869,2,Champions,"Programme VIP, récompenses exclusives, vente croisée"
CLT01882,220,8,171615.064,1,Réguliers,"Offres de fidélisation, points bonus, upselling"
CLT01883,312,6,32873.784,2,Champions,"Programme VIP, récompenses exclusives, vente croisée"
CLT01884,135,12,61789.84,2,Champions,"Programme VIP, récompenses exclusives, vente croisée"
CLT01885,663,3,17297.892,3,Perdus,"Campagne de réactivation, offre de retour spéciale"
CLT01886,100,3,13231.53,0,À Surveiller,"Relance légère, offre personnalisée, sondage satisfaction"
CLT01887,39,11,42977.703,2,Champions,"Programme VIP, récompenses exclusives, vente croisée"
CLT01888,323,2,38198.926,0,À Surveiller,"Relance légère, offre personnalisée, sondage satisfaction"
CLT01889,1,4,18661.76,0,À Surveiller,"Relance légère, offre personnalisée, sondage satisfaction"
CLT01890,180,5,11861.685,0,À Surveiller,"Relance légère, offre personnalisée, sondage satisfaction"
CLT01891,1,6,126720.894,1,Réguliers,"Offres de fidélisation, points bonus, upselling"
CLT01892,101,7,12331.0,2,Champions,"Programme VIP, récompenses exclusives, vente croisée"
CLT01893,287,5,17479.64,0,À Surveiller,"Relance légère, offre personnalisée, sondage satisfaction"
CLT01894,441,1,13343.04,3,Perdus,"Campagne de réactivation, offre de retour spéciale"
CLT01895,74,2,54948.04,0,À Surveiller,"Relance légère, offre personnalisée, sondage satisfaction"
CLT01896,852,3,3748.8,3,Perdus,"Campagne de réactivation, offre de retour spéciale"
CLT01897,50,5,181454.12,1,Réguliers,"Offres de fidélisation, points bonus, upselling"
CLT01898,157,5,19003.265,0,À Surveiller,"Relance légère, offre personnalisée, sondage satisfaction"
CLT01899,476,3,170919.45,1,Réguliers,"Offres de fidélisation, points bonus, upselling"
CLT01900,753,2,25006.34,3,Perdus,"Campagne de réactivation, offre de retour spéciale"
CLT01901,99,2,5038.799999999999,0,À Surveiller,"Relance légère, offre personnalisée, sondage satisfaction"
CLT01902,65,5,27601.536,0,À Surveiller,"Relance légère, offre personnalisée, sondage satisfaction"
CLT01903,400,4,12568.44,3,Perdus,"Campagne de réactivation, offre de retour spéciale"
CLT01904,460,5,9221.7,3,Perdus,"Campagne de réactivation, offre de retour spéciale"
CLT01905,194,1,2533.44,0,À Surveiller,"Relance légère, offre personnalisée, sondage satisfaction"
CLT01906,234,5,107934.714,2,Champions,"Programme VIP, récompenses exclusives, vente croisée"
CLT01907,155,10,91283.266,2,Champions,"Programme VIP, récompenses exclusives, vente croisée"
CLT01908,217,8,167609.97400000002,1,Réguliers,"Offres de fidélisation, points bonus, upselling"
CLT01909,26,5,26699.262,0,À Surveiller,"Relance légère, offre personnalisée, sondage satisfaction"
CLT01910,127,7,123588.128,2,Champions,"Programme VIP, récompenses exclusives, vente croisée"
CLT01911,154,3,47594.136,0,À Surveiller,"Relance légère, offre personnalisée, sondage satisfaction"
CLT01912,322,4,127602.0,0,À Surveiller,"Relance légère, offre personnalisée, sondage satisfaction"
CLT01913,202,4,42771.91,0,À Surveiller,"Relance légère, offre personnalisée, sondage satisfaction"
CLT01914,7,4,61100.302,0,À Surveiller,"Relance légère, offre personnalisée, sondage satisfaction"
CLT01915,221,8,33371.221,2,Champions,"Programme VIP, récompenses exclusives, vente croisée"
CLT01916,99,4,106174.8,0,À Surveiller,"Relance légère, offre personnalisée, sondage satisfaction"
CLT01917,330,6,18583.328,2,Champions,"Programme VIP, récompenses exclusives, vente croisée"
CLT01918,199,6,27890.6,2,Champions,"Programme VIP, récompenses exclusives, vente croisée"
CLT01919,88,3,30945.202,0,À Surveiller,"Relance légère, offre personnalisée, sondage satisfaction"
CLT01920,267,11,48501.4,2,Champions,"Programme VIP, récompenses exclusives, vente croisée"
CLT01921,128,4,19312.345,0,À Surveiller,"Relance légère, offre personnalisée, sondage satisfaction"
CLT01922,432,1,1294.52,3,Perdus,"Campagne de réactivation, offre de retour spéciale"
CLT01923,32,9,121223.463,2,Champions,"Programme VIP, récompenses exclusives, vente croisée"
CLT01924,91,7,8446.725,2,Champions,"Programme VIP, récompenses exclusives, vente croisée"
CLT01925,89,9,75156.48,2,Champions,"Programme VIP, récompenses exclusives, vente croisée"
CLT01926,53,10,96382.487,2,Champions,"Programme VIP, récompenses exclusives, vente croisée"
CLT01927,70,9,11245.293,2,Champions,"Programme VIP, récompenses exclusives, vente croisée"
CLT01928,266,6,318828.602,1,Réguliers,"Offres de fidélisation, points bonus, upselling"
CLT01929,370,4,124613.699,0,À Surveiller,"Relance légère, offre personnalisée, sondage satisfaction"
CLT01930,297,5,33022.08,0,À Surveiller,"Relance légère, offre personnalisée, sondage satisfaction"
CLT01931,288,2,22272.763,0,À Surveiller,"Relance légère, offre personnalisée, sondage satisfaction"
CLT01932,25,9,67362.82,2,Champions,"Programme VIP, récompenses exclusives, vente croisée"
CLT01933,523,5,46480.429,3,Perdus,"Campagne de réactivation, offre de retour spéciale"
CLT01934,775,1,5145.96,3,Perdus,"Campagne de réactivation, offre de retour spéciale"
CLT01935,491,6,95927.37,3,Perdus,"Campagne de réactivation, offre de retour spéciale"
CLT01936,721,6,137112.204,3,Perdus,"Campagne de réactivation, offre de retour spéciale"
CLT01937,567,5,19986.126,3,Perdus,"Campagne de réactivation, offre de retour spéciale"
CLT01938,411,6,42406.312,2,Champions,"Programme VIP, récompenses exclusives, vente croisée"
CLT01939,164,5,8194.199999999999,0,À Surveiller,"Relance légère, offre personnalisée, sondage satisfaction"
CLT01940,215,10,77118.372,2,Champions,"Programme VIP, récompenses exclusives, vente croisée"
CLT01941,102,7,64146.541,2,Champions,"Programme VIP, récompenses exclusives, vente croisée"
CLT01942,196,5,23034.322,0,À Surveiller,"Relance légère, offre personnalisée, sondage satisfaction"
CLT01943,91,5,73414.681,0,À Surveiller,"Relance légère, offre personnalisée, sondage satisfaction"
CLT01944,43,6,14268.778,2,Champions,"Programme VIP, récompenses exclusives, vente croisée"
CLT01945,241,5,17249.877,0,À Surveiller,"Relance légère, offre personnalisée, sondage satisfaction"
CLT01946,21,8,119800.222,2,Champions,"Programme VIP, récompenses exclusives, vente croisée"
CLT01947,113,7,141896.44,1,Réguliers,"Offres de fidélisation, points bonus, upselling"
CLT01948,452,1,5997.42,3,Perdus,"Campagne de réactivation, offre de retour spéciale"
CLT01949,63,6,28548.317000000003,2,Champions,"Programme VIP, récompenses exclusives, vente croisée"
CLT01950,29,10,20450.953,2,Champions,"Programme VIP, récompenses exclusives, vente croisée"
CLT01951,932,2,5989.761,3,Perdus,"Campagne de réactivation, offre de retour spéciale"
CLT01952,58,5,79627.12299999999,0,À Surveiller,"Relance légère, offre personnalisée, sondage satisfaction"
CLT01953,200,2,8123.306,0,À Surveiller,"Relance légère, offre personnalisée, sondage satisfaction"
CLT01954,270,4,18720.313,0,À Surveiller,"Relance légère, offre personnalisée, sondage satisfaction"
CLT01955,334,5,45947.275,0,À Surveiller,"Relance légère, offre personnalisée, sondage satisfaction"
CLT01956,92,4,19567.062,0,À Surveiller,"Relance légère, offre personnalisée, sondage satisfaction"
CLT01958,167,7,31674.96,2,Champions,"Programme VIP, récompenses exclusives, vente croisée"
CLT01959,14,7,80636.51699999999,2,Champions,"Programme VIP, récompenses exclusives, vente croisée"
CLT01960,264,3,6029.28,0,À Surveiller,"Relance légère, offre personnalisée, sondage satisfaction"
CLT01961,571,4,6005.4400000000005,3,Perdus,"Campagne de réactivation, offre de retour spéciale"
CLT01962,230,9,48295.815,2,Champions,"Programme VIP, récompenses exclusives, vente croisée"
CLT01963,4,8,57064.199,2,Champions,"Programme VIP, récompenses exclusives, vente croisée"
CLT01964,164,10,201403.627,1,Réguliers,"Offres de fidélisation, points bonus, upselling"
CLT01965,412,5,38204.096,3,Perdus,"Campagne de réactivation, offre de retour spéciale"
CLT01966,158,1,13565.44,0,À Surveiller,"Relance légère, offre personnalisée, sondage satisfaction"
CLT01967,105,3,3495.238,0,À Surveiller,"Relance légère, offre personnalisée, sondage satisfaction"
CLT01968,96,9,30928.111,2,Champions,"Programme VIP, récompenses exclusives, vente croisée"
CLT01969,585,4,15672.317,3,Perdus,"Campagne de réactivation, offre de retour spéciale"
CLT01970,297,4,14270.116,0,À Surveiller,"Relance légère, offre personnalisée, sondage satisfaction"
CLT01971,56,10,39708.738,2,Champions,"Programme VIP, récompenses exclusives, vente croisée"
CLT01972,331,5,41863.126,0,À Surveiller,"Relance légère, offre personnalisée, sondage satisfaction"
CLT01973,512,3,24702.370000000003,3,Perdus,"Campagne de réactivation, offre de retour spéciale"
CLT01974,29,10,308506.643,1,Réguliers,"Offres de fidélisation, points bonus, upselling"
CLT01975,21,4,94145.345,0,À Surveiller,"Relance légère, offre personnalisée, sondage satisfaction"
CLT01976,174,2,20937.596,0,À Surveiller,"Relance légère, offre personnalisée, sondage satisfaction"
CLT01977,137,2,6368.88,0,À Surveiller,"Relance légère, offre personnalisée, sondage satisfaction"
CLT01978,248,6,15319.212,2,Champions,"Programme VIP, récompenses exclusives, vente croisée"
CLT01979,73,7,280120.68,1,Réguliers,"Offres de fidélisation, points bonus, upselling"
CLT01980,210,7,23383.29,2,Champions,"Programme VIP, récompenses exclusives, vente croisée"
CLT01981,48,3,14809.41,0,À Surveiller,"Relance légère, offre personnalisée, sondage satisfaction"
CLT01982,18,3,28830.589,0,À Surveiller,"Relance légère, offre personnalisée, sondage satisfaction"
CLT01983,1062,2,24778.706,3,Perdus,"Campagne de réactivation, offre de retour spéciale"
CLT01984,113,8,29431.758,2,Champions,"Programme VIP, récompenses exclusives, vente croisée"
CLT01985,117,4,8399.562,0,À Surveiller,"Relance légère, offre personnalisée, sondage satisfaction"
CLT01986,194,5,53152.996,0,À Surveiller,"Relance légère, offre personnalisée, sondage satisfaction"
CLT01987,766,2,8259.68,3,Perdus,"Campagne de réactivation, offre de retour spéciale"
CLT01988,24,3,5774.4400000000005,0,À Surveiller,"Relance légère, offre personnalisée, sondage satisfaction"
CLT01989,129,8,123782.836,2,Champions,"Programme VIP, récompenses exclusives, vente croisée"
CLT01990,405,2,6058.34,3,Perdus,"Campagne de réactivation, offre de retour spéciale"
CLT01991,898,3,14670.72,3,Perdus,"Campagne de réactivation, offre de retour spéciale"
CLT01992,73,6,24417.195,2,Champions,"Programme VIP, récompenses exclusives, vente croisée"
CLT01993,675,5,67326.835,3,Perdus,"Campagne de réactivation, offre de retour spéciale"
CLT01994,65,5,18460.318,0,À Surveiller,"Relance légère, offre personnalisée, sondage satisfaction"
CLT01995,205,5,40836.942,0,À Surveiller,"Relance légère, offre personnalisée, sondage satisfaction"
CLT01996,712,1,14604.8,3,Perdus,"Campagne de réactivation, offre de retour spéciale"
CLT01997,101,1,26411.0,0,À Surveiller,"Relance légère, offre personnalisée, sondage satisfaction"
CLT01998,358,5,209030.14,1,Réguliers,"Offres de fidélisation, points bonus, upselling"
CLT01999,332,5,48160.994,0,À Surveiller,"Relance légère, offre personnalisée, sondage satisfaction"
CLT02000,72,11,97979.861,2,Champions,"Programme VIP, récompenses exclusives, vente croisée"
CLT02001,357,6,17247.52,2,Champions,"Programme VIP, récompenses exclusives, vente croisée"
CLT02002,197,8,109886.367,2,Champions,"Programme VIP, récompenses exclusives, vente croisée"
CLT02003,19,10,57016.222,2,Champions,"Programme VIP, récompenses exclusives, vente croisée"
CLT02004,68,4,89867.344,0,À Surveiller,"Relance légère, offre personnalisée, sondage satisfaction"
CLT02005,220,3,31998.53,0,À Surveiller,"Relance légère, offre personnalisée, sondage satisfaction"
CLT02006,93,1,1485.061,0,À Surveiller,"Relance légère, offre personnalisée, sondage satisfaction"
CLT02007,131,6,5907.843,2,Champions,"Programme VIP, récompenses exclusives, vente croisée"
CLT02008,90,4,54962.32,0,À Surveiller,"Relance légère, offre personnalisée, sondage satisfaction"
CLT02009,95,3,49788.892,0,À Surveiller,"Relance légère, offre personnalisée, sondage satisfaction"
CLT02010,36,4,22487.236,0,À Surveiller,"Relance légère, offre personnalisée, sondage satisfaction"
CLT02011,610,6,72738.95999999999,3,Perdus,"Campagne de réactivation, offre de retour spéciale"
CLT02012,194,5,172017.135,1,Réguliers,"Offres de fidélisation, points bonus, upselling"
CLT02013,5,9,60552.9,2,Champions,"Programme VIP, récompenses exclusives, vente croisée"
CLT02014,311,5,35211.96,0,À Surveiller,"Relance légère, offre personnalisée, sondage satisfaction"
CLT02015,169,2,7735.75,0,À Surveiller,"Relance légère, offre personnalisée, sondage satisfaction"
CLT02016,51,6,29350.728,2,Champions,"Programme VIP, récompenses exclusives, vente croisée"
CLT02017,44,10,147431.98200000002,1,Réguliers,"Offres de fidélisation, points bonus, upselling"
CLT02018,246,6,10879.58,2,Champions,"Programme VIP, récompenses exclusives, vente croisée"
CLT02019,246,2,22881.315,0,À Surveiller,"Relance légère, offre personnalisée, sondage satisfaction"
CLT02020,187,14,70957.575,2,Champions,"Programme VIP, récompenses exclusives, vente croisée"
CLT02021,132,3,11617.56,0,À Surveiller,"Relance légère, offre personnalisée, sondage satisfaction"
CLT02022,351,6,120620.783,2,Champions,"Programme VIP, récompenses exclusives, vente croisée"
CLT02023,254,1,21388.48,0,À Surveiller,"Relance légère, offre personnalisée, sondage satisfaction"
CLT02024,70,8,32155.983,2,Champions,"Programme VIP, récompenses exclusives, vente croisée"
CLT02025,50,5,80799.86,0,À Surveiller,"Relance légère, offre personnalisée, sondage satisfaction"
CLT02026,220,2,19927.051,0,À Surveiller,"Relance légère, offre personnalisée, sondage satisfaction"
CLT02027,403,6,48718.465,2,Champions,"Programme VIP, récompenses exclusives, vente croisée"
CLT02028,117,5,212930.1,1,Réguliers,"Offres de fidélisation, points bonus, upselling"
CLT02029,78,6,62732.04,2,Champions,"Programme VIP, récompenses exclusives, vente croisée"
CLT02030,379,2,14444.364,0,À Surveiller,"Relance légère, offre personnalisée, sondage satisfaction"
CLT02031,237,4,35176.939,0,À Surveiller,"Relance légère, offre personnalisée, sondage satisfaction"
CLT02032,12,3,14990.451,0,À Surveiller,"Relance légère, offre personnalisée, sondage satisfaction"
CLT02033,229,3,3445.315,0,À Surveiller,"Relance légère, offre personnalisée, sondage satisfaction"
CLT02034,191,2,38415.195,0,À Surveiller,"Relance légère, offre personnalisée, sondage satisfaction"
CLT02035,195,4,17172.1,0,À Surveiller,"Relance légère, offre personnalisée, sondage satisfaction"
CLT02036,10,1,13026.09,0,À Surveiller,"Relance légère, offre personnalisée, sondage satisfaction"
CLT02037,265,6,17143.897,2,Champions,"Programme VIP, récompenses exclusives, vente croisée"
CLT02038,174,3,12025.0,0,À Surveiller,"Relance légère, offre personnalisée, sondage satisfaction"
CLT02039,189,6,50959.957,2,Champions,"Programme VIP, récompenses exclusives, vente croisée"
CLT02040,356,2,3730.14,0,À Surveiller,"Relance légère, offre personnalisée, sondage satisfaction"
CLT02041,83,4,10602.3,0,À Surveiller,"Relance légère, offre personnalisée, sondage satisfaction"
CLT02042,133,5,12897.02,0,À Surveiller,"Relance légère, offre personnalisée, sondage satisfaction"
CLT02043,37,9,205523.874,1,Réguliers,"Offres de fidélisation, points bonus, upselling"
CLT02044,83,5,29768.64,0,À Surveiller,"Relance légère, offre personnalisée, sondage satisfaction"
CLT02045,326,12,218584.576,1,Réguliers,"Offres de fidélisation, points bonus, upselling"
CLT02046,271,2,5275.67,0,À Surveiller,"Relance légère, offre personnalisée, sondage satisfaction"
CLT02047,372,5,88389.45,0,À Surveiller,"Relance légère, offre personnalisée, sondage satisfaction"
CLT02048,40,3,13714.784,0,À Surveiller,"Relance légère, offre personnalisée, sondage satisfaction"
CLT02049,564,2,12276.6,3,Perdus,"Campagne de réactivation, offre de retour spéciale"
CLT02050,16,4,40367.29,0,À Surveiller,"Relance légère, offre personnalisée, sondage satisfaction"
CLT02051,164,6,26162.24,2,Champions,"Programme VIP, récompenses exclusives, vente croisée"
CLT02052,39,7,14307.086,2,Champions,"Programme VIP, récompenses exclusives, vente croisée"
CLT02053,10,6,35534.968,2,Champions,"Programme VIP, récompenses exclusives, vente croisée"
CLT02054,375,2,12662.0,0,À Surveiller,"Relance légère, offre personnalisée, sondage satisfaction"
CLT02055,457,4,43582.296,3,Perdus,"Campagne de réactivation, offre de retour spéciale"
CLT02056,147,8,62033.572,2,Champions,"Programme VIP, récompenses exclusives, vente croisée"
CLT02057,187,4,18268.77,0,À Surveiller,"Relance légère, offre personnalisée, sondage satisfaction"
CLT02058,153,4,74831.16,0,À Surveiller,"Relance légère, offre personnalisée, sondage satisfaction"
CLT02059,16,4,35751.726,0,À Surveiller,"Relance légère, offre personnalisée, sondage satisfaction"
CLT02060,28,6,16233.013,2,Champions,"Programme VIP, récompenses exclusives, vente croisée"
CLT02061,24,5,27223.852,0,À Surveiller,"Relance légère, offre personnalisée, sondage satisfaction"
CLT02062,33,3,96436.38999999998,0,À Surveiller,"Relance légère, offre personnalisée, sondage satisfaction"
CLT02063,218,8,26762.954,2,Champions,"Programme VIP, récompenses exclusives, vente croisée"
CLT02064,289,6,11082.5,2,Champions,"Programme VIP, récompenses exclusives, vente croisée"
CLT02065,574,1,15120.87,3,Perdus,"Campagne de réactivation, offre de retour spéciale"
CLT02066,247,6,28994.35,2,Champions,"Programme VIP, récompenses exclusives, vente croisée"
CLT02067,1026,2,29206.426,3,Perdus,"Campagne de réactivation, offre de retour spéciale"
CLT02068,479,6,51458.006,3,Perdus,"Campagne de réactivation, offre de retour spéciale"
CLT02069,126,8,121519.79,2,Champions,"Programme VIP, récompenses exclusives, vente croisée"
CLT02070,115,3,27284.4,0,À Surveiller,"Relance légère, offre personnalisée, sondage satisfaction"
CLT02071,79,7,31806.52,2,Champions,"Programme VIP, récompenses exclusives, vente croisée"
CLT02072,267,8,67288.039,2,Champions,"Programme VIP, récompenses exclusives, vente croisée"
CLT02073,707,2,10461.12,3,Perdus,"Campagne de réactivation, offre de retour spéciale"
CLT02074,88,2,27043.32,0,À Surveiller,"Relance légère, offre personnalisée, sondage satisfaction"
CLT02075,364,11,180979.313,1,Réguliers,"Offres de fidélisation, points bonus, upselling"
CLT02076,336,1,7903.17,0,À Surveiller,"Relance légère, offre personnalisée, sondage satisfaction"
CLT02077,986,8,8049.701,3,Perdus,"Campagne de réactivation, offre de retour spéciale"
CLT02078,176,4,13138.5,0,À Surveiller,"Relance légère, offre personnalisée, sondage satisfaction"
CLT02079,9,3,18686.216,0,À Surveiller,"Relance légère, offre personnalisée, sondage satisfaction"
CLT02080,163,5,45768.254,0,À Surveiller,"Relance légère, offre personnalisée, sondage satisfaction"
CLT02081,273,4,12522.938,0,À Surveiller,"Relance légère, offre personnalisée, sondage satisfaction"
CLT02082,623,3,47392.56,3,Perdus,"Campagne de réactivation, offre de retour spéciale"
CLT02083,630,6,33192.522,3,Perdus,"Campagne de réactivation, offre de retour spéciale"
CLT02084,247,9,219005.997,1,Réguliers,"Offres de fidélisation, points bonus, upselling"
CLT02085,43,10,29848.76,2,Champions,"Programme VIP, récompenses exclusives, vente croisée"
CLT02086,364,3,60786.52,0,À Surveiller,"Relance légère, offre personnalisée, sondage satisfaction"
CLT02087,838,2,8750.16,3,Perdus,"Campagne de réactivation, offre de retour spéciale"
CLT02088,88,4,41349.48,0,À Surveiller,"Relance légère, offre personnalisée, sondage satisfaction"
CLT02089,135,3,51803.712,0,À Surveiller,"Relance légère, offre personnalisée, sondage satisfaction"
CLT02090,221,4,13076.902,0,À Surveiller,"Relance légère, offre personnalisée, sondage satisfaction"
CLT02091,26,8,134866.585,1,Réguliers,"Offres de fidélisation, points bonus, upselling"
CLT02092,65,6,38979.059,2,Champions,"Programme VIP, récompenses exclusives, vente croisée"
CLT02093,37,5,104883.309,2,Champions,"Programme VIP, récompenses exclusives, vente croisée"
CLT02094,56,4,69049.79999999999,0,À Surveiller,"Relance légère, offre personnalisée, sondage satisfaction"
CLT02095,118,4,37578.59,0,À Surveiller,"Relance légère, offre personnalisée, sondage satisfaction"
CLT02096,46,6,47634.6,2,Champions,"Programme VIP, récompenses exclusives, vente croisée"
CLT02097,66,3,58933.17,0,À Surveiller,"Relance légère, offre personnalisée, sondage satisfaction"
CLT02098,29,6,89964.23,2,Champions,"Programme VIP, récompenses exclusives, vente croisée"
CLT02099,277,7,47181.816,2,Champions,"Programme VIP, récompenses exclusives, vente croisée"
CLT02100,231,4,49383.397,0,À Surveiller,"Relance légère, offre personnalisée, sondage satisfaction"
CLT02101,246,3,12472.74,0,À Surveiller,"Relance légère, offre personnalisée, sondage satisfaction"
CLT02102,460,6,62837.627,3,Perdus,"Campagne de réactivation, offre de retour spéciale"
CLT02103,362,6,98304.07,2,Champions,"Programme VIP, récompenses exclusives, vente croisée"
CLT02104,627,7,33086.884,3,Perdus,"Campagne de réactivation, offre de retour spéciale"
CLT02105,161,11,41118.84,2,Champions,"Programme VIP, récompenses exclusives, vente croisée"
CLT02106,25,8,37176.202,2,Champions,"Programme VIP, récompenses exclusives, vente croisée"
CLT02107,327,7,71066.46,2,Champions,"Programme VIP, récompenses exclusives, vente croisée"
CLT02108,134,7,30705.57,2,Champions,"Programme VIP, récompenses exclusives, vente croisée"
CLT02109,46,7,136559.905,1,Réguliers,"Offres de fidélisation, points bonus, upselling"
CLT02110,188,9,60042.534,2,Champions,"Programme VIP, récompenses exclusives, vente croisée"
CLT02111,128,7,11286.566,2,Champions,"Programme VIP, récompenses exclusives, vente croisée"
CLT02112,8,3,2779.4,0,À Surveiller,"Relance légère, offre personnalisée, sondage satisfaction"
CLT02113,74,3,28208.19,0,À Surveiller,"Relance légère, offre personnalisée, sondage satisfaction"
CLT02114,215,4,23279.82,0,À Surveiller,"Relance légère, offre personnalisée, sondage satisfaction"
CLT02115,30,5,39992.4,0,À Surveiller,"Relance légère, offre personnalisée, sondage satisfaction"
CLT02116,38,4,76022.699,0,À Surveiller,"Relance légère, offre personnalisée, sondage satisfaction"
CLT02117,180,2,4719.7880000000005,0,À Surveiller,"Relance légère, offre personnalisée, sondage satisfaction"
CLT02118,253,3,73856.85,0,À Surveiller,"Relance légère, offre personnalisée, sondage satisfaction"
CLT02119,55,7,49249.25,2,Champions,"Programme VIP, récompenses exclusives, vente croisée"
CLT02120,1228,1,5223.75,3,Perdus,"Campagne de réactivation, offre de retour spéciale"
CLT02121,201,5,147722.426,1,Réguliers,"Offres de fidélisation, points bonus, upselling"
CLT02122,336,4,40557.3,0,À Surveiller,"Relance légère, offre personnalisée, sondage satisfaction"
CLT02123,595,4,48041.606,3,Perdus,"Campagne de réactivation, offre de retour spéciale"
CLT02124,139,9,178136.446,1,Réguliers,"Offres de fidélisation, points bonus, upselling"
CLT02125,63,6,64458.68,2,Champions,"Programme VIP, récompenses exclusives, vente croisée"
CLT02126,184,6,104709.256,2,Champions,"Programme VIP, récompenses exclusives, vente croisée"
CLT02127,851,2,10098.27,3,Perdus,"Campagne de réactivation, offre de retour spéciale"
CLT02128,26,9,12710.88,2,Champions,"Programme VIP, récompenses exclusives, vente croisée"
CLT02129,128,2,7249.129999999999,0,À Surveiller,"Relance légère, offre personnalisée, sondage satisfaction"
CLT02130,901,3,14959.772,3,Perdus,"Campagne de réactivation, offre de retour spéciale"
CLT02131,67,9,56523.773,2,Champions,"Programme VIP, récompenses exclusives, vente croisée"
CLT02132,395,3,45680.07,3,Perdus,"Campagne de réactivation, offre de retour spéciale"
CLT02133,870,4,83965.14,3,Perdus,"Campagne de réactivation, offre de retour spéciale"
CLT02134,253,7,40910.1,2,Champions,"Programme VIP, récompenses exclusives, vente croisée"
CLT02135,22,5,4853.91,0,À Surveiller,"Relance légère, offre personnalisée, sondage satisfaction"
CLT02136,208,6,55219.46,2,Champions,"Programme VIP, récompenses exclusives, vente croisée"
CLT02137,320,5,42282.0,0,À Surveiller,"Relance légère, offre personnalisée, sondage satisfaction"
CLT02138,240,4,7544.5,0,À Surveiller,"Relance légère, offre personnalisée, sondage satisfaction"
CLT02139,85,4,41043.04,0,À Surveiller,"Relance légère, offre personnalisée, sondage satisfaction"
CLT02140,144,4,71689.04000000001,0,À Surveiller,"Relance légère, offre personnalisée, sondage satisfaction"
CLT02141,734,3,31465.0,3,Perdus,"Campagne de réactivation, offre de retour spéciale"
CLT02142,9,1,7227.33,0,À Surveiller,"Relance légère, offre personnalisée, sondage satisfaction"
CLT02143,117,4,83648.34,0,À Surveiller,"Relance légère, offre personnalisée, sondage satisfaction"
CLT02144,994,1,18623.15,3,Perdus,"Campagne de réactivation, offre de retour spéciale"
CLT02145,84,6,75423.76,2,Champions,"Programme VIP, récompenses exclusives, vente croisée"
CLT02146,193,5,20442.47,0,À Surveiller,"Relance légère, offre personnalisée, sondage satisfaction"
CLT02147,415,7,43558.0,2,Champions,"Programme VIP, récompenses exclusives, vente croisée"
CLT02148,569,3,28966.14,3,Perdus,"Campagne de réactivation, offre de retour spéciale"
CLT02149,144,5,25470.858,0,À Surveiller,"Relance légère, offre personnalisée, sondage satisfaction"
CLT02150,175,4,6028.397,0,À Surveiller,"Relance légère, offre personnalisée, sondage satisfaction"
CLT02151,65,6,55152.479,2,Champions,"Programme VIP, récompenses exclusives, vente croisée"
CLT02152,150,5,9422.88,0,À Surveiller,"Relance légère, offre personnalisée, sondage satisfaction"
CLT02154,720,6,15016.1,3,Perdus,"Campagne de réactivation, offre de retour spéciale"
CLT02155,595,6,54254.916,3,Perdus,"Campagne de réactivation, offre de retour spéciale"
CLT02156,227,7,122917.21,2,Champions,"Programme VIP, récompenses exclusives, vente croisée"
CLT02157,387,9,66779.16,2,Champions,"Programme VIP, récompenses exclusives, vente croisée"
CLT02158,146,6,13198.25,2,Champions,"Programme VIP, récompenses exclusives, vente croisée"
CLT02159,622,2,3759.36,3,Perdus,"Campagne de réactivation, offre de retour spéciale"
CLT02160,158,7,178396.528,1,Réguliers,"Offres de fidélisation, points bonus, upselling"
CLT02161,73,3,16984.0,0,À Surveiller,"Relance légère, offre personnalisée, sondage satisfaction"
CLT02162,413,8,45152.8,2,Champions,"Programme VIP, récompenses exclusives, vente croisée"
CLT02163,89,5,22153.488,0,À Surveiller,"Relance légère, offre personnalisée, sondage satisfaction"
CLT02164,46,6,59918.716,2,Champions,"Programme VIP, récompenses exclusives, vente croisée"
CLT02165,13,8,9384.267,2,Champions,"Programme VIP, récompenses exclusives, vente croisée"
CLT02166,160,7,27339.69,2,Champions,"Programme VIP, récompenses exclusives, vente croisée"
CLT02167,29,4,13044.78,0,À Surveiller,"Relance légère, offre personnalisée, sondage satisfaction"
CLT02168,178,7,184666.357,1,Réguliers,"Offres de fidélisation, points bonus, upselling"
CLT02169,294,6,26017.805,2,Champions,"Programme VIP, récompenses exclusives, vente croisée"
CLT02170,131,6,11299.039,2,Champions,"Programme VIP, récompenses exclusives, vente croisée"
CLT02171,415,4,15234.543,3,Perdus,"Campagne de réactivation, offre de retour spéciale"
CLT02172,75,7,26143.673,2,Champions,"Programme VIP, récompenses exclusives, vente croisée"
CLT02173,99,3,3579.467,0,À Surveiller,"Relance légère, offre personnalisée, sondage satisfaction"
CLT02174,76,4,79757.363,0,À Surveiller,"Relance légère, offre personnalisée, sondage satisfaction"
CLT02175,3,8,113092.204,2,Champions,"Programme VIP, récompenses exclusives, vente croisée"
CLT02176,189,2,3996.4,0,À Surveiller,"Relance légère, offre personnalisée, sondage satisfaction"
CLT02177,133,1,11101.2,0,À Surveiller,"Relance légère, offre personnalisée, sondage satisfaction"
CLT02178,107,7,227479.805,1,Réguliers,"Offres de fidélisation, points bonus, upselling"
CLT02179,12,6,23989.842,2,Champions,"Programme VIP, récompenses exclusives, vente croisée"
CLT02180,87,9,44023.407,2,Champions,"Programme VIP, récompenses exclusives, vente croisée"
CLT02181,487,4,35126.826,3,Perdus,"Campagne de réactivation, offre de retour spéciale"
CLT02182,325,5,154934.06,1,Réguliers,"Offres de fidélisation, points bonus, upselling"
CLT02183,38,4,41992.584,0,À Surveiller,"Relance légère, offre personnalisée, sondage satisfaction"
CLT02184,118,4,14860.06,0,À Surveiller,"Relance légère, offre personnalisée, sondage satisfaction"
CLT02185,175,10,39162.449,2,Champions,"Programme VIP, récompenses exclusives, vente croisée"
CLT02186,36,5,83160.993,0,À Surveiller,"Relance légère, offre personnalisée, sondage satisfaction"
CLT02187,150,5,22162.542,0,À Surveiller,"Relance légère, offre personnalisée, sondage satisfaction"
CLT02188,61,9,304665.265,1,Réguliers,"Offres de fidélisation, points bonus, upselling"
CLT02189,517,6,21399.926,3,Perdus,"Campagne de réactivation, offre de retour spéciale"
CLT02190,1367,3,10165.54,3,Perdus,"Campagne de réactivation, offre de retour spéciale"
CLT02191,402,6,36106.317,2,Champions,"Programme VIP, récompenses exclusives, vente croisée"
CLT02192,51,4,15181.16,0,À Surveiller,"Relance légère, offre personnalisée, sondage satisfaction"
CLT02193,17,6,119928.821,2,Champions,"Programme VIP, récompenses exclusives, vente croisée"
CLT02194,36,6,96147.997,2,Champions,"Programme VIP, récompenses exclusives, vente croisée"
CLT02195,344,2,10058.37,0,À Surveiller,"Relance légère, offre personnalisée, sondage satisfaction"
CLT02196,201,6,25379.25,2,Champions,"Programme VIP, récompenses exclusives, vente croisée"
CLT02197,781,2,2165.96,3,Perdus,"Campagne de réactivation, offre de retour spéciale"
CLT02198,943,2,45276.199,3,Perdus,"Campagne de réactivation, offre de retour spéciale"
CLT02199,981,3,9627.0,3,Perdus,"Campagne de réactivation, offre de retour spéciale"
CLT02200,527,3,21659.753,3,Perdus,"Campagne de réactivation, offre de retour spéciale"
CLT02201,512,4,9885.74,3,Perdus,"Campagne de réactivation, offre de retour spéciale"
CLT02202,50,5,136450.515,1,Réguliers,"Offres de fidélisation, points bonus, upselling"
CLT02203,86,8,100608.904,2,Champions,"Programme VIP, récompenses exclusives, vente croisée"
CLT02204,205,7,19929.728,2,Champions,"Programme VIP, récompenses exclusives, vente croisée"
CLT02205,175,1,3179.52,0,À Surveiller,"Relance légère, offre personnalisée, sondage satisfaction"
CLT02206,153,9,21599.62,2,Champions,"Programme VIP, récompenses exclusives, vente croisée"
CLT02207,56,5,222373.976,1,Réguliers,"Offres de fidélisation, points bonus, upselling"
CLT02208,101,11,15494.7,2,Champions,"Programme VIP, récompenses exclusives, vente croisée"
CLT02209,525,4,37958.74,3,Perdus,"Campagne de réactivation, offre de retour spéciale"
CLT02210,317,4,12015.6,0,À Surveiller,"Relance légère, offre personnalisée, sondage satisfaction"
CLT02211,798,3,46548.605,3,Perdus,"Campagne de réactivation, offre de retour spéciale"
CLT02212,76,10,236954.744,1,Réguliers,"Offres de fidélisation, points bonus, upselling"
CLT02213,49,4,34035.802,0,À Surveiller,"Relance légère, offre personnalisée, sondage satisfaction"
CLT02214,35,7,25630.339,2,Champions,"Programme VIP, récompenses exclusives, vente croisée"
CLT02215,230,2,10734.75,0,À Surveiller,"Relance légère, offre personnalisée, sondage satisfaction"
CLT02216,648,2,15874.17,3,Perdus,"Campagne de réactivation, offre de retour spéciale"
CLT02217,165,4,44889.42,0,À Surveiller,"Relance légère, offre personnalisée, sondage satisfaction"
CLT02218,603,3,36070.5,3,Perdus,"Campagne de réactivation, offre de retour spéciale"
CLT02219,319,5,119905.148,2,Champions,"Programme VIP, récompenses exclusives, vente croisée"
CLT02220,89,4,14707.432,0,À Surveiller,"Relance légère, offre personnalisée, sondage satisfaction"
CLT02221,107,5,99067.92,2,Champions,"Programme VIP, récompenses exclusives, vente croisée"
CLT02222,270,8,73294.65,2,Champions,"Programme VIP, récompenses exclusives, vente croisée"
CLT02223,1072,2,10385.021,3,Perdus,"Campagne de réactivation, offre de retour spéciale"
CLT02224,139,5,139031.028,1,Réguliers,"Offres de fidélisation, points bonus, upselling"
CLT02225,231,6,115580.16,2,Champions,"Programme VIP, récompenses exclusives, vente croisée"
CLT02226,159,5,49766.436,0,À Surveiller,"Relance légère, offre personnalisée, sondage satisfaction"
CLT02227,640,5,17461.345999999998,3,Perdus,"Campagne de réactivation, offre de retour spéciale"
CLT02228,379,8,29558.627,2,Champions,"Programme VIP, récompenses exclusives, vente croisée"
CLT02229,357,5,8153.601,0,À Surveiller,"Relance légère, offre personnalisée, sondage satisfaction"
CLT02230,74,4,7794.15,0,À Surveiller,"Relance légère, offre personnalisée, sondage satisfaction"
CLT02231,78,7,315898.92,1,Réguliers,"Offres de fidélisation, points bonus, upselling"
CLT02232,224,5,105950.46,2,Champions,"Programme VIP, récompenses exclusives, vente croisée"
CLT02233,12,7,12858.7,2,Champions,"Programme VIP, récompenses exclusives, vente croisée"
CLT02234,158,7,32065.967,2,Champions,"Programme VIP, récompenses exclusives, vente croisée"
CLT02235,2,7,33789.9,2,Champions,"Programme VIP, récompenses exclusives, vente croisée"
CLT02236,254,4,19051.701,0,À Surveiller,"Relance légère, offre personnalisée, sondage satisfaction"
CLT02237,210,3,9994.42,0,À Surveiller,"Relance légère, offre personnalisée, sondage satisfaction"
CLT02238,151,6,20317.336,2,Champions,"Programme VIP, récompenses exclusives, vente croisée"
CLT02239,140,3,28499.95,0,À Surveiller,"Relance légère, offre personnalisée, sondage satisfaction"
CLT02240,130,9,264645.831,1,Réguliers,"Offres de fidélisation, points bonus, upselling"
CLT02241,440,7,322121.44,1,Réguliers,"Offres de fidélisation, points bonus, upselling"
CLT02242,442,6,26357.229,3,Perdus,"Campagne de réactivation, offre de retour spéciale"
CLT02243,260,2,9704.0,0,À Surveiller,"Relance légère, offre personnalisée, sondage satisfaction"
CLT02244,206,4,29448.410000000003,0,À Surveiller,"Relance légère, offre personnalisée, sondage satisfaction"
CLT02245,460,7,43834.636,2,Champions,"Programme VIP, récompenses exclusives, vente croisée"
CLT02246,37,4,23511.51,0,À Surveiller,"Relance légère, offre personnalisée, sondage satisfaction"
CLT02247,470,4,63476.348,3,Perdus,"Campagne de réactivation, offre de retour spéciale"
CLT02248,380,8,56413.834,2,Champions,"Programme VIP, récompenses exclusives, vente croisée"
CLT02249,133,3,69717.379,0,À Surveiller,"Relance légère, offre personnalisée, sondage satisfaction"
CLT02250,67,4,5817.557,0,À Surveiller,"Relance légère, offre personnalisée, sondage satisfaction"
CLT02251,317,6,16763.501,2,Champions,"Programme VIP, récompenses exclusives, vente croisée"
CLT02252,272,5,22395.563,0,À Surveiller,"Relance légère, offre personnalisée, sondage satisfaction"
CLT02253,286,2,5019.5380000000005,0,À Surveiller,"Relance légère, offre personnalisée, sondage satisfaction"
CLT02254,99,2,66401.46,0,À Surveiller,"Relance légère, offre personnalisée, sondage satisfaction"
CLT02255,198,1,1462.3,0,À Surveiller,"Relance légère, offre personnalisée, sondage satisfaction"
CLT02256,82,2,13280.56,0,À Surveiller,"Relance légère, offre personnalisée, sondage satisfaction"
CLT02257,62,4,20489.049,0,À Surveiller,"Relance légère, offre personnalisée, sondage satisfaction"
CLT02258,54,6,31073.505,2,Champions,"Programme VIP, récompenses exclusives, vente croisée"
CLT02259,12,8,222478.395,1,Réguliers,"Offres de fidélisation, points bonus, upselling"
CLT02260,225,8,50811.554,2,Champions,"Programme VIP, récompenses exclusives, vente croisée"
CLT02261,70,2,15715.21,0,À Surveiller,"Relance légère, offre personnalisée, sondage satisfaction"
CLT02262,140,8,38124.45,2,Champions,"Programme VIP, récompenses exclusives, vente croisée"
CLT02263,132,7,58195.2,2,Champions,"Programme VIP, récompenses exclusives, vente croisée"
CLT02264,655,4,9582.487,3,Perdus,"Campagne de réactivation, offre de retour spéciale"
CLT02265,218,3,11865.283,0,À Surveiller,"Relance légère, offre personnalisée, sondage satisfaction"
CLT02266,336,6,35374.326,2,Champions,"Programme VIP, récompenses exclusives, vente croisée"
CLT02267,257,8,30019.592,2,Champions,"Programme VIP, récompenses exclusives, vente croisée"
CLT02268,487,5,130026.58,3,Perdus,"Campagne de réactivation, offre de retour spéciale"
CLT02269,96,4,21168.846,0,À Surveiller,"Relance légère, offre personnalisée, sondage satisfaction"
CLT02270,5,6,27580.022,2,Champions,"Programme VIP, récompenses exclusives, vente croisée"
CLT02271,2,7,23622.601,2,Champions,"Programme VIP, récompenses exclusives, vente croisée"
CLT02272,4,7,16889.989,2,Champions,"Programme VIP, récompenses exclusives, vente croisée"
CLT02273,113,4,21160.296,0,À Surveiller,"Relance légère, offre personnalisée, sondage satisfaction"
CLT02274,170,6,61842.146,2,Champions,"Programme VIP, récompenses exclusives, vente croisée"
CLT02275,103,9,127717.92,1,Réguliers,"Offres de fidélisation, points bonus, upselling"
CLT02276,10,6,13019.422,2,Champions,"Programme VIP, récompenses exclusives, vente croisée"
CLT02277,5,7,6586.752,2,Champions,"Programme VIP, récompenses exclusives, vente croisée"
CLT02278,32,7,68386.624,2,Champions,"Programme VIP, récompenses exclusives, vente croisée"
CLT02279,106,14,15325.683,2,Champions,"Programme VIP, récompenses exclusives, vente croisée"
CLT02280,25,5,10151.074,0,À Surveiller,"Relance légère, offre personnalisée, sondage satisfaction"
CLT02281,135,4,21692.0,0,À Surveiller,"Relance légère, offre personnalisée, sondage satisfaction"
CLT02282,99,4,76810.97099999999,0,À Surveiller,"Relance légère, offre personnalisée, sondage satisfaction"
CLT02284,105,7,60593.536,2,Champions,"Programme VIP, récompenses exclusives, vente croisée"
CLT02285,348,6,6414.125,2,Champions,"Programme VIP, récompenses exclusives, vente croisée"
CLT02286,1162,1,4305.0,3,Perdus,"Campagne de réactivation, offre de retour spéciale"
CLT02287,33,8,149626.95,1,Réguliers,"Offres de fidélisation, points bonus, upselling"
CLT02288,227,7,31315.515,2,Champions,"Programme VIP, récompenses exclusives, vente croisée"
CLT02289,39,7,66281.58,2,Champions,"Programme VIP, récompenses exclusives, vente croisée"
CLT02290,813,5,52193.078,3,Perdus,"Campagne de réactivation, offre de retour spéciale"
CLT02291,34,4,24079.67,0,À Surveiller,"Relance légère, offre personnalisée, sondage satisfaction"
CLT02292,58,5,112071.96,2,Champions,"Programme VIP, récompenses exclusives, vente croisée"
CLT02293,94,3,10382.839,0,À Surveiller,"Relance légère, offre personnalisée, sondage satisfaction"
CLT02294,59,6,17470.171000000002,2,Champions,"Programme VIP, récompenses exclusives, vente croisée"
CLT02295,304,3,9975.12,0,À Surveiller,"Relance légère, offre personnalisée, sondage satisfaction"
CLT02296,177,2,9633.395,0,À Surveiller,"Relance légère, offre personnalisée, sondage satisfaction"
CLT02297,212,5,8837.778,0,À Surveiller,"Relance légère, offre personnalisée, sondage satisfaction"
CLT02298,358,3,4644.9580000000005,0,À Surveiller,"Relance légère, offre personnalisée, sondage satisfaction"
CLT02299,712,1,10973.617,3,Perdus,"Campagne de réactivation, offre de retour spéciale"
CLT02300,548,6,20605.2,3,Perdus,"Campagne de réactivation, offre de retour spéciale"
CLT02301,564,3,2904.922,3,Perdus,"Campagne de réactivation, offre de retour spéciale"
CLT02302,858,2,14261.94,3,Perdus,"Campagne de réactivation, offre de retour spéciale"
CLT02303,214,4,19761.6,0,À Surveiller,"Relance légère, offre personnalisée, sondage satisfaction"
CLT02304,611,3,55446.3,3,Perdus,"Campagne de réactivation, offre de retour spéciale"
CLT02305,1126,3,9112.14,3,Perdus,"Campagne de réactivation, offre de retour spéciale"
CLT02306,37,2,15143.742,0,À Surveiller,"Relance légère, offre personnalisée, sondage satisfaction"
CLT02307,828,2,13613.18,3,Perdus,"Campagne de réactivation, offre de retour spéciale"
CLT02308,48,5,43934.977,0,À Surveiller,"Relance légère, offre personnalisée, sondage satisfaction"
CLT02309,80,3,16729.98,0,À Surveiller,"Relance légère, offre personnalisée, sondage satisfaction"
CLT02310,548,3,18293.462,3,Perdus,"Campagne de réactivation, offre de retour spéciale"
CLT02311,20,4,76676.827,0,À Surveiller,"Relance légère, offre personnalisée, sondage satisfaction"
CLT02312,754,5,30905.686,3,Perdus,"Campagne de réactivation, offre de retour spéciale"
CLT02313,436,5,20801.61,3,Perdus,"Campagne de réactivation, offre de retour spéciale"
CLT02314,193,4,33911.193,0,À Surveiller,"Relance légère, offre personnalisée, sondage satisfaction"
CLT02315,414,5,75194.244,3,Perdus,"Campagne de réactivation, offre de retour spéciale"
CLT02316,14,5,104749.205,2,Champions,"Programme VIP, récompenses exclusives, vente croisée"
CLT02317,651,6,38433.09,3,Perdus,"Campagne de réactivation, offre de retour spéciale"
CLT02318,105,7,34582.1,2,Champions,"Programme VIP, récompenses exclusives, vente croisée"
CLT02319,386,3,44951.522,0,À Surveiller,"Relance légère, offre personnalisée, sondage satisfaction"
CLT02320,323,1,6013.28,0,À Surveiller,"Relance légère, offre personnalisée, sondage satisfaction"
CLT02321,571,7,14463.6,3,Perdus,"Campagne de réactivation, offre de retour spéciale"
CLT02322,393,5,92915.565,0,À Surveiller,"Relance légère, offre personnalisée, sondage satisfaction"
CLT02323,335,3,15050.28,0,À Surveiller,"Relance légère, offre personnalisée, sondage satisfaction"
CLT02324,168,2,12447.72,0,À Surveiller,"Relance légère, offre personnalisée, sondage satisfaction"
CLT02325,248,4,109077.21,0,À Surveiller,"Relance légère, offre personnalisée, sondage satisfaction"
CLT02326,144,6,30831.42,2,Champions,"Programme VIP, récompenses exclusives, vente croisée"
CLT02327,5,6,29133.55,2,Champions,"Programme VIP, récompenses exclusives, vente croisée"
CLT02328,74,6,28736.097,2,Champions,"Programme VIP, récompenses exclusives, vente croisée"
CLT02329,146,6,60885.84,2,Champions,"Programme VIP, récompenses exclusives, vente croisée"
CLT02330,121,4,24462.27,0,À Surveiller,"Relance légère, offre personnalisée, sondage satisfaction"
CLT02331,98,3,16013.57,0,À Surveiller,"Relance légère, offre personnalisée, sondage satisfaction"
CLT02332,327,3,13808.86,0,À Surveiller,"Relance légère, offre personnalisée, sondage satisfaction"
CLT02333,1,5,53200.485,0,À Surveiller,"Relance légère, offre personnalisée, sondage satisfaction"
CLT02334,452,1,5404.06,3,Perdus,"Campagne de réactivation, offre de retour spéciale"
CLT02335,339,3,14721.15,0,À Surveiller,"Relance légère, offre personnalisée, sondage satisfaction"
CLT02336,179,8,90098.25,2,Champions,"Programme VIP, récompenses exclusives, vente croisée"
CLT02337,11,8,33484.51,2,Champions,"Programme VIP, récompenses exclusives, vente croisée"
CLT02338,161,6,51809.489,2,Champions,"Programme VIP, récompenses exclusives, vente croisée"
CLT02339,132,7,8790.974,2,Champions,"Programme VIP, récompenses exclusives, vente croisée"
CLT02340,25,10,56565.04,2,Champions,"Programme VIP, récompenses exclusives, vente croisée"
CLT02341,490,7,36073.44,2,Champions,"Programme VIP, récompenses exclusives, vente croisée"
CLT02342,228,2,4209.628,0,À Surveiller,"Relance légère, offre personnalisée, sondage satisfaction"
CLT02343,368,5,20629.892,0,À Surveiller,"Relance légère, offre personnalisée, sondage satisfaction"
CLT02344,103,4,54977.880000000005,0,À Surveiller,"Relance légère, offre personnalisée, sondage satisfaction"
CLT02345,438,2,6356.042,3,Perdus,"Campagne de réactivation, offre de retour spéciale"
CLT02346,126,3,9940.28,0,À Surveiller,"Relance légère, offre personnalisée, sondage satisfaction"
CLT02347,276,2,2410.653,0,À Surveiller,"Relance légère, offre personnalisée, sondage satisfaction"
CLT02348,198,10,66630.96,2,Champions,"Programme VIP, récompenses exclusives, vente croisée"
CLT02349,386,7,74162.656,2,Champions,"Programme VIP, récompenses exclusives, vente croisée"
CLT02350,713,5,25549.1,3,Perdus,"Campagne de réactivation, offre de retour spéciale"
CLT02351,387,1,1180.73,3,Perdus,"Campagne de réactivation, offre de retour spéciale"
CLT02352,109,6,46165.68,2,Champions,"Programme VIP, récompenses exclusives, vente croisée"
CLT02353,359,4,26157.106,0,À Surveiller,"Relance légère, offre personnalisée, sondage satisfaction"
CLT02354,579,2,6289.91,3,Perdus,"Campagne de réactivation, offre de retour spéciale"
CLT02355,25,10,162760.619,1,Réguliers,"Offres de fidélisation, points bonus, upselling"
CLT02356,159,7,94020.181,2,Champions,"Programme VIP, récompenses exclusives, vente croisée"
CLT02357,780,3,4212.98,3,Perdus,"Campagne de réactivation, offre de retour spéciale"
CLT02358,39,2,8684.694,0,À Surveiller,"Relance légère, offre personnalisée, sondage satisfaction"
CLT02359,194,7,69975.89600000001,2,Champions,"Programme VIP, récompenses exclusives, vente croisée"
CLT02360,300,4,22406.6,0,À Surveiller,"Relance légère, offre personnalisée, sondage satisfaction"
CLT02361,171,6,55424.275,2,Champions,"Programme VIP, récompenses exclusives, vente croisée"
CLT02362,55,4,22106.844,0,À Surveiller,"Relance légère, offre personnalisée, sondage satisfaction"
CLT02363,25,6,9856.556,2,Champions,"Programme VIP, récompenses exclusives, vente croisée"
CLT02364,160,4,36715.421,0,À Surveiller,"Relance légère, offre personnalisée, sondage satisfaction"
CLT02365,23,5,65284.964,0,À Surveiller,"Relance légère, offre personnalisée, sondage satisfaction"
CLT02366,138,5,31597.536,0,À Surveiller,"Relance légère, offre personnalisée, sondage satisfaction"
CLT02367,520,1,3738.28,3,Perdus,"Campagne de réactivation, offre de retour spéciale"
CLT02368,141,6,31957.095,2,Champions,"Programme VIP, récompenses exclusives, vente croisée"
CLT02369,73,6,45322.42,2,Champions,"Programme VIP, récompenses exclusives, vente croisée"
CLT02370,412,7,64549.44,2,Champions,"Programme VIP, récompenses exclusives, vente croisée"
CLT02371,171,3,52301.34,0,À Surveiller,"Relance légère, offre personnalisée, sondage satisfaction"
CLT02372,770,3,3701.57,3,Perdus,"Campagne de réactivation, offre de retour spéciale"
CLT02373,128,8,9768.57,2,Champions,"Programme VIP, récompenses exclusives, vente croisée"
CLT02374,133,1,6956.258,0,À Surveiller,"Relance légère, offre personnalisée, sondage satisfaction"
CLT02375,244,6,55030.918000000005,2,Champions,"Programme VIP, récompenses exclusives, vente croisée"
CLT02376,509,1,1120.86,3,Perdus,"Campagne de réactivation, offre de retour spéciale"
CLT02377,2,10,88020.9,2,Champions,"Programme VIP, récompenses exclusives, vente croisée"
CLT02378,317,3,11636.804,0,À Surveiller,"Relance légère, offre personnalisée, sondage satisfaction"
CLT02379,5,4,20533.901,0,À Surveiller,"Relance légère, offre personnalisée, sondage satisfaction"
CLT02380,522,1,20711.94,3,Perdus,"Campagne de réactivation, offre de retour spéciale"
CLT02381,329,2,7423.865,0,À Surveiller,"Relance légère, offre personnalisée, sondage satisfaction"
CLT02382,384,2,3212.6400000000003,3,Perdus,"Campagne de réactivation, offre de retour spéciale"
CLT02383,197,2,6778.95,0,À Surveiller,"Relance légère, offre personnalisée, sondage satisfaction"
CLT02384,274,2,49050.56,0,À Surveiller,"Relance légère, offre personnalisée, sondage satisfaction"
CLT02385,413,2,2339.02,3,Perdus,"Campagne de réactivation, offre de retour spéciale"
CLT02386,165,4,22974.534,0,À Surveiller,"Relance légère, offre personnalisée, sondage satisfaction"
CLT02387,394,7,85219.28,2,Champions,"Programme VIP, récompenses exclusives, vente croisée"
CLT02388,128,2,18620.12,0,À Surveiller,"Relance légère, offre personnalisée, sondage satisfaction"
CLT02389,62,7,64478.126,2,Champions,"Programme VIP, récompenses exclusives, vente croisée"
CLT02390,363,2,34261.399999999994,0,À Surveiller,"Relance légère, offre personnalisée, sondage satisfaction"
CLT02391,225,4,17753.148999999998,0,À Surveiller,"Relance légère, offre personnalisée, sondage satisfaction"
CLT02392,450,6,17956.026,3,Perdus,"Campagne de réactivation, offre de retour spéciale"
CLT02393,259,3,28441.384,0,À Surveiller,"Relance légère, offre personnalisée, sondage satisfaction"
CLT02394,541,5,23628.297,3,Perdus,"Campagne de réactivation, offre de retour spéciale"
CLT02395,43,8,56431.451,2,Champions,"Programme VIP, récompenses exclusives, vente croisée"
CLT02396,137,6,152749.15,1,Réguliers,"Offres de fidélisation, points bonus, upselling"
CLT02397,130,6,18077.223,2,Champions,"Programme VIP, récompenses exclusives, vente croisée"
CLT02398,26,2,10262.43,0,À Surveiller,"Relance légère, offre personnalisée, sondage satisfaction"
CLT02399,248,5,54923.056,0,À Surveiller,"Relance légère, offre personnalisée, sondage satisfaction"
CLT02400,68,9,47634.99,2,Champions,"Programme VIP, récompenses exclusives, vente croisée"
CLT02401,161,9,44764.829,2,Champions,"Programme VIP, récompenses exclusives, vente croisée"
CLT02402,232,5,66355.422,0,À Surveiller,"Relance légère, offre personnalisée, sondage satisfaction"
CLT02403,675,2,24616.192,3,Perdus,"Campagne de réactivation, offre de retour spéciale"
CLT02404,340,4,89088.2,0,À Surveiller,"Relance légère, offre personnalisée, sondage satisfaction"
CLT02405,42,7,26221.905,2,Champions,"Programme VIP, récompenses exclusives, vente croisée"
CLT02406,265,6,26345.827,2,Champions,"Programme VIP, récompenses exclusives, vente croisée"
CLT02407,238,6,22505.467,2,Champions,"Programme VIP, récompenses exclusives, vente croisée"
CLT02408,133,4,97379.64,0,À Surveiller,"Relance légère, offre personnalisée, sondage satisfaction"
CLT02409,42,2,20921.196,0,À Surveiller,"Relance légère, offre personnalisée, sondage satisfaction"
CLT02410,328,4,15350.131,0,À Surveiller,"Relance légère, offre personnalisée, sondage satisfaction"
CLT02411,93,4,182648.74,1,Réguliers,"Offres de fidélisation, points bonus, upselling"
CLT02412,307,1,1783.08,0,À Surveiller,"Relance légère, offre personnalisée, sondage satisfaction"
CLT02413,51,3,75693.24,0,À Surveiller,"Relance légère, offre personnalisée, sondage satisfaction"
CLT02414,121,4,136248.01,1,Réguliers,"Offres de fidélisation, points bonus, upselling"
CLT02415,86,5,24944.593,0,À Surveiller,"Relance légère, offre personnalisée, sondage satisfaction"
CLT02416,429,4,84279.0,3,Perdus,"Campagne de réactivation, offre de retour spéciale"
CLT02417,129,6,27584.858,2,Champions,"Programme VIP, récompenses exclusives, vente croisée"
CLT02418,55,3,20098.741,0,À Surveiller,"Relance légère, offre personnalisée, sondage satisfaction"
CLT02419,287,6,86591.015,2,Champions,"Programme VIP, récompenses exclusives, vente croisée"
CLT02420,290,4,14156.87,0,À Surveiller,"Relance légère, offre personnalisée, sondage satisfaction"
CLT02421,380,3,73633.64,0,À Surveiller,"Relance légère, offre personnalisée, sondage satisfaction"
CLT02422,81,6,25249.888,2,Champions,"Programme VIP, récompenses exclusives, vente croisée"
CLT02423,358,4,94242.614,0,À Surveiller,"Relance légère, offre personnalisée, sondage satisfaction"
CLT02424,208,6,145583.725,1,Réguliers,"Offres de fidélisation, points bonus, upselling"
CLT02425,121,3,26776.96,0,À Surveiller,"Relance légère, offre personnalisée, sondage satisfaction"
CLT02426,172,6,38447.662,2,Champions,"Programme VIP, récompenses exclusives, vente croisée"
CLT02427,551,2,22487.35,3,Perdus,"Campagne de réactivation, offre de retour spéciale"
CLT02428,266,2,34771.178,0,À Surveiller,"Relance légère, offre personnalisée, sondage satisfaction"
CLT02429,703,3,6872.352999999999,3,Perdus,"Campagne de réactivation, offre de retour spéciale"
CLT02430,208,2,4482.77,0,À Surveiller,"Relance légère, offre personnalisée, sondage satisfaction"
CLT02431,75,5,12075.994,0,À Surveiller,"Relance légère, offre personnalisée, sondage satisfaction"
CLT02432,124,4,30816.591,0,À Surveiller,"Relance légère, offre personnalisée, sondage satisfaction"
CLT02433,201,1,27565.02,0,À Surveiller,"Relance légère, offre personnalisée, sondage satisfaction"
CLT02434,76,8,251255.763,1,Réguliers,"Offres de fidélisation, points bonus, upselling"
CLT02435,72,2,35601.522,0,À Surveiller,"Relance légère, offre personnalisée, sondage satisfaction"
CLT02436,67,6,106925.76,2,Champions,"Programme VIP, récompenses exclusives, vente croisée"
CLT02437,70,10,42562.598,2,Champions,"Programme VIP, récompenses exclusives, vente croisée"
CLT02438,102,3,13418.005,0,À Surveiller,"Relance légère, offre personnalisée, sondage satisfaction"
CLT02439,15,5,25545.322,0,À Surveiller,"Relance légère, offre personnalisée, sondage satisfaction"
CLT02440,190,6,10874.28,2,Champions,"Programme VIP, récompenses exclusives, vente croisée"
CLT02441,137,7,29021.818,2,Champions,"Programme VIP, récompenses exclusives, vente croisée"
CLT02442,18,3,26712.1,0,À Surveiller,"Relance légère, offre personnalisée, sondage satisfaction"
CLT02443,523,1,839.177,3,Perdus,"Campagne de réactivation, offre de retour spéciale"
CLT02444,49,4,136303.667,1,Réguliers,"Offres de fidélisation, points bonus, upselling"
CLT02445,84,5,34923.161,0,À Surveiller,"Relance légère, offre personnalisée, sondage satisfaction"
CLT02446,254,5,129283.3,1,Réguliers,"Offres de fidélisation, points bonus, upselling"
CLT02447,626,4,22716.65,3,Perdus,"Campagne de réactivation, offre de retour spéciale"
CLT02448,15,5,90854.4,2,Champions,"Programme VIP, récompenses exclusives, vente croisée"
CLT02449,51,4,43338.51,0,À Surveiller,"Relance légère, offre personnalisée, sondage satisfaction"
CLT02450,158,4,25633.17,0,À Surveiller,"Relance légère, offre personnalisée, sondage satisfaction"
CLT02451,50,4,94567.482,0,À Surveiller,"Relance légère, offre personnalisée, sondage satisfaction"
CLT02452,318,6,110838.307,2,Champions,"Programme VIP, récompenses exclusives, vente croisée"
CLT02453,105,6,84338.448,2,Champions,"Programme VIP, récompenses exclusives, vente croisée"
CLT02454,94,3,26578.602,0,À Surveiller,"Relance légère, offre personnalisée, sondage satisfaction"
CLT02455,130,4,13896.91,0,À Surveiller,"Relance légère, offre personnalisée, sondage satisfaction"
CLT02456,8,5,8750.272,0,À Surveiller,"Relance légère, offre personnalisée, sondage satisfaction"
CLT02457,486,1,8037.9,3,Perdus,"Campagne de réactivation, offre de retour spéciale"
CLT02458,625,3,15604.14,3,Perdus,"Campagne de réactivation, offre de retour spéciale"
CLT02459,81,3,33330.29,0,À Surveiller,"Relance légère, offre personnalisée, sondage satisfaction"
CLT02460,29,9,156153.339,1,Réguliers,"Offres de fidélisation, points bonus, upselling"
CLT02461,118,4,10668.287,0,À Surveiller,"Relance légère, offre personnalisée, sondage satisfaction"
CLT02462,161,3,35974.28,0,À Surveiller,"Relance légère, offre personnalisée, sondage satisfaction"
CLT02463,140,5,19541.79,0,À Surveiller,"Relance légère, offre personnalisée, sondage satisfaction"
CLT02464,662,5,15351.51,3,Perdus,"Campagne de réactivation, offre de retour spéciale"
CLT02465,454,4,69027.054,3,Perdus,"Campagne de réactivation, offre de retour spéciale"
CLT02466,521,5,53381.969,3,Perdus,"Campagne de réactivation, offre de retour spéciale"
CLT02467,168,8,78649.65,2,Champions,"Programme VIP, récompenses exclusives, vente croisée"
CLT02468,169,4,5283.639,0,À Surveiller,"Relance légère, offre personnalisée, sondage satisfaction"
CLT02469,127,5,5124.6720000000005,0,À Surveiller,"Relance légère, offre personnalisée, sondage satisfaction"
CLT02470,417,3,7651.795,3,Perdus,"Campagne de réactivation, offre de retour spéciale"
CLT02471,225,4,56624.72,0,À Surveiller,"Relance légère, offre personnalisée, sondage satisfaction"
CLT02472,443,4,16974.737999999998,3,Perdus,"Campagne de réactivation, offre de retour spéciale"
CLT02473,27,4,84890.63500000001,0,À Surveiller,"Relance légère, offre personnalisée, sondage satisfaction"
CLT02474,344,5,50058.242,0,À Surveiller,"Relance légère, offre personnalisée, sondage satisfaction"
CLT02475,392,5,91862.496,0,À Surveiller,"Relance légère, offre personnalisée, sondage satisfaction"
CLT02476,145,8,37584.896,2,Champions,"Programme VIP, récompenses exclusives, vente croisée"
CLT02478,631,7,32917.583,3,Perdus,"Campagne de réactivation, offre de retour spéciale"
CLT02479,56,4,18961.370000000003,0,À Surveiller,"Relance légère, offre personnalisée, sondage satisfaction"
CLT02480,288,3,24809.28,0,À Surveiller,"Relance légère, offre personnalisée, sondage satisfaction"
CLT02481,603,5,51923.867,3,Perdus,"Campagne de réactivation, offre de retour spéciale"
CLT02482,28,4,55498.52,0,À Surveiller,"Relance légère, offre personnalisée, sondage satisfaction"
CLT02483,95,6,71732.129,2,Champions,"Programme VIP, récompenses exclusives, vente croisée"
CLT02484,131,4,8686.05,0,À Surveiller,"Relance légère, offre personnalisée, sondage satisfaction"
CLT02485,282,5,5377.412,0,À Surveiller,"Relance légère, offre personnalisée, sondage satisfaction"
CLT02486,80,4,16328.189,0,À Surveiller,"Relance légère, offre personnalisée, sondage satisfaction"
CLT02487,442,8,69814.8,2,Champions,"Programme VIP, récompenses exclusives, vente croisée"
CLT02488,255,8,34188.506,2,Champions,"Programme VIP, récompenses exclusives, vente croisée"
CLT02489,450,5,78150.023,3,Perdus,"Campagne de réactivation, offre de retour spéciale"
CLT02490,386,6,46048.56,2,Champions,"Programme VIP, récompenses exclusives, vente croisée"
CLT02491,155,8,17197.297,2,Champions,"Programme VIP, récompenses exclusives, vente croisée"
CLT02492,94,8,123715.966,2,Champions,"Programme VIP, récompenses exclusives, vente croisée"
CLT02493,19,3,46993.195,0,À Surveiller,"Relance légère, offre personnalisée, sondage satisfaction"
CLT02494,143,5,55996.595,0,À Surveiller,"Relance légère, offre personnalisée, sondage satisfaction"
CLT02495,73,7,41897.164,2,Champions,"Programme VIP, récompenses exclusives, vente croisée"
CLT02496,666,4,20559.193,3,Perdus,"Campagne de réactivation, offre de retour spéciale"
CLT02497,350,5,16839.72,0,À Surveiller,"Relance légère, offre personnalisée, sondage satisfaction"
CLT02498,415,5,21482.3,3,Perdus,"Campagne de réactivation, offre de retour spéciale"
CLT02499,244,6,17460.56,2,Champions,"Programme VIP, récompenses exclusives, vente croisée"
CLT02500,142,4,95874.22,0,À Surveiller,"Relance légère, offre personnalisée, sondage satisfaction"
CLT02501,243,2,20724.335,0,À Surveiller,"Relance légère, offre personnalisée, sondage satisfaction"
CLT02502,160,11,284822.279,1,Réguliers,"Offres de fidélisation, points bonus, upselling"
CLT02503,137,6,239681.286,1,Réguliers,"Offres de fidélisation, points bonus, upselling"
CLT02504,53,6,9673.086,2,Champions,"Programme VIP, récompenses exclusives, vente croisée"
CLT02505,16,4,15283.82,0,À Surveiller,"Relance légère, offre personnalisée, sondage satisfaction"
CLT02506,134,5,97357.68,2,Champions,"Programme VIP, récompenses exclusives, vente croisée"
CLT02507,26,8,69331.23,2,Champions,"Programme VIP, récompenses exclusives, vente croisée"
CLT02508,392,1,4899.749,3,Perdus,"Campagne de réactivation, offre de retour spéciale"
CLT02509,782,3,97478.17,3,Perdus,"Campagne de réactivation, offre de retour spéciale"
CLT02510,224,8,19065.86,2,Champions,"Programme VIP, récompenses exclusives, vente croisée"
CLT02511,489,7,29899.222,2,Champions,"Programme VIP, récompenses exclusives, vente croisée"
CLT02512,496,6,124117.352,1,Réguliers,"Offres de fidélisation, points bonus, upselling"
CLT02513,54,5,115749.396,2,Champions,"Programme VIP, récompenses exclusives, vente croisée"
CLT02514,277,3,12002.326,0,À Surveiller,"Relance légère, offre personnalisée, sondage satisfaction"
CLT02515,30,5,23576.07,0,À Surveiller,"Relance légère, offre personnalisée, sondage satisfaction"
CLT02516,384,2,58873.5,0,À Surveiller,"Relance légère, offre personnalisée, sondage satisfaction"
CLT02517,293,2,16216.56,0,À Surveiller,"Relance légère, offre personnalisée, sondage satisfaction"
CLT02518,116,4,29090.399,0,À Surveiller,"Relance légère, offre personnalisée, sondage satisfaction"
CLT02519,402,4,21635.578,3,Perdus,"Campagne de réactivation, offre de retour spéciale"
CLT02520,138,4,22674.702,0,À Surveiller,"Relance légère, offre personnalisée, sondage satisfaction"
CLT02521,18,5,44176.7,0,À Surveiller,"Relance légère, offre personnalisée, sondage satisfaction"
CLT02522,139,8,37494.455,2,Champions,"Programme VIP, récompenses exclusives, vente croisée"
CLT02523,258,4,11692.428,0,À Surveiller,"Relance légère, offre personnalisée, sondage satisfaction"
CLT02524,10,2,4990.280000000001,0,À Surveiller,"Relance légère, offre personnalisée, sondage satisfaction"
CLT02525,620,7,135454.594,1,Réguliers,"Offres de fidélisation, points bonus, upselling"
CLT02526,107,7,38808.48,2,Champions,"Programme VIP, récompenses exclusives, vente croisée"
CLT02527,22,8,48125.844,2,Champions,"Programme VIP, récompenses exclusives, vente croisée"
CLT02528,329,4,6394.426,0,À Surveiller,"Relance légère, offre personnalisée, sondage satisfaction"
CLT02529,203,4,71987.524,0,À Surveiller,"Relance légère, offre personnalisée, sondage satisfaction"
CLT02530,364,7,129807.08,1,Réguliers,"Offres de fidélisation, points bonus, upselling"
CLT02531,467,3,13772.88,3,Perdus,"Campagne de réactivation, offre de retour spéciale"
CLT02532,239,5,63936.354,0,À Surveiller,"Relance légère, offre personnalisée, sondage satisfaction"
CLT02533,254,6,101502.515,2,Champions,"Programme VIP, récompenses exclusives, vente croisée"
CLT02534,431,4,21412.09,3,Perdus,"Campagne de réactivation, offre de retour spéciale"
CLT02535,694,5,13951.793,3,Perdus,"Campagne de réactivation, offre de retour spéciale"
CLT02536,8,9,49999.064,2,Champions,"Programme VIP, récompenses exclusives, vente croisée"
CLT02537,405,8,44525.59,2,Champions,"Programme VIP, récompenses exclusives, vente croisée"
CLT02538,62,5,32765.418,0,À Surveiller,"Relance légère, offre personnalisée, sondage satisfaction"
CLT02539,32,11,44964.652,2,Champions,"Programme VIP, récompenses exclusives, vente croisée"
CLT02540,168,5,18639.253,0,À Surveiller,"Relance légère, offre personnalisée, sondage satisfaction"
CLT02541,270,5,9347.04,0,À Surveiller,"Relance légère, offre personnalisée, sondage satisfaction"
CLT02542,964,2,27113.19,3,Perdus,"Campagne de réactivation, offre de retour spéciale"
CLT02543,40,5,183084.42,1,Réguliers,"Offres de fidélisation, points bonus, upselling"
CLT02544,74,6,22143.125,2,Champions,"Programme VIP, récompenses exclusives, vente croisée"
CLT02545,15,5,17140.872,0,À Surveiller,"Relance légère, offre personnalisée, sondage satisfaction"
CLT02546,973,2,26526.976,3,Perdus,"Campagne de réactivation, offre de retour spéciale"
CLT02547,141,13,109253.963,2,Champions,"Programme VIP, récompenses exclusives, vente croisée"
CLT02548,225,2,18378.5,0,À Surveiller,"Relance légère, offre personnalisée, sondage satisfaction"
CLT02549,81,5,42553.588,0,À Surveiller,"Relance légère, offre personnalisée, sondage satisfaction"
CLT02550,41,4,6776.9400000000005,0,À Surveiller,"Relance légère, offre personnalisée, sondage satisfaction"
CLT02551,326,1,26214.25,0,À Surveiller,"Relance légère, offre personnalisée, sondage satisfaction"
CLT02552,328,1,1544.88,0,À Surveiller,"Relance légère, offre personnalisée, sondage satisfaction"
CLT02553,181,3,12160.643,0,À Surveiller,"Relance légère, offre personnalisée, sondage satisfaction"
CLT02554,264,2,4498.2,0,À Surveiller,"Relance légère, offre personnalisée, sondage satisfaction"
CLT02555,4,3,10294.484,0,À Surveiller,"Relance légère, offre personnalisée, sondage satisfaction"
CLT02556,601,5,38163.69,3,Perdus,"Campagne de réactivation, offre de retour spéciale"
CLT02557,162,3,58977.962,0,À Surveiller,"Relance légère, offre personnalisée, sondage satisfaction"
CLT02558,343,6,48154.56,2,Champions,"Programme VIP, récompenses exclusives, vente croisée"
CLT02559,237,6,34177.2,2,Champions,"Programme VIP, récompenses exclusives, vente croisée"
CLT02560,337,5,5556.75,0,À Surveiller,"Relance légère, offre personnalisée, sondage satisfaction"
CLT02561,447,2,6089.58,3,Perdus,"Campagne de réactivation, offre de retour spéciale"
CLT02562,475,4,17506.944,3,Perdus,"Campagne de réactivation, offre de retour spéciale"
CLT02563,11,3,40935.936,0,À Surveiller,"Relance légère, offre personnalisée, sondage satisfaction"
CLT02564,245,6,50015.22,2,Champions,"Programme VIP, récompenses exclusives, vente croisée"
CLT02565,57,5,53442.4,0,À Surveiller,"Relance légère, offre personnalisée, sondage satisfaction"
CLT02566,59,6,66051.863,2,Champions,"Programme VIP, récompenses exclusives, vente croisée"
CLT02567,1004,2,8606.275,3,Perdus,"Campagne de réactivation, offre de retour spéciale"
CLT02568,154,5,19240.483,0,À Surveiller,"Relance légère, offre personnalisée, sondage satisfaction"
CLT02569,159,2,4007.6,0,À Surveiller,"Relance légère, offre personnalisée, sondage satisfaction"
CLT02570,376,5,20315.35,0,À Surveiller,"Relance légère, offre personnalisée, sondage satisfaction"
CLT02571,68,5,99651.64,2,Champions,"Programme VIP, récompenses exclusives, vente croisée"
CLT02572,13,8,88555.584,2,Champions,"Programme VIP, récompenses exclusives, vente croisée"
CLT02573,171,4,5158.47,0,À Surveiller,"Relance légère, offre personnalisée, sondage satisfaction"
CLT02574,19,7,56178.22,2,Champions,"Programme VIP, récompenses exclusives, vente croisée"
CLT02575,359,2,39236.562,0,À Surveiller,"Relance légère, offre personnalisée, sondage satisfaction"
CLT02576,286,2,22063.451,0,À Surveiller,"Relance légère, offre personnalisée, sondage satisfaction"
CLT02577,4,3,33269.809,0,À Surveiller,"Relance légère, offre personnalisée, sondage satisfaction"
CLT02578,199,4,34587.18,0,À Surveiller,"Relance légère, offre personnalisée, sondage satisfaction"
CLT02579,209,7,32878.39,2,Champions,"Programme VIP, récompenses exclusives, vente croisée"
CLT02580,122,5,41351.319,0,À Surveiller,"Relance légère, offre personnalisée, sondage satisfaction"
CLT02581,29,5,28039.28,0,À Surveiller,"Relance légère, offre personnalisée, sondage satisfaction"
CLT02582,524,2,9603.259999999998,3,Perdus,"Campagne de réactivation, offre de retour spéciale"
CLT02583,196,1,1625.0,0,À Surveiller,"Relance légère, offre personnalisée, sondage satisfaction"
CLT02584,698,2,67942.06999999999,3,Perdus,"Campagne de réactivation, offre de retour spéciale"
CLT02585,165,4,34617.567,0,À Surveiller,"Relance légère, offre personnalisée, sondage satisfaction"
CLT02586,70,8,28526.795,2,Champions,"Programme VIP, récompenses exclusives, vente croisée"
CLT02587,342,3,93837.76,0,À Surveiller,"Relance légère, offre personnalisée, sondage satisfaction"
CLT02588,874,5,4929.022,3,Perdus,"Campagne de réactivation, offre de retour spéciale"
CLT02589,683,2,16726.29,3,Perdus,"Campagne de réactivation, offre de retour spéciale"
CLT02590,449,4,85452.12,3,Perdus,"Campagne de réactivation, offre de retour spéciale"
CLT02591,600,2,4017.033,3,Perdus,"Campagne de réactivation, offre de retour spéciale"
CLT02592,563,2,8134.21,3,Perdus,"Campagne de réactivation, offre de retour spéciale"
CLT02593,109,11,202553.367,1,Réguliers,"Offres de fidélisation, points bonus, upselling"
CLT02594,152,3,27817.474,0,À Surveiller,"Relance légère, offre personnalisée, sondage satisfaction"
CLT02595,267,6,53178.304,2,Champions,"Programme VIP, récompenses exclusives, vente croisée"
CLT02596,320,4,54118.62,0,À Surveiller,"Relance légère, offre personnalisée, sondage satisfaction"
CLT02597,36,7,31606.025,2,Champions,"Programme VIP, récompenses exclusives, vente croisée"
CLT02598,95,9,104583.84,2,Champions,"Programme VIP, récompenses exclusives, vente croisée"
CLT02599,728,1,3259.52,3,Perdus,"Campagne de réactivation, offre de retour spéciale"
CLT02600,29,5,32101.44,0,À Surveiller,"Relance légère, offre personnalisée, sondage satisfaction"
CLT02601,208,4,13034.137,0,À Surveiller,"Relance légère, offre personnalisée, sondage satisfaction"
CLT02602,78,4,18380.28,0,À Surveiller,"Relance légère, offre personnalisée, sondage satisfaction"
CLT02603,199,15,26515.084,2,Champions,"Programme VIP, récompenses exclusives, vente croisée"
CLT02604,112,4,28289.7,0,À Surveiller,"Relance légère, offre personnalisée, sondage satisfaction"
CLT02605,172,5,15316.723,0,À Surveiller,"Relance légère, offre personnalisée, sondage satisfaction"
CLT02606,31,3,39356.1,0,À Surveiller,"Relance légère, offre personnalisée, sondage satisfaction"
CLT02607,147,4,21328.2,0,À Surveiller,"Relance légère, offre personnalisée, sondage satisfaction"
CLT02608,160,10,55065.366,2,Champions,"Programme VIP, récompenses exclusives, vente croisée"
CLT02609,64,6,29804.826,2,Champions,"Programme VIP, récompenses exclusives, vente croisée"
CLT02610,80,6,10356.45,2,Champions,"Programme VIP, récompenses exclusives, vente croisée"
CLT02611,494,5,30852.07,3,Perdus,"Campagne de réactivation, offre de retour spéciale"
CLT02612,466,4,6057.3,3,Perdus,"Campagne de réactivation, offre de retour spéciale"
CLT02613,20,4,14636.7,0,À Surveiller,"Relance légère, offre personnalisée, sondage satisfaction"
CLT02614,58,4,37030.175,0,À Surveiller,"Relance légère, offre personnalisée, sondage satisfaction"
CLT02615,68,5,32109.741,0,À Surveiller,"Relance légère, offre personnalisée, sondage satisfaction"
CLT02616,105,5,23468.503,0,À Surveiller,"Relance légère, offre personnalisée, sondage satisfaction"
CLT02617,402,3,58986.68,3,Perdus,"Campagne de réactivation, offre de retour spéciale"
CLT02618,49,9,128955.839,1,Réguliers,"Offres de fidélisation, points bonus, upselling"
CLT02619,221,3,22140.856,0,À Surveiller,"Relance légère, offre personnalisée, sondage satisfaction"
CLT02620,307,5,103481.652,0,À Surveiller,"Relance légère, offre personnalisée, sondage satisfaction"
CLT02621,62,4,79781.625,0,À Surveiller,"Relance légère, offre personnalisée, sondage satisfaction"
CLT02622,45,5,80868.723,0,À Surveiller,"Relance légère, offre personnalisée, sondage satisfaction"
CLT02623,62,3,3282.187,0,À Surveiller,"Relance légère, offre personnalisée, sondage satisfaction"
CLT02624,518,2,6773.914000000001,3,Perdus,"Campagne de réactivation, offre de retour spéciale"
CLT02625,378,8,97607.8,2,Champions,"Programme VIP, récompenses exclusives, vente croisée"
CLT02626,946,1,5215.56,3,Perdus,"Campagne de réactivation, offre de retour spéciale"
CLT02627,185,4,113698.02,0,À Surveiller,"Relance légère, offre personnalisée, sondage satisfaction"
CLT02628,51,3,33968.520000000004,0,À Surveiller,"Relance légère, offre personnalisée, sondage satisfaction"
CLT02629,149,9,47174.248,2,Champions,"Programme VIP, récompenses exclusives, vente croisée"
CLT02630,513,3,7999.382,3,Perdus,"Campagne de réactivation, offre de retour spéciale"
CLT02631,130,4,33662.880000000005,0,À Surveiller,"Relance légère, offre personnalisée, sondage satisfaction"
CLT02632,285,3,4384.775,0,À Surveiller,"Relance légère, offre personnalisée, sondage satisfaction"
CLT02633,178,7,33216.075,2,Champions,"Programme VIP, récompenses exclusives, vente croisée"
CLT02634,67,7,25581.875,2,Champions,"Programme VIP, récompenses exclusives, vente croisée"
CLT02635,422,5,193701.266,1,Réguliers,"Offres de fidélisation, points bonus, upselling"
CLT02636,357,5,28899.22,0,À Surveiller,"Relance légère, offre personnalisée, sondage satisfaction"
CLT02637,14,10,157631.94400000002,1,Réguliers,"Offres de fidélisation, points bonus, upselling"
CLT02638,56,8,86799.436,2,Champions,"Programme VIP, récompenses exclusives, vente croisée"
CLT02639,69,6,32421.57,2,Champions,"Programme VIP, récompenses exclusives, vente croisée"
CLT02640,77,12,31967.3,2,Champions,"Programme VIP, récompenses exclusives, vente croisée"
CLT02641,643,2,12133.94,3,Perdus,"Campagne de réactivation, offre de retour spéciale"
CLT02642,186,5,202907.439,1,Réguliers,"Offres de fidélisation, points bonus, upselling"
CLT02643,29,9,127652.584,1,Réguliers,"Offres de fidélisation, points bonus, upselling"
CLT02644,22,8,23758.46,2,Champions,"Programme VIP, récompenses exclusives, vente croisée"
CLT02645,686,3,16986.0,3,Perdus,"Campagne de réactivation, offre de retour spéciale"
CLT02646,59,2,11057.41,0,À Surveiller,"Relance légère, offre personnalisée, sondage satisfaction"
CLT02647,140,5,56695.14,0,À Surveiller,"Relance légère, offre personnalisée, sondage satisfaction"
CLT02648,835,3,26280.52,3,Perdus,"Campagne de réactivation, offre de retour spéciale"
CLT02649,409,4,11261.96,3,Perdus,"Campagne de réactivation, offre de retour spéciale"
CLT02650,344,5,19617.655,0,À Surveiller,"Relance légère, offre personnalisée, sondage satisfaction"
CLT02651,42,5,21234.474,0,À Surveiller,"Relance légère, offre personnalisée, sondage satisfaction"
CLT02652,346,6,47515.685000000005,2,Champions,"Programme VIP, récompenses exclusives, vente croisée"
CLT02653,212,5,46678.4,0,À Surveiller,"Relance légère, offre personnalisée, sondage satisfaction"
CLT02654,45,7,80017.08,2,Champions,"Programme VIP, récompenses exclusives, vente croisée"
CLT02655,37,5,138496.05,1,Réguliers,"Offres de fidélisation, points bonus, upselling"
CLT02656,437,5,14844.7,3,Perdus,"Campagne de réactivation, offre de retour spéciale"
CLT02657,349,3,13915.8,0,À Surveiller,"Relance légère, offre personnalisée, sondage satisfaction"
CLT02658,69,4,12811.97,0,À Surveiller,"Relance légère, offre personnalisée, sondage satisfaction"
CLT02659,236,3,42092.895,0,À Surveiller,"Relance légère, offre personnalisée, sondage satisfaction"
CLT02660,14,5,27062.615,0,À Surveiller,"Relance légère, offre personnalisée, sondage satisfaction"
CLT02661,147,6,51179.138,2,Champions,"Programme VIP, récompenses exclusives, vente croisée"
CLT02662,157,7,48305.376,2,Champions,"Programme VIP, récompenses exclusives, vente croisée"
CLT02663,53,4,19927.435,0,À Surveiller,"Relance légère, offre personnalisée, sondage satisfaction"
CLT02664,30,6,34431.106,2,Champions,"Programme VIP, récompenses exclusives, vente croisée"
CLT02665,238,2,5287.32,0,À Surveiller,"Relance légère, offre personnalisée, sondage satisfaction"
CLT02666,463,6,27079.688,3,Perdus,"Campagne de réactivation, offre de retour spéciale"
CLT02667,129,6,43845.0,2,Champions,"Programme VIP, récompenses exclusives, vente croisée"
CLT02668,72,6,21165.346,2,Champions,"Programme VIP, récompenses exclusives, vente croisée"
CLT02669,122,5,40994.728,0,À Surveiller,"Relance légère, offre personnalisée, sondage satisfaction"
CLT02670,337,4,4513.08,0,À Surveiller,"Relance légère, offre personnalisée, sondage satisfaction"
CLT02671,80,4,26261.04,0,À Surveiller,"Relance légère, offre personnalisée, sondage satisfaction"
CLT02672,44,2,12698.15,0,À Surveiller,"Relance légère, offre personnalisée, sondage satisfaction"
CLT02673,132,8,314644.44,1,Réguliers,"Offres de fidélisation, points bonus, upselling"
CLT02674,100,7,41445.181,2,Champions,"Programme VIP, récompenses exclusives, vente croisée"
CLT02675,9,9,344439.303,1,Réguliers,"Offres de fidélisation, points bonus, upselling"
CLT02676,166,2,11588.1,0,À Surveiller,"Relance légère, offre personnalisée, sondage satisfaction"
CLT02677,291,5,12350.061000000002,0,À Surveiller,"Relance légère, offre personnalisée, sondage satisfaction"
CLT02678,769,5,25384.018,3,Perdus,"Campagne de réactivation, offre de retour spéciale"
CLT02679,279,5,112585.0,2,Champions,"Programme VIP, récompenses exclusives, vente croisée"
CLT02680,76,7,27429.594,2,Champions,"Programme VIP, récompenses exclusives, vente croisée"
CLT02681,241,9,59123.526,2,Champions,"Programme VIP, récompenses exclusives, vente croisée"
CLT02682,147,5,48470.01,0,À Surveiller,"Relance légère, offre personnalisée, sondage satisfaction"
CLT02683,165,7,216594.9,1,Réguliers,"Offres de fidélisation, points bonus, upselling"
CLT02684,19,6,23051.75,2,Champions,"Programme VIP, récompenses exclusives, vente croisée"
CLT02685,36,4,12123.929,0,À Surveiller,"Relance légère, offre personnalisée, sondage satisfaction"
CLT02686,298,1,14556.16,0,À Surveiller,"Relance légère, offre personnalisée, sondage satisfaction"
CLT02687,252,6,209516.736,1,Réguliers,"Offres de fidélisation, points bonus, upselling"
CLT02688,537,2,2683.077,3,Perdus,"Campagne de réactivation, offre de retour spéciale"
CLT02689,373,6,10945.839,2,Champions,"Programme VIP, récompenses exclusives, vente croisée"
CLT02690,154,6,18253.09,2,Champions,"Programme VIP, récompenses exclusives, vente croisée"
CLT02691,98,6,56010.2,2,Champions,"Programme VIP, récompenses exclusives, vente croisée"
CLT02692,225,4,30685.296,0,À Surveiller,"Relance légère, offre personnalisée, sondage satisfaction"
CLT02693,244,1,3474.112,0,À Surveiller,"Relance légère, offre personnalisée, sondage satisfaction"
CLT02694,45,9,10648.18,2,Champions,"Programme VIP, récompenses exclusives, vente croisée"
CLT02695,60,7,9644.4,2,Champions,"Programme VIP, récompenses exclusives, vente croisée"
CLT02696,166,5,49202.56,0,À Surveiller,"Relance légère, offre personnalisée, sondage satisfaction"
CLT02697,70,8,83442.309,2,Champions,"Programme VIP, récompenses exclusives, vente croisée"
CLT02698,169,6,258069.84,1,Réguliers,"Offres de fidélisation, points bonus, upselling"
CLT02699,147,5,87489.449,0,À Surveiller,"Relance légère, offre personnalisée, sondage satisfaction"
CLT02700,614,5,10545.0,3,Perdus,"Campagne de réactivation, offre de retour spéciale"
CLT02701,662,4,70683.48,3,Perdus,"Campagne de réactivation, offre de retour spéciale"
CLT02702,87,7,39296.631,2,Champions,"Programme VIP, récompenses exclusives, vente croisée"
CLT02703,330,6,127360.29,1,Réguliers,"Offres de fidélisation, points bonus, upselling"
CLT02704,298,3,35047.837,0,À Surveiller,"Relance légère, offre personnalisée, sondage satisfaction"
CLT02705,135,5,8432.06,0,À Surveiller,"Relance légère, offre personnalisée, sondage satisfaction"
CLT02706,88,7,54849.52,2,Champions,"Programme VIP, récompenses exclusives, vente croisée"
CLT02707,302,2,15824.408,0,À Surveiller,"Relance légère, offre personnalisée, sondage satisfaction"
CLT02708,126,1,6216.44,0,À Surveiller,"Relance légère, offre personnalisée, sondage satisfaction"
CLT02709,228,6,55664.908,2,Champions,"Programme VIP, récompenses exclusives, vente croisée"
CLT02710,430,2,43844.85,3,Perdus,"Campagne de réactivation, offre de retour spéciale"
CLT02711,733,2,3892.508,3,Perdus,"Campagne de réactivation, offre de retour spéciale"
CLT02712,34,4,13277.708,0,À Surveiller,"Relance légère, offre personnalisée, sondage satisfaction"
CLT02713,22,8,56939.219,2,Champions,"Programme VIP, récompenses exclusives, vente croisée"
CLT02714,40,9,75234.6,2,Champions,"Programme VIP, récompenses exclusives, vente croisée"
CLT02715,21,7,241452.44,1,Réguliers,"Offres de fidélisation, points bonus, upselling"
CLT02716,511,4,38139.621,3,Perdus,"Campagne de réactivation, offre de retour spéciale"
CLT02717,158,5,86987.78199999999,0,À Surveiller,"Relance légère, offre personnalisée, sondage satisfaction"
CLT02718,113,7,10438.0,2,Champions,"Programme VIP, récompenses exclusives, vente croisée"
CLT02719,156,10,49656.667,2,Champions,"Programme VIP, récompenses exclusives, vente croisée"
CLT02720,90,4,92769.7,0,À Surveiller,"Relance légère, offre personnalisée, sondage satisfaction"
CLT02721,535,3,13794.0,3,Perdus,"Campagne de réactivation, offre de retour spéciale"
CLT02722,102,11,56111.461,2,Champions,"Programme VIP, récompenses exclusives, vente croisée"
CLT02723,292,6,117205.0,2,Champions,"Programme VIP, récompenses exclusives, vente croisée"
CLT02724,116,4,42314.165,0,À Surveiller,"Relance légère, offre personnalisée, sondage satisfaction"
CLT02725,11,6,30941.76,2,Champions,"Programme VIP, récompenses exclusives, vente croisée"
CLT02726,281,8,37440.51,2,Champions,"Programme VIP, récompenses exclusives, vente croisée"
CLT02727,37,2,9610.387,0,À Surveiller,"Relance légère, offre personnalisée, sondage satisfaction"
CLT02728,202,5,21618.389,0,À Surveiller,"Relance légère, offre personnalisée, sondage satisfaction"
CLT02729,314,11,76169.8,2,Champions,"Programme VIP, récompenses exclusives, vente croisée"
CLT02730,50,8,37253.436,2,Champions,"Programme VIP, récompenses exclusives, vente croisée"
CLT02731,10,4,172743.12,1,Réguliers,"Offres de fidélisation, points bonus, upselling"
CLT02732,89,7,78526.44,2,Champions,"Programme VIP, récompenses exclusives, vente croisée"
CLT02733,164,5,100932.576,2,Champions,"Programme VIP, récompenses exclusives, vente croisée"
CLT02735,35,4,13583.85,0,À Surveiller,"Relance légère, offre personnalisée, sondage satisfaction"
CLT02736,892,2,9839.362,3,Perdus,"Campagne de réactivation, offre de retour spéciale"
CLT02737,210,2,3848.98,0,À Surveiller,"Relance légère, offre personnalisée, sondage satisfaction"
CLT02738,543,7,74604.52,3,Perdus,"Campagne de réactivation, offre de retour spéciale"
CLT02739,2,6,15551.422,2,Champions,"Programme VIP, récompenses exclusives, vente croisée"
CLT02740,106,6,33185.4,2,Champions,"Programme VIP, récompenses exclusives, vente croisée"
CLT02741,142,5,58863.958,0,À Surveiller,"Relance légère, offre personnalisée, sondage satisfaction"
CLT02742,17,4,20215.149,0,À Surveiller,"Relance légère, offre personnalisée, sondage satisfaction"
CLT02743,972,4,79089.892,3,Perdus,"Campagne de réactivation, offre de retour spéciale"
CLT02744,58,3,16251.732,0,À Surveiller,"Relance légère, offre personnalisée, sondage satisfaction"
CLT02745,308,2,26561.126,0,À Surveiller,"Relance légère, offre personnalisée, sondage satisfaction"
CLT02746,82,3,20722.261,0,À Surveiller,"Relance légère, offre personnalisée, sondage satisfaction"
CLT02747,143,5,77837.833,0,À Surveiller,"Relance légère, offre personnalisée, sondage satisfaction"
CLT02748,722,3,65384.7,3,Perdus,"Campagne de réactivation, offre de retour spéciale"
CLT02749,39,5,21777.72,0,À Surveiller,"Relance légère, offre personnalisée, sondage satisfaction"
CLT02750,245,3,15980.31,0,À Surveiller,"Relance légère, offre personnalisée, sondage satisfaction"
CLT02751,26,10,244804.07,1,Réguliers,"Offres de fidélisation, points bonus, upselling"
CLT02752,385,6,119649.27,2,Champions,"Programme VIP, récompenses exclusives, vente croisée"
CLT02753,856,6,158998.0,3,Perdus,"Campagne de réactivation, offre de retour spéciale"
CLT02754,353,6,28832.723,2,Champions,"Programme VIP, récompenses exclusives, vente croisée"
CLT02755,254,6,119321.72,2,Champions,"Programme VIP, récompenses exclusives, vente croisée"
CLT02756,254,5,48685.27,0,À Surveiller,"Relance légère, offre personnalisée, sondage satisfaction"
CLT02757,171,5,36986.836,0,À Surveiller,"Relance légère, offre personnalisée, sondage satisfaction"
CLT02758,132,2,3016.339,0,À Surveiller,"Relance légère, offre personnalisée, sondage satisfaction"
CLT02759,72,8,72394.725,2,Champions,"Programme VIP, récompenses exclusives, vente croisée"
CLT02760,100,6,37583.841,2,Champions,"Programme VIP, récompenses exclusives, vente croisée"
CLT02761,85,5,44556.48,0,À Surveiller,"Relance légère, offre personnalisée, sondage satisfaction"
CLT02762,265,2,15462.75,0,À Surveiller,"Relance légère, offre personnalisée, sondage satisfaction"
CLT02763,478,3,14131.2,3,Perdus,"Campagne de réactivation, offre de retour spéciale"
CLT02764,109,3,6741.0,0,À Surveiller,"Relance légère, offre personnalisée, sondage satisfaction"
CLT02765,82,7,63992.709,2,Champions,"Programme VIP, récompenses exclusives, vente croisée"
CLT02766,93,5,49085.12,0,À Surveiller,"Relance légère, offre personnalisée, sondage satisfaction"
CLT02767,122,5,49565.62,0,À Surveiller,"Relance légère, offre personnalisée, sondage satisfaction"
CLT02768,85,5,181911.159,1,Réguliers,"Offres de fidélisation, points bonus, upselling"
CLT02769,208,3,80103.66,0,À Surveiller,"Relance légère, offre personnalisée, sondage satisfaction"
CLT02770,146,3,12148.15,0,À Surveiller,"Relance légère, offre personnalisée, sondage satisfaction"
CLT02771,51,8,223755.624,1,Réguliers,"Offres de fidélisation, points bonus, upselling"
CLT02772,155,5,48081.194,0,À Surveiller,"Relance légère, offre personnalisée, sondage satisfaction"
CLT02773,320,7,7387.379999999999,2,Champions,"Programme VIP, récompenses exclusives, vente croisée"
CLT02774,138,5,6182.104,0,À Surveiller,"Relance légère, offre personnalisée, sondage satisfaction"
CLT02775,232,2,11026.8,0,À Surveiller,"Relance légère, offre personnalisée, sondage satisfaction"
CLT02776,45,9,331497.712,1,Réguliers,"Offres de fidélisation, points bonus, upselling"
CLT02777,444,5,23546.88,3,Perdus,"Campagne de réactivation, offre de retour spéciale"
CLT02778,35,4,4618.31,0,À Surveiller,"Relance légère, offre personnalisée, sondage satisfaction"
CLT02779,5,4,7228.327,0,À Surveiller,"Relance légère, offre personnalisée, sondage satisfaction"
CLT02780,596,1,3559.01,3,Perdus,"Campagne de réactivation, offre de retour spéciale"
CLT02781,114,6,31670.61,2,Champions,"Programme VIP, récompenses exclusives, vente croisée"
CLT02782,273,4,19430.88,0,À Surveiller,"Relance légère, offre personnalisée, sondage satisfaction"
CLT02783,99,3,11623.08,0,À Surveiller,"Relance légère, offre personnalisée, sondage satisfaction"
CLT02784,407,4,70330.56,3,Perdus,"Campagne de réactivation, offre de retour spéciale"
CLT02785,123,7,21334.246,2,Champions,"Programme VIP, récompenses exclusives, vente croisée"
CLT02786,942,2,7596.0,3,Perdus,"Campagne de réactivation, offre de retour spéciale"
CLT02787,253,3,3755.44,0,À Surveiller,"Relance légère, offre personnalisée, sondage satisfaction"
CLT02788,130,4,46575.544,0,À Surveiller,"Relance légère, offre personnalisée, sondage satisfaction"
CLT02789,84,8,64880.476,2,Champions,"Programme VIP, récompenses exclusives, vente croisée"
CLT02790,367,3,5856.13,0,À Surveiller,"Relance légère, offre personnalisée, sondage satisfaction"
CLT02791,173,3,4496.099,0,À Surveiller,"Relance légère, offre personnalisée, sondage satisfaction"
CLT02792,329,7,11535.084,2,Champions,"Programme VIP, récompenses exclusives, vente croisée"
CLT02793,340,3,26434.68,0,À Surveiller,"Relance légère, offre personnalisée, sondage satisfaction"
CLT02794,446,4,23840.385,3,Perdus,"Campagne de réactivation, offre de retour spéciale"
CLT02795,180,4,206077.754,1,Réguliers,"Offres de fidélisation, points bonus, upselling"
CLT02796,543,4,6618.74,3,Perdus,"Campagne de réactivation, offre de retour spéciale"
CLT02797,182,4,45848.9,0,À Surveiller,"Relance légère, offre personnalisée, sondage satisfaction"
CLT02798,1252,2,11569.99,3,Perdus,"Campagne de réactivation, offre de retour spéciale"
CLT02799,108,4,41629.594,0,À Surveiller,"Relance légère, offre personnalisée, sondage satisfaction"
CLT02800,1118,2,10935.54,3,Perdus,"Campagne de réactivation, offre de retour spéciale"
CLT02801,11,3,9213.32,0,À Surveiller,"Relance légère, offre personnalisée, sondage satisfaction"
CLT02802,252,2,36906.89,0,À Surveiller,"Relance légère, offre personnalisée, sondage satisfaction"
CLT02803,952,3,49073.22,3,Perdus,"Campagne de réactivation, offre de retour spéciale"
CLT02804,1,4,98254.26,0,À Surveiller,"Relance légère, offre personnalisée, sondage satisfaction"
CLT02805,63,5,35434.427,0,À Surveiller,"Relance légère, offre personnalisée, sondage satisfaction"
CLT02806,52,8,45821.807,2,Champions,"Programme VIP, récompenses exclusives, vente croisée"
CLT02809,727,3,7277.48,3,Perdus,"Campagne de réactivation, offre de retour spéciale"
CLT02810,197,3,11850.332,0,À Surveiller,"Relance légère, offre personnalisée, sondage satisfaction"
CLT02811,165,5,17487.261,0,À Surveiller,"Relance légère, offre personnalisée, sondage satisfaction"
CLT02812,311,8,15711.048,2,Champions,"Programme VIP, récompenses exclusives, vente croisée"
CLT02813,177,3,39758.72,0,À Surveiller,"Relance légère, offre personnalisée, sondage satisfaction"
CLT02814,113,6,126592.02,1,Réguliers,"Offres de fidélisation, points bonus, upselling"
CLT02815,230,3,34739.5,0,À Surveiller,"Relance légère, offre personnalisée, sondage satisfaction"
CLT02816,251,10,151985.894,1,Réguliers,"Offres de fidélisation, points bonus, upselling"
CLT02817,170,1,2847.602,0,À Surveiller,"Relance légère, offre personnalisée, sondage satisfaction"
CLT02818,313,8,70330.243,2,Champions,"Programme VIP, récompenses exclusives, vente croisée"
CLT02819,128,5,128671.92,1,Réguliers,"Offres de fidélisation, points bonus, upselling"
CLT02820,159,4,7158.654,0,À Surveiller,"Relance légère, offre personnalisée, sondage satisfaction"
CLT02821,310,4,32593.82,0,À Surveiller,"Relance légère, offre personnalisée, sondage satisfaction"
CLT02822,98,7,36593.92,2,Champions,"Programme VIP, récompenses exclusives, vente croisée"
CLT02823,29,9,39192.525,2,Champions,"Programme VIP, récompenses exclusives, vente croisée"
CLT02824,113,3,11588.395,0,À Surveiller,"Relance légère, offre personnalisée, sondage satisfaction"
CLT02825,761,4,124279.59,3,Perdus,"Campagne de réactivation, offre de retour spéciale"
CLT02826,55,5,40276.64,0,À Surveiller,"Relance légère, offre personnalisée, sondage satisfaction"
CLT02827,406,6,24069.846,2,Champions,"Programme VIP, récompenses exclusives, vente croisée"
CLT02828,182,2,17875.48,0,À Surveiller,"Relance légère, offre personnalisée, sondage satisfaction"
CLT02829,130,6,105568.054,2,Champions,"Programme VIP, récompenses exclusives, vente croisée"
CLT02830,102,8,82868.809,2,Champions,"Programme VIP, récompenses exclusives, vente croisée"
CLT02831,252,5,31767.575,0,À Surveiller,"Relance légère, offre personnalisée, sondage satisfaction"
CLT02832,53,5,5510.378000000001,0,À Surveiller,"Relance légère, offre personnalisée, sondage satisfaction"
CLT02833,87,4,13249.984,0,À Surveiller,"Relance légère, offre personnalisée, sondage satisfaction"
CLT02834,595,4,28592.8,3,Perdus,"Campagne de réactivation, offre de retour spéciale"
CLT02835,57,5,57733.651,0,À Surveiller,"Relance légère, offre personnalisée, sondage satisfaction"
CLT02836,91,4,36666.357,0,À Surveiller,"Relance légère, offre personnalisée, sondage satisfaction"
CLT02837,199,5,20592.004,0,À Surveiller,"Relance légère, offre personnalisée, sondage satisfaction"
CLT02838,207,4,15373.11,0,À Surveiller,"Relance légère, offre personnalisée, sondage satisfaction"
CLT02839,412,7,9987.518,2,Champions,"Programme VIP, récompenses exclusives, vente croisée"
CLT02840,274,11,33116.636,2,Champions,"Programme VIP, récompenses exclusives, vente croisée"
CLT02841,340,5,29762.49,0,À Surveiller,"Relance légère, offre personnalisée, sondage satisfaction"
CLT02842,152,7,7928.987,2,Champions,"Programme VIP, récompenses exclusives, vente croisée"
CLT02843,52,6,44274.46,2,Champions,"Programme VIP, récompenses exclusives, vente croisée"
CLT02844,241,5,18750.62,0,À Surveiller,"Relance légère, offre personnalisée, sondage satisfaction"
CLT02845,26,7,79367.03,2,Champions,"Programme VIP, récompenses exclusives, vente croisée"
CLT02846,436,6,47010.736,2,Champions,"Programme VIP, récompenses exclusives, vente croisée"
CLT02847,50,6,21682.414,2,Champions,"Programme VIP, récompenses exclusives, vente croisée"
CLT02848,30,4,93099.42,0,À Surveiller,"Relance légère, offre personnalisée, sondage satisfaction"
CLT02849,171,7,37825.87,2,Champions,"Programme VIP, récompenses exclusives, vente croisée"
CLT02850,53,5,23819.84,0,À Surveiller,"Relance légère, offre personnalisée, sondage satisfaction"
CLT02851,292,2,9155.52,0,À Surveiller,"Relance légère, offre personnalisée, sondage satisfaction"
CLT02852,193,3,41405.0,0,À Surveiller,"Relance légère, offre personnalisée, sondage satisfaction"
CLT02853,150,6,61857.976,2,Champions,"Programme VIP, récompenses exclusives, vente croisée"
CLT02854,230,4,8488.15,0,À Surveiller,"Relance légère, offre personnalisée, sondage satisfaction"
CLT02855,61,4,4971.847,0,À Surveiller,"Relance légère, offre personnalisée, sondage satisfaction"
CLT02856,214,3,12323.48,0,À Surveiller,"Relance légère, offre personnalisée, sondage satisfaction"
CLT02857,35,7,63236.719,2,Champions,"Programme VIP, récompenses exclusives, vente croisée"
CLT02858,428,7,83807.384,2,Champions,"Programme VIP, récompenses exclusives, vente croisée"
CLT02859,268,5,28074.899,0,À Surveiller,"Relance légère, offre personnalisée, sondage satisfaction"
CLT02860,123,10,183539.862,1,Réguliers,"Offres de fidélisation, points bonus, upselling"
CLT02861,319,3,11997.2,0,À Surveiller,"Relance légère, offre personnalisée, sondage satisfaction"
CLT02862,39,7,22000.555,2,Champions,"Programme VIP, récompenses exclusives, vente croisée"
CLT02863,611,7,43089.768,3,Perdus,"Campagne de réactivation, offre de retour spéciale"
CLT02864,145,6,76327.128,2,Champions,"Programme VIP, récompenses exclusives, vente croisée"
CLT02865,18,7,28167.532,2,Champions,"Programme VIP, récompenses exclusives, vente croisée"
CLT02866,198,7,31277.376,2,Champions,"Programme VIP, récompenses exclusives, vente croisée"
CLT02867,218,5,22724.029,0,À Surveiller,"Relance légère, offre personnalisée, sondage satisfaction"
CLT02868,4,6,7478.7,2,Champions,"Programme VIP, récompenses exclusives, vente croisée"
CLT02870,137,10,94077.737,2,Champions,"Programme VIP, récompenses exclusives, vente croisée"
CLT02871,133,10,35767.51,2,Champions,"Programme VIP, récompenses exclusives, vente croisée"
CLT02872,689,5,39438.15,3,Perdus,"Campagne de réactivation, offre de retour spéciale"
CLT02873,65,7,7567.025,2,Champions,"Programme VIP, récompenses exclusives, vente croisée"
CLT02874,391,5,24950.079,0,À Surveiller,"Relance légère, offre personnalisée, sondage satisfaction"
CLT02875,531,5,58867.732,3,Perdus,"Campagne de réactivation, offre de retour spéciale"
CLT02876,214,6,84645.764,2,Champions,"Programme VIP, récompenses exclusives, vente croisée"
CLT02877,160,6,89367.29999999999,2,Champions,"Programme VIP, récompenses exclusives, vente croisée"
CLT02878,250,2,5343.921,0,À Surveiller,"Relance légère, offre personnalisée, sondage satisfaction"
CLT02879,91,9,19252.761,2,Champions,"Programme VIP, récompenses exclusives, vente croisée"
CLT02880,20,8,63302.9,2,Champions,"Programme VIP, récompenses exclusives, vente croisée"
CLT02881,344,4,4381.96,0,À Surveiller,"Relance légère, offre personnalisée, sondage satisfaction"
CLT02882,349,4,14721.93,0,À Surveiller,"Relance légère, offre personnalisée, sondage satisfaction"
CLT02883,82,3,10941.69,0,À Surveiller,"Relance légère, offre personnalisée, sondage satisfaction"
CLT02884,294,5,111817.1,2,Champions,"Programme VIP, récompenses exclusives, vente croisée"
CLT02885,53,4,18308.372,0,À Surveiller,"Relance légère, offre personnalisée, sondage satisfaction"
CLT02886,46,4,76815.7,0,À Surveiller,"Relance légère, offre personnalisée, sondage satisfaction"
CLT02887,122,4,3833.903,0,À Surveiller,"Relance légère, offre personnalisée, sondage satisfaction"
CLT02888,25,4,11786.61,0,À Surveiller,"Relance légère, offre personnalisée, sondage satisfaction"
CLT02890,58,6,7150.73,2,Champions,"Programme VIP, récompenses exclusives, vente croisée"
CLT02891,1133,2,9821.163,3,Perdus,"Campagne de réactivation, offre de retour spéciale"
CLT02892,624,2,37882.53,3,Perdus,"Campagne de réactivation, offre de retour spéciale"
CLT02893,48,9,142091.987,1,Réguliers,"Offres de fidélisation, points bonus, upselling"
CLT02894,187,3,16124.16,0,À Surveiller,"Relance légère, offre personnalisée, sondage satisfaction"
CLT02895,20,3,32120.27,0,À Surveiller,"Relance légère, offre personnalisée, sondage satisfaction"
CLT02896,177,5,12717.15,0,À Surveiller,"Relance légère, offre personnalisée, sondage satisfaction"
CLT02897,33,4,79466.71299999999,0,À Surveiller,"Relance légère, offre personnalisée, sondage satisfaction"
CLT02898,117,7,23681.159,2,Champions,"Programme VIP, récompenses exclusives, vente croisée"
CLT02899,580,4,26112.919,3,Perdus,"Campagne de réactivation, offre de retour spéciale"
CLT02900,217,4,110479.6,0,À Surveiller,"Relance légère, offre personnalisée, sondage satisfaction"
CLT02901,60,9,28293.105,2,Champions,"Programme VIP, récompenses exclusives, vente croisée"
CLT02902,1002,1,7370.51,3,Perdus,"Campagne de réactivation, offre de retour spéciale"
CLT02903,228,2,35009.154,0,À Surveiller,"Relance légère, offre personnalisée, sondage satisfaction"
CLT02904,713,2,12803.7,3,Perdus,"Campagne de réactivation, offre de retour spéciale"
CLT02905,182,7,12220.2,2,Champions,"Programme VIP, récompenses exclusives, vente croisée"
CLT02906,599,8,114156.62,2,Champions,"Programme VIP, récompenses exclusives, vente croisée"
CLT02907,266,6,5482.4220000000005,2,Champions,"Programme VIP, récompenses exclusives, vente croisée"
CLT02908,731,4,128842.05,3,Perdus,"Campagne de réactivation, offre de retour spéciale"
CLT02909,270,6,9526.5,2,Champions,"Programme VIP, récompenses exclusives, vente croisée"
CLT02910,276,4,14336.045,0,À Surveiller,"Relance légère, offre personnalisée, sondage satisfaction"
CLT02911,429,5,21092.96,3,Perdus,"Campagne de réactivation, offre de retour spéciale"
CLT02912,467,4,31641.03,3,Perdus,"Campagne de réactivation, offre de retour spéciale"
CLT02913,237,3,6252.039000000001,0,À Surveiller,"Relance légère, offre personnalisée, sondage satisfaction"
CLT02914,399,3,54047.84,3,Perdus,"Campagne de réactivation, offre de retour spéciale"
CLT02915,261,6,25853.78,2,Champions,"Programme VIP, récompenses exclusives, vente croisée"
CLT02916,682,4,147889.462,3,Perdus,"Campagne de réactivation, offre de retour spéciale"
CLT02917,422,2,17632.0,3,Perdus,"Campagne de réactivation, offre de retour spéciale"
CLT02918,420,3,8510.0,3,Perdus,"Campagne de réactivation, offre de retour spéciale"
CLT02919,28,2,1482.0390000000002,0,À Surveiller,"Relance légère, offre personnalisée, sondage satisfaction"
CLT02920,94,5,19410.77,0,À Surveiller,"Relance légère, offre personnalisée, sondage satisfaction"
CLT02921,525,5,30087.552,3,Perdus,"Campagne de réactivation, offre de retour spéciale"
CLT02922,446,2,4562.01,3,Perdus,"Campagne de réactivation, offre de retour spéciale"
CLT02923,166,7,14803.317,2,Champions,"Programme VIP, récompenses exclusives, vente croisée"
CLT02924,63,5,18760.0,0,À Surveiller,"Relance légère, offre personnalisée, sondage satisfaction"
CLT02925,204,5,30705.99,0,À Surveiller,"Relance légère, offre personnalisée, sondage satisfaction"
CLT02926,35,11,53362.86,2,Champions,"Programme VIP, récompenses exclusives, vente croisée"
CLT02927,39,5,115365.646,2,Champions,"Programme VIP, récompenses exclusives, vente croisée"
CLT02928,234,5,15932.16,0,À Surveiller,"Relance légère, offre personnalisée, sondage satisfaction"
CLT02930,246,4,24239.82,0,À Surveiller,"Relance légère, offre personnalisée, sondage satisfaction"
CLT02931,110,2,7222.09,0,À Surveiller,"Relance légère, offre personnalisée, sondage satisfaction"
CLT02932,386,5,49590.0,0,À Surveiller,"Relance légère, offre personnalisée, sondage satisfaction"
CLT02933,5,7,44152.944,2,Champions,"Programme VIP, récompenses exclusives, vente croisée"
CLT02934,372,7,38885.495,2,Champions,"Programme VIP, récompenses exclusives, vente croisée"
CLT02935,3,4,80463.92,0,À Surveiller,"Relance légère, offre personnalisée, sondage satisfaction"
CLT02936,42,9,41347.41,2,Champions,"Programme VIP, récompenses exclusives, vente croisée"
CLT02937,46,2,44019.885,0,À Surveiller,"Relance légère, offre personnalisée, sondage satisfaction"
CLT02938,25,3,28389.73,0,À Surveiller,"Relance légère, offre personnalisée, sondage satisfaction"
CLT02939,203,7,64663.046,2,Champions,"Programme VIP, récompenses exclusives, vente croisée"
CLT02940,367,3,21121.056,0,À Surveiller,"Relance légère, offre personnalisée, sondage satisfaction"
CLT02941,174,2,14992.754,0,À Surveiller,"Relance légère, offre personnalisée, sondage satisfaction"
CLT02942,79,5,21907.584000000003,0,À Surveiller,"Relance légère, offre personnalisée, sondage satisfaction"
CLT02943,105,6,27989.52,2,Champions,"Programme VIP, récompenses exclusives, vente croisée"
CLT02944,500,3,9367.506,3,Perdus,"Campagne de réactivation, offre de retour spéciale"
CLT02945,330,5,122138.32,1,Réguliers,"Offres de fidélisation, points bonus, upselling"
CLT02946,126,7,14709.462,2,Champions,"Programme VIP, récompenses exclusives, vente croisée"
CLT02947,73,4,18940.294,0,À Surveiller,"Relance légère, offre personnalisée, sondage satisfaction"
CLT02948,147,4,7863.897,0,À Surveiller,"Relance légère, offre personnalisée, sondage satisfaction"
CLT02949,32,3,36350.43,0,À Surveiller,"Relance légère, offre personnalisée, sondage satisfaction"
CLT02950,267,4,10491.562,0,À Surveiller,"Relance légère, offre personnalisée, sondage satisfaction"
CLT02951,491,3,9845.17,3,Perdus,"Campagne de réactivation, offre de retour spéciale"
CLT02952,604,5,9248.68,3,Perdus,"Campagne de réactivation, offre de retour spéciale"
CLT02953,345,7,132567.071,1,Réguliers,"Offres de fidélisation, points bonus, upselling"
CLT02954,6,8,61814.153,2,Champions,"Programme VIP, récompenses exclusives, vente croisée"
CLT02955,267,4,49909.749,0,À Surveiller,"Relance légère, offre personnalisée, sondage satisfaction"
CLT02956,444,3,50138.34,3,Perdus,"Campagne de réactivation, offre de retour spéciale"
CLT02957,453,5,72103.798,3,Perdus,"Campagne de réactivation, offre de retour spéciale"
CLT02958,441,4,11613.301,3,Perdus,"Campagne de réactivation, offre de retour spéciale"
CLT02959,256,3,11779.28,0,À Surveiller,"Relance légère, offre personnalisée, sondage satisfaction"
CLT02960,176,6,68438.11,2,Champions,"Programme VIP, récompenses exclusives, vente croisée"
CLT02961,7,8,68680.0,2,Champions,"Programme VIP, récompenses exclusives, vente croisée"
CLT02962,41,8,38573.437,2,Champions,"Programme VIP, récompenses exclusives, vente croisée"
CLT02963,520,8,7931.318,2,Champions,"Programme VIP, récompenses exclusives, vente croisée"
CLT02964,192,5,69678.576,0,À Surveiller,"Relance légère, offre personnalisée, sondage satisfaction"
CLT02965,404,6,32349.108,2,Champions,"Programme VIP, récompenses exclusives, vente croisée"
CLT02966,147,3,8357.54,0,À Surveiller,"Relance légère, offre personnalisée, sondage satisfaction"
CLT02967,238,7,151745.36,1,Réguliers,"Offres de fidélisation, points bonus, upselling"
CLT02968,247,3,17520.03,0,À Surveiller,"Relance légère, offre personnalisée, sondage satisfaction"
CLT02969,176,3,33208.893,0,À Surveiller,"Relance légère, offre personnalisée, sondage satisfaction"
CLT02970,90,4,20884.646,0,À Surveiller,"Relance légère, offre personnalisée, sondage satisfaction"
CLT02971,244,5,29010.861,0,À Surveiller,"Relance légère, offre personnalisée, sondage satisfaction"
CLT02972,227,5,83008.96,0,À Surveiller,"Relance légère, offre personnalisée, sondage satisfaction"
CLT02973,571,3,13032.85,3,Perdus,"Campagne de réactivation, offre de retour spéciale"
CLT02974,496,6,26994.035,3,Perdus,"Campagne de réactivation, offre de retour spéciale"
CLT02975,220,7,75514.13500000001,2,Champions,"Programme VIP, récompenses exclusives, vente croisée"
CLT02976,281,7,68559.613,2,Champions,"Programme VIP, récompenses exclusives, vente croisée"
CLT02977,661,3,74006.25,3,Perdus,"Campagne de réactivation, offre de retour spéciale"
CLT02978,206,9,250870.947,1,Réguliers,"Offres de fidélisation, points bonus, upselling"
CLT02979,36,7,42855.66,2,Champions,"Programme VIP, récompenses exclusives, vente croisée"
CLT02980,135,7,112191.106,2,Champions,"Programme VIP, récompenses exclusives, vente croisée"
CLT02981,43,5,191839.681,1,Réguliers,"Offres de fidélisation, points bonus, upselling"
CLT02982,164,3,21048.76,0,À Surveiller,"Relance légère, offre personnalisée, sondage satisfaction"
CLT02983,191,7,53672.755,2,Champions,"Programme VIP, récompenses exclusives, vente croisée"
CLT02984,53,2,7205.65,0,À Surveiller,"Relance légère, offre personnalisée, sondage satisfaction"
CLT02985,594,6,260242.383,1,Réguliers,"Offres de fidélisation, points bonus, upselling"
CLT02986,278,5,44332.233,0,À Surveiller,"Relance légère, offre personnalisée, sondage satisfaction"
CLT02987,390,3,13038.0,3,Perdus,"Campagne de réactivation, offre de retour spéciale"
CLT02988,942,2,16923.985,3,Perdus,"Campagne de réactivation, offre de retour spéciale"
CLT02989,258,6,32175.094,2,Champions,"Programme VIP, récompenses exclusives, vente croisée"
CLT02990,38,9,25815.561,2,Champions,"Programme VIP, récompenses exclusives, vente croisée"
CLT02991,16,2,6576.64,0,À Surveiller,"Relance légère, offre personnalisée, sondage satisfaction"
CLT02992,302,7,176990.673,1,Réguliers,"Offres de fidélisation, points bonus, upselling"
CLT02993,42,4,10504.934,0,À Surveiller,"Relance légère, offre personnalisée, sondage satisfaction"
CLT02994,72,9,12742.906,2,Champions,"Programme VIP, récompenses exclusives, vente croisée"
CLT02995,95,7,22303.054,2,Champions,"Programme VIP, récompenses exclusives, vente croisée"
CLT02996,95,4,34048.98,0,À Surveiller,"Relance légère, offre personnalisée, sondage satisfaction"
CLT02997,533,3,31215.775,3,Perdus,"Campagne de réactivation, offre de retour spéciale"
CLT02998,2,6,48800.105,2,Champions,"Programme VIP, récompenses exclusives, vente croisée"
CLT02999,687,3,6136.395,3,Perdus,"Campagne de réactivation, offre de retour spéciale"
CLT03000,308,6,70636.54,2,Champions,"Programme VIP, récompenses exclusives, vente croisée"
CLT03001,152,5,158474.614,1,Réguliers,"Offres de fidélisation, points bonus, upselling"
CLT03002,950,1,4799.52,3,Perdus,"Campagne de réactivation, offre de retour spéciale"
CLT03003,35,3,85409.03600000001,0,À Surveiller,"Relance légère, offre personnalisée, sondage satisfaction"
CLT03004,209,4,10192.502,0,À Surveiller,"Relance légère, offre personnalisée, sondage satisfaction"
CLT03005,118,5,156829.571,1,Réguliers,"Offres de fidélisation, points bonus, upselling"
CLT03006,275,2,3364.32,0,À Surveiller,"Relance légère, offre personnalisée, sondage satisfaction"
CLT03007,62,10,114683.826,2,Champions,"Programme VIP, récompenses exclusives, vente croisée"
CLT03008,472,3,23707.026,3,Perdus,"Campagne de réactivation, offre de retour spéciale"
CLT03009,44,3,18501.086,0,À Surveiller,"Relance légère, offre personnalisée, sondage satisfaction"
CLT03010,167,10,33513.559,2,Champions,"Programme VIP, récompenses exclusives, vente croisée"
CLT03011,168,4,28956.48,0,À Surveiller,"Relance légère, offre personnalisée, sondage satisfaction"
CLT03012,71,2,25933.4,0,À Surveiller,"Relance légère, offre personnalisée, sondage satisfaction"
CLT03013,133,6,12133.044,2,Champions,"Programme VIP, récompenses exclusives, vente croisée"
CLT03014,86,7,20604.925,2,Champions,"Programme VIP, récompenses exclusives, vente croisée"
CLT03015,35,9,202220.22,1,Réguliers,"Offres de fidélisation, points bonus, upselling"
CLT03016,744,1,15456.262,3,Perdus,"Campagne de réactivation, offre de retour spéciale"
CLT03017,39,5,11212.35,0,À Surveiller,"Relance légère, offre personnalisée, sondage satisfaction"
CLT03018,115,4,24166.08,0,À Surveiller,"Relance légère, offre personnalisée, sondage satisfaction"
CLT03019,317,2,81237.34,0,À Surveiller,"Relance légère, offre personnalisée, sondage satisfaction"
CLT03020,226,2,4554.16,0,À Surveiller,"Relance légère, offre personnalisée, sondage satisfaction"
CLT03021,317,4,44539.93,0,À Surveiller,"Relance légère, offre personnalisée, sondage satisfaction"
CLT03022,21,5,7595.531,0,À Surveiller,"Relance légère, offre personnalisée, sondage satisfaction"
CLT03023,43,9,54438.117,2,Champions,"Programme VIP, récompenses exclusives, vente croisée"
CLT03024,833,3,29747.068,3,Perdus,"Campagne de réactivation, offre de retour spéciale"
CLT03025,181,3,25843.025,0,À Surveiller,"Relance légère, offre personnalisée, sondage satisfaction"
CLT03026,101,4,67002.551,0,À Surveiller,"Relance légère, offre personnalisée, sondage satisfaction"
CLT03027,402,3,19266.913,3,Perdus,"Campagne de réactivation, offre de retour spéciale"
CLT03028,486,4,24137.62,3,Perdus,"Campagne de réactivation, offre de retour spéciale"
CLT03029,299,2,19910.88,0,À Surveiller,"Relance légère, offre personnalisée, sondage satisfaction"
CLT03030,185,4,19628.418,0,À Surveiller,"Relance légère, offre personnalisée, sondage satisfaction"
CLT03031,93,10,63861.34,2,Champions,"Programme VIP, récompenses exclusives, vente croisée"
CLT03032,1057,1,5223.879,3,Perdus,"Campagne de réactivation, offre de retour spéciale"
CLT03033,127,3,51776.692,0,À Surveiller,"Relance légère, offre personnalisée, sondage satisfaction"
CLT03034,798,2,6767.1,3,Perdus,"Campagne de réactivation, offre de retour spéciale"
CLT03035,145,8,25003.925,2,Champions,"Programme VIP, récompenses exclusives, vente croisée"
CLT03036,228,4,199239.25,1,Réguliers,"Offres de fidélisation, points bonus, upselling"
CLT03037,815,4,28072.88,3,Perdus,"Campagne de réactivation, offre de retour spéciale"
CLT03038,52,6,60852.990000000005,2,Champions,"Programme VIP, récompenses exclusives, vente croisée"
CLT03039,1059,2,6863.92,3,Perdus,"Campagne de réactivation, offre de retour spéciale"
CLT03040,362,4,46809.18,0,À Surveiller,"Relance légère, offre personnalisée, sondage satisfaction"
CLT03041,36,9,12908.28,2,Champions,"Programme VIP, récompenses exclusives, vente croisée"
CLT03042,11,4,7216.0,0,À Surveiller,"Relance légère, offre personnalisée, sondage satisfaction"
CLT03043,694,3,64119.918,3,Perdus,"Campagne de réactivation, offre de retour spéciale"
CLT03044,416,5,95723.298,3,Perdus,"Campagne de réactivation, offre de retour spéciale"
CLT03045,40,6,36268.76,2,Champions,"Programme VIP, récompenses exclusives, vente croisée"
CLT03046,197,7,117692.134,2,Champions,"Programme VIP, récompenses exclusives, vente croisée"
CLT03047,87,7,14466.105,2,Champions,"Programme VIP, récompenses exclusives, vente croisée"
CLT03048,146,5,87689.753,0,À Surveiller,"Relance légère, offre personnalisée, sondage satisfaction"
CLT03049,210,2,7990.83,0,À Surveiller,"Relance légère, offre personnalisée, sondage satisfaction"
CLT03050,40,8,21920.688,2,Champions,"Programme VIP, récompenses exclusives, vente croisée"
CLT03051,128,4,62956.181,0,À Surveiller,"Relance légère, offre personnalisée, sondage satisfaction"
CLT03052,267,4,82259.92,0,À Surveiller,"Relance légère, offre personnalisée, sondage satisfaction"
CLT03053,414,2,5570.01,3,Perdus,"Campagne de réactivation, offre de retour spéciale"
CLT03054,68,8,26203.38,2,Champions,"Programme VIP, récompenses exclusives, vente croisée"
CLT03055,349,2,36828.75,0,À Surveiller,"Relance légère, offre personnalisée, sondage satisfaction"
CLT03056,111,5,5695.704,0,À Surveiller,"Relance légère, offre personnalisée, sondage satisfaction"
CLT03057,115,5,40960.998,0,À Surveiller,"Relance légère, offre personnalisée, sondage satisfaction"
CLT03058,490,2,21182.65,3,Perdus,"Campagne de réactivation, offre de retour spéciale"
CLT03059,87,5,128706.046,1,Réguliers,"Offres de fidélisation, points bonus, upselling"
CLT03060,28,6,52620.84,2,Champions,"Programme VIP, récompenses exclusives, vente croisée"
CLT03061,176,5,42140.14,0,À Surveiller,"Relance légère, offre personnalisée, sondage satisfaction"
CLT03062,39,6,174352.46899999998,1,Réguliers,"Offres de fidélisation, points bonus, upselling"
CLT03064,16,5,5862.8460000000005,0,À Surveiller,"Relance légère, offre personnalisée, sondage satisfaction"
CLT03065,243,2,10407.241,0,À Surveiller,"Relance légère, offre personnalisée, sondage satisfaction"
CLT03066,59,6,27993.375,2,Champions,"Programme VIP, récompenses exclusives, vente croisée"
CLT03067,279,5,62757.297,0,À Surveiller,"Relance légère, offre personnalisée, sondage satisfaction"
CLT03068,113,6,16236.909,2,Champions,"Programme VIP, récompenses exclusives, vente croisée"
CLT03069,1095,2,9111.37,3,Perdus,"Campagne de réactivation, offre de retour spéciale"
CLT03070,62,6,61436.348,2,Champions,"Programme VIP, récompenses exclusives, vente croisée"
CLT03071,318,2,5880.76,0,À Surveiller,"Relance légère, offre personnalisée, sondage satisfaction"
CLT03072,269,1,7793.617,0,À Surveiller,"Relance légère, offre personnalisée, sondage satisfaction"
CLT03073,88,6,38160.969,2,Champions,"Programme VIP, récompenses exclusives, vente croisée"
CLT03074,159,4,3964.439,0,À Surveiller,"Relance légère, offre personnalisée, sondage satisfaction"
CLT03075,193,3,23000.977,0,À Surveiller,"Relance légère, offre personnalisée, sondage satisfaction"
CLT03076,210,6,17623.595,2,Champions,"Programme VIP, récompenses exclusives, vente croisée"
CLT03077,78,3,16994.940000000002,0,À Surveiller,"Relance légère, offre personnalisée, sondage satisfaction"
CLT03078,13,5,207720.152,1,Réguliers,"Offres de fidélisation, points bonus, upselling"
CLT03079,91,4,17045.28,0,À Surveiller,"Relance légère, offre personnalisée, sondage satisfaction"
CLT03080,121,4,15971.25,0,À Surveiller,"Relance légère, offre personnalisée, sondage satisfaction"
CLT03081,648,3,57216.3,3,Perdus,"Campagne de réactivation, offre de retour spéciale"
CLT03082,93,4,38171.7,0,À Surveiller,"Relance légère, offre personnalisée, sondage satisfaction"
CLT03083,606,2,61398.0,3,Perdus,"Campagne de réactivation, offre de retour spéciale"
CLT03084,138,4,48902.572,0,À Surveiller,"Relance légère, offre personnalisée, sondage satisfaction"
CLT03085,39,4,41554.56,0,À Surveiller,"Relance légère, offre personnalisée, sondage satisfaction"
CLT03086,155,3,16101.72,0,À Surveiller,"Relance légère, offre personnalisée, sondage satisfaction"
CLT03087,271,5,236063.62,1,Réguliers,"Offres de fidélisation, points bonus, upselling"
CLT03088,40,5,18201.33,0,À Surveiller,"Relance légère, offre personnalisée, sondage satisfaction"
CLT03089,33,6,45919.048,2,Champions,"Programme VIP, récompenses exclusives, vente croisée"
CLT03090,154,9,80835.34,2,Champions,"Programme VIP, récompenses exclusives, vente croisée"
CLT03091,218,10,114989.714,2,Champions,"Programme VIP, récompenses exclusives, vente croisée"
CLT03092,283,6,239843.82,1,Réguliers,"Offres de fidélisation, points bonus, upselling"
CLT03093,148,7,158606.8,1,Réguliers,"Offres de fidélisation, points bonus, upselling"
CLT03094,112,5,59385.555,0,À Surveiller,"Relance légère, offre personnalisée, sondage satisfaction"
CLT03095,691,1,5143.82,3,Perdus,"Campagne de réactivation, offre de retour spéciale"
CLT03096,327,3,39198.600000000006,0,À Surveiller,"Relance légère, offre personnalisée, sondage satisfaction"
CLT03097,368,1,22421.52,0,À Surveiller,"Relance légère, offre personnalisée, sondage satisfaction"
CLT03098,7,11,101021.158,2,Champions,"Programme VIP, récompenses exclusives, vente croisée"
CLT03099,22,4,45861.33,0,À Surveiller,"Relance légère, offre personnalisée, sondage satisfaction"
CLT03100,97,3,126183.902,0,À Surveiller,"Relance légère, offre personnalisée, sondage satisfaction"
CLT03101,167,5,10818.96,0,À Surveiller,"Relance légère, offre personnalisée, sondage satisfaction"
CLT03102,151,4,138080.0,1,Réguliers,"Offres de fidélisation, points bonus, upselling"
CLT03103,102,7,65639.804,2,Champions,"Programme VIP, récompenses exclusives, vente croisée"
CLT03104,25,2,20705.4,0,À Surveiller,"Relance légère, offre personnalisée, sondage satisfaction"
CLT03105,436,3,77714.78,3,Perdus,"Campagne de réactivation, offre de retour spéciale"
CLT03106,54,8,35316.09,2,Champions,"Programme VIP, récompenses exclusives, vente croisée"
CLT03107,8,7,87430.626,2,Champions,"Programme VIP, récompenses exclusives, vente croisée"
CLT03108,90,14,314299.349,1,Réguliers,"Offres de fidélisation, points bonus, upselling"
CLT03109,644,2,38918.43,3,Perdus,"Campagne de réactivation, offre de retour spéciale"
CLT03110,120,8,23144.579,2,Champions,"Programme VIP, récompenses exclusives, vente croisée"
CLT03111,232,5,24014.848,0,À Surveiller,"Relance légère, offre personnalisée, sondage satisfaction"
CLT03112,687,4,32609.961,3,Perdus,"Campagne de réactivation, offre de retour spéciale"
CLT03113,123,3,53804.038,0,À Surveiller,"Relance légère, offre personnalisée, sondage satisfaction"
CLT03114,516,6,27363.3,3,Perdus,"Campagne de réactivation, offre de retour spéciale"
CLT03115,120,8,21620.23,2,Champions,"Programme VIP, récompenses exclusives, vente croisée"
CLT03116,42,4,16135.86,0,À Surveiller,"Relance légère, offre personnalisée, sondage satisfaction"
CLT03117,66,10,191398.9,1,Réguliers,"Offres de fidélisation, points bonus, upselling"
CLT03118,50,4,108559.36,0,À Surveiller,"Relance légère, offre personnalisée, sondage satisfaction"
CLT03119,548,2,58819.273,3,Perdus,"Campagne de réactivation, offre de retour spéciale"
CLT03120,201,8,10012.606,2,Champions,"Programme VIP, récompenses exclusives, vente croisée"
CLT03121,411,6,63794.04,2,Champions,"Programme VIP, récompenses exclusives, vente croisée"
CLT03122,41,5,106256.885,2,Champions,"Programme VIP, récompenses exclusives, vente croisée"
CLT03123,153,6,43819.292,2,Champions,"Programme VIP, récompenses exclusives, vente croisée"
CLT03124,14,10,456777.022,1,Réguliers,"Offres de fidélisation, points bonus, upselling"
CLT03125,68,6,48601.0,2,Champions,"Programme VIP, récompenses exclusives, vente croisée"
CLT03126,131,6,70481.216,2,Champions,"Programme VIP, récompenses exclusives, vente croisée"
CLT03127,1,6,69063.47,2,Champions,"Programme VIP, récompenses exclusives, vente croisée"
CLT03128,7,3,61708.218,0,À Surveiller,"Relance légère, offre personnalisée, sondage satisfaction"
CLT03129,345,1,14074.2,0,À Surveiller,"Relance légère, offre personnalisée, sondage satisfaction"
CLT03130,191,3,18476.8,0,À Surveiller,"Relance légère, offre personnalisée, sondage satisfaction"
CLT03131,411,5,82891.719,3,Perdus,"Campagne de réactivation, offre de retour spéciale"
CLT03132,239,5,192066.504,1,Réguliers,"Offres de fidélisation, points bonus, upselling"
CLT03133,112,2,9335.56,0,À Surveiller,"Relance légère, offre personnalisée, sondage satisfaction"
CLT03134,76,8,139206.106,1,Réguliers,"Offres de fidélisation, points bonus, upselling"
CLT03135,326,10,157500.48,1,Réguliers,"Offres de fidélisation, points bonus, upselling"
CLT03136,61,3,26268.27,0,À Surveiller,"Relance légère, offre personnalisée, sondage satisfaction"
CLT03137,73,8,48955.489,2,Champions,"Programme VIP, récompenses exclusives, vente croisée"
CLT03138,93,5,20935.67,0,À Surveiller,"Relance légère, offre personnalisée, sondage satisfaction"
CLT03139,14,5,4974.958,0,À Surveiller,"Relance légère, offre personnalisée, sondage satisfaction"
CLT03140,304,2,7938.19,0,À Surveiller,"Relance légère, offre personnalisée, sondage satisfaction"
CLT03141,224,5,119027.158,2,Champions,"Programme VIP, récompenses exclusives, vente croisée"
CLT03142,33,5,171010.98,1,Réguliers,"Offres de fidélisation, points bonus, upselling"
CLT03143,177,6,141334.981,1,Réguliers,"Offres de fidélisation, points bonus, upselling"
CLT03144,3,6,41964.582,2,Champions,"Programme VIP, récompenses exclusives, vente croisée"
CLT03145,227,5,10013.15,0,À Surveiller,"Relance légère, offre personnalisée, sondage satisfaction"
CLT03146,105,12,120499.8,2,Champions,"Programme VIP, récompenses exclusives, vente croisée"
CLT03147,379,4,19932.694,0,À Surveiller,"Relance légère, offre personnalisée, sondage satisfaction"
CLT03148,205,6,31896.835,2,Champions,"Programme VIP, récompenses exclusives, vente croisée"
CLT03149,91,4,141400.65,1,Réguliers,"Offres de fidélisation, points bonus, upselling"
CLT03150,95,6,62249.44,2,Champions,"Programme VIP, récompenses exclusives, vente croisée"
CLT03151,344,7,57426.97,2,Champions,"Programme VIP, récompenses exclusives, vente croisée"
CLT03152,288,7,57561.252,2,Champions,"Programme VIP, récompenses exclusives, vente croisée"
CLT03153,105,7,319956.325,1,Réguliers,"Offres de fidélisation, points bonus, upselling"
CLT03154,82,1,5178.6,0,À Surveiller,"Relance légère, offre personnalisée, sondage satisfaction"
CLT03155,294,2,28142.237,0,À Surveiller,"Relance légère, offre personnalisée, sondage satisfaction"
CLT03156,280,6,65680.35,2,Champions,"Programme VIP, récompenses exclusives, vente croisée"
CLT03157,254,6,72111.816,2,Champions,"Programme VIP, récompenses exclusives, vente croisée"
CLT03158,685,8,79532.288,3,Perdus,"Campagne de réactivation, offre de retour spéciale"
CLT03159,509,3,47455.4,3,Perdus,"Campagne de réactivation, offre de retour spéciale"
CLT03160,86,6,124627.417,1,Réguliers,"Offres de fidélisation, points bonus, upselling"
CLT03161,276,5,77550.738,0,À Surveiller,"Relance légère, offre personnalisée, sondage satisfaction"
CLT03162,92,2,19198.8,0,À Surveiller,"Relance légère, offre personnalisée, sondage satisfaction"
CLT03163,284,9,200287.05,1,Réguliers,"Offres de fidélisation, points bonus, upselling"
CLT03164,93,6,115905.305,2,Champions,"Programme VIP, récompenses exclusives, vente croisée"
CLT03165,104,6,128217.62,1,Réguliers,"Offres de fidélisation, points bonus, upselling"
CLT03166,93,3,37441.44,0,À Surveiller,"Relance légère, offre personnalisée, sondage satisfaction"
CLT03167,211,4,45464.44,0,À Surveiller,"Relance légère, offre personnalisée, sondage satisfaction"
CLT03168,346,4,6699.062,0,À Surveiller,"Relance légère, offre personnalisée, sondage satisfaction"
CLT03169,130,4,17751.994,0,À Surveiller,"Relance légère, offre personnalisée, sondage satisfaction"
CLT03170,27,6,228872.957,1,Réguliers,"Offres de fidélisation, points bonus, upselling"
CLT03171,72,9,42743.772,2,Champions,"Programme VIP, récompenses exclusives, vente croisée"
CLT03172,197,7,82919.12,2,Champions,"Programme VIP, récompenses exclusives, vente croisée"
CLT03173,523,1,3111.95,3,Perdus,"Campagne de réactivation, offre de retour spéciale"
CLT03174,585,4,81838.782,3,Perdus,"Campagne de réactivation, offre de retour spéciale"
CLT03175,71,5,43941.045,0,À Surveiller,"Relance légère, offre personnalisée, sondage satisfaction"
CLT03176,75,4,27640.421,0,À Surveiller,"Relance légère, offre personnalisée, sondage satisfaction"
CLT03178,101,8,10315.881,2,Champions,"Programme VIP, récompenses exclusives, vente croisée"
CLT03179,193,1,6531.84,0,À Surveiller,"Relance légère, offre personnalisée, sondage satisfaction"
CLT03180,150,4,21365.29,0,À Surveiller,"Relance légère, offre personnalisée, sondage satisfaction"
CLT03181,114,6,45463.35,2,Champions,"Programme VIP, récompenses exclusives, vente croisée"
CLT03182,313,6,116228.14,2,Champions,"Programme VIP, récompenses exclusives, vente croisée"
CLT03183,46,4,17007.07,0,À Surveiller,"Relance légère, offre personnalisée, sondage satisfaction"
CLT03184,164,9,34283.157,2,Champions,"Programme VIP, récompenses exclusives, vente croisée"
CLT03185,403,3,16067.627,3,Perdus,"Campagne de réactivation, offre de retour spéciale"
CLT03186,208,4,48906.0,0,À Surveiller,"Relance légère, offre personnalisée, sondage satisfaction"
CLT03187,197,7,257886.941,1,Réguliers,"Offres de fidélisation, points bonus, upselling"
CLT03188,320,5,38624.880000000005,0,À Surveiller,"Relance légère, offre personnalisée, sondage satisfaction"
CLT03189,118,3,9343.37,0,À Surveiller,"Relance légère, offre personnalisée, sondage satisfaction"
CLT03190,165,3,94070.68,0,À Surveiller,"Relance légère, offre personnalisée, sondage satisfaction"
CLT03191,608,5,36841.42,3,Perdus,"Campagne de réactivation, offre de retour spéciale"
CLT03192,524,4,4718.57,3,Perdus,"Campagne de réactivation, offre de retour spéciale"
CLT03193,228,4,53179.854,0,À Surveiller,"Relance légère, offre personnalisée, sondage satisfaction"
CLT03194,134,4,24673.58,0,À Surveiller,"Relance légère, offre personnalisée, sondage satisfaction"
CLT03195,36,4,21808.28,0,À Surveiller,"Relance légère, offre personnalisée, sondage satisfaction"
CLT03196,503,1,36424.52,3,Perdus,"Campagne de réactivation, offre de retour spéciale"
CLT03197,385,3,17790.08,0,À Surveiller,"Relance légère, offre personnalisée, sondage satisfaction"
CLT03198,66,10,57905.617,2,Champions,"Programme VIP, récompenses exclusives, vente croisée"
CLT03199,183,7,65938.24799999999,2,Champions,"Programme VIP, récompenses exclusives, vente croisée"
CLT03200,631,2,6637.545,3,Perdus,"Campagne de réactivation, offre de retour spéciale"
CLT03201,257,4,74180.83499999999,0,À Surveiller,"Relance légère, offre personnalisée, sondage satisfaction"
CLT03202,43,6,61497.6,2,Champions,"Programme VIP, récompenses exclusives, vente croisée"
CLT03203,219,4,21956.562,0,À Surveiller,"Relance légère, offre personnalisée, sondage satisfaction"
CLT03204,62,9,175713.159,1,Réguliers,"Offres de fidélisation, points bonus, upselling"
CLT03205,141,4,43513.405,0,À Surveiller,"Relance légère, offre personnalisée, sondage satisfaction"
CLT03206,37,4,26093.485,0,À Surveiller,"Relance légère, offre personnalisée, sondage satisfaction"
CLT03207,70,9,75294.099,2,Champions,"Programme VIP, récompenses exclusives, vente croisée"
CLT03208,312,8,36175.52,2,Champions,"Programme VIP, récompenses exclusives, vente croisée"
CLT03209,613,5,7475.771,3,Perdus,"Campagne de réactivation, offre de retour spéciale"
CLT03210,62,4,40174.514,0,À Surveiller,"Relance légère, offre personnalisée, sondage satisfaction"
CLT03211,483,5,29166.941,3,Perdus,"Campagne de réactivation, offre de retour spéciale"
CLT03212,313,6,30533.005,2,Champions,"Programme VIP, récompenses exclusives, vente croisée"
CLT03213,293,4,20202.97,0,À Surveiller,"Relance légère, offre personnalisée, sondage satisfaction"
CLT03214,359,2,27156.22,0,À Surveiller,"Relance légère, offre personnalisée, sondage satisfaction"
CLT03215,226,4,136044.208,1,Réguliers,"Offres de fidélisation, points bonus, upselling"
CLT03216,440,2,18809.822,3,Perdus,"Campagne de réactivation, offre de retour spéciale"
CLT03217,114,6,58184.46,2,Champions,"Programme VIP, récompenses exclusives, vente croisée"
CLT03218,583,2,25382.63,3,Perdus,"Campagne de réactivation, offre de retour spéciale"
CLT03219,356,8,23432.462,2,Champions,"Programme VIP, récompenses exclusives, vente croisée"
CLT03220,143,4,11505.84,0,À Surveiller,"Relance légère, offre personnalisée, sondage satisfaction"
CLT03221,244,5,30281.539,0,À Surveiller,"Relance légère, offre personnalisée, sondage satisfaction"
CLT03222,82,6,13118.614,2,Champions,"Programme VIP, récompenses exclusives, vente croisée"
CLT03223,44,4,17017.868000000002,0,À Surveiller,"Relance légère, offre personnalisée, sondage satisfaction"
CLT03224,102,7,43475.857,2,Champions,"Programme VIP, récompenses exclusives, vente croisée"
CLT03225,147,6,26525.947,2,Champions,"Programme VIP, récompenses exclusives, vente croisée"
CLT03226,599,5,50901.02,3,Perdus,"Campagne de réactivation, offre de retour spéciale"
CLT03227,393,4,4205.46,0,À Surveiller,"Relance légère, offre personnalisée, sondage satisfaction"
CLT03228,704,1,27139.02,3,Perdus,"Campagne de réactivation, offre de retour spéciale"
CLT03229,290,1,3399.15,0,À Surveiller,"Relance légère, offre personnalisée, sondage satisfaction"
CLT03230,401,7,59833.08,2,Champions,"Programme VIP, récompenses exclusives, vente croisée"
CLT03231,443,5,27161.522,3,Perdus,"Campagne de réactivation, offre de retour spéciale"
CLT03232,336,3,44663.4,0,À Surveiller,"Relance légère, offre personnalisée, sondage satisfaction"
CLT03233,339,6,32039.395,2,Champions,"Programme VIP, récompenses exclusives, vente croisée"
CLT03234,274,6,14351.14,2,Champions,"Programme VIP, récompenses exclusives, vente croisée"
CLT03235,260,2,3157.63,0,À Surveiller,"Relance légère, offre personnalisée, sondage satisfaction"
CLT03236,220,12,30769.775,2,Champions,"Programme VIP, récompenses exclusives, vente croisée"
CLT03238,233,5,21530.64,0,À Surveiller,"Relance légère, offre personnalisée, sondage satisfaction"
CLT03239,227,4,29776.5,0,À Surveiller,"Relance légère, offre personnalisée, sondage satisfaction"
CLT03240,107,4,49431.367,0,À Surveiller,"Relance légère, offre personnalisée, sondage satisfaction"
CLT03241,634,7,39900.391,3,Perdus,"Campagne de réactivation, offre de retour spéciale"
CLT03242,229,8,74122.376,2,Champions,"Programme VIP, récompenses exclusives, vente croisée"
CLT03243,540,2,13847.2,3,Perdus,"Campagne de réactivation, offre de retour spéciale"
CLT03244,364,7,44329.2,2,Champions,"Programme VIP, récompenses exclusives, vente croisée"
CLT03245,46,4,22772.092,0,À Surveiller,"Relance légère, offre personnalisée, sondage satisfaction"
CLT03246,70,1,5890.0,0,À Surveiller,"Relance légère, offre personnalisée, sondage satisfaction"
CLT03247,608,3,7961.695,3,Perdus,"Campagne de réactivation, offre de retour spéciale"
CLT03248,250,8,78661.565,2,Champions,"Programme VIP, récompenses exclusives, vente croisée"
CLT03249,165,7,8139.54,2,Champions,"Programme VIP, récompenses exclusives, vente croisée"
CLT03250,456,7,41057.514,2,Champions,"Programme VIP, récompenses exclusives, vente croisée"
CLT03251,752,4,14721.56,3,Perdus,"Campagne de réactivation, offre de retour spéciale"
CLT03252,209,3,7045.12,0,À Surveiller,"Relance légère, offre personnalisée, sondage satisfaction"
CLT03253,288,3,16760.8,0,À Surveiller,"Relance légère, offre personnalisée, sondage satisfaction"
CLT03254,1002,4,17307.521,3,Perdus,"Campagne de réactivation, offre de retour spéciale"
CLT03255,420,4,80786.504,3,Perdus,"Campagne de réactivation, offre de retour spéciale"
CLT03256,202,4,9016.44,0,À Surveiller,"Relance légère, offre personnalisée, sondage satisfaction"
CLT03257,638,5,16646.735,3,Perdus,"Campagne de réactivation, offre de retour spéciale"
CLT03258,357,6,47437.4,2,Champions,"Programme VIP, récompenses exclusives, vente croisée"
CLT03259,89,3,47194.98,0,À Surveiller,"Relance légère, offre personnalisée, sondage satisfaction"
CLT03260,158,5,23017.806,0,À Surveiller,"Relance légère, offre personnalisée, sondage satisfaction"
CLT03261,159,6,25057.354,2,Champions,"Programme VIP, récompenses exclusives, vente croisée"
CLT03262,11,3,17040.239999999998,0,À Surveiller,"Relance légère, offre personnalisée, sondage satisfaction"
CLT03263,583,2,20769.63,3,Perdus,"Campagne de réactivation, offre de retour spéciale"
CLT03264,201,5,27081.506,0,À Surveiller,"Relance légère, offre personnalisée, sondage satisfaction"
CLT03265,1043,1,6522.48,3,Perdus,"Campagne de réactivation, offre de retour spéciale"
CLT03266,227,5,183587.371,1,Réguliers,"Offres de fidélisation, points bonus, upselling"
CLT03267,192,5,41885.955,0,À Surveiller,"Relance légère, offre personnalisée, sondage satisfaction"
CLT03268,196,8,36311.966,2,Champions,"Programme VIP, récompenses exclusives, vente croisée"
CLT03269,303,4,44020.347,0,À Surveiller,"Relance légère, offre personnalisée, sondage satisfaction"
CLT03270,72,4,18663.933,0,À Surveiller,"Relance légère, offre personnalisée, sondage satisfaction"
CLT03271,12,9,118382.72,2,Champions,"Programme VIP, récompenses exclusives, vente croisée"
CLT03272,562,3,115688.9,3,Perdus,"Campagne de réactivation, offre de retour spéciale"
CLT03273,419,4,77559.81,3,Perdus,"Campagne de réactivation, offre de retour spéciale"
CLT03274,63,4,6235.116,0,À Surveiller,"Relance légère, offre personnalisée, sondage satisfaction"
CLT03275,214,6,80682.389,2,Champions,"Programme VIP, récompenses exclusives, vente croisée"
CLT03276,72,4,95919.51,0,À Surveiller,"Relance légère, offre personnalisée, sondage satisfaction"
CLT03277,26,12,117008.354,2,Champions,"Programme VIP, récompenses exclusives, vente croisée"
CLT03278,503,3,24800.24,3,Perdus,"Campagne de réactivation, offre de retour spéciale"
CLT03279,346,2,37680.5,0,À Surveiller,"Relance légère, offre personnalisée, sondage satisfaction"
CLT03280,64,7,33011.236,2,Champions,"Programme VIP, récompenses exclusives, vente croisée"
CLT03281,478,7,26051.396,2,Champions,"Programme VIP, récompenses exclusives, vente croisée"
CLT03282,187,9,43425.737,2,Champions,"Programme VIP, récompenses exclusives, vente croisée"
CLT03283,274,6,7474.138,2,Champions,"Programme VIP, récompenses exclusives, vente croisée"
CLT03284,187,2,32050.96,0,À Surveiller,"Relance légère, offre personnalisée, sondage satisfaction"
CLT03285,732,6,27425.486,3,Perdus,"Campagne de réactivation, offre de retour spéciale"
CLT03286,600,4,35679.6,3,Perdus,"Campagne de réactivation, offre de retour spéciale"
CLT03287,574,7,321819.762,1,Réguliers,"Offres de fidélisation, points bonus, upselling"
CLT03288,158,4,195068.16,1,Réguliers,"Offres de fidélisation, points bonus, upselling"
CLT03289,33,6,243447.046,1,Réguliers,"Offres de fidélisation, points bonus, upselling"
CLT03290,5,2,21467.09,0,À Surveiller,"Relance légère, offre personnalisée, sondage satisfaction"
CLT03291,222,2,86277.78,0,À Surveiller,"Relance légère, offre personnalisée, sondage satisfaction"
CLT03292,50,3,97131.76,0,À Surveiller,"Relance légère, offre personnalisée, sondage satisfaction"
CLT03293,19,7,283130.19,1,Réguliers,"Offres de fidélisation, points bonus, upselling"
CLT03294,391,6,38484.857,2,Champions,"Programme VIP, récompenses exclusives, vente croisée"
CLT03295,219,5,47312.069,0,À Surveiller,"Relance légère, offre personnalisée, sondage satisfaction"
CLT03296,70,7,289401.915,1,Réguliers,"Offres de fidélisation, points bonus, upselling"
CLT03297,252,4,15855.75,0,À Surveiller,"Relance légère, offre personnalisée, sondage satisfaction"
CLT03298,16,6,225070.14400000003,1,Réguliers,"Offres de fidélisation, points bonus, upselling"
CLT03299,211,5,15782.105,0,À Surveiller,"Relance légère, offre personnalisée, sondage satisfaction"
CLT03300,424,3,18184.14,3,Perdus,"Campagne de réactivation, offre de retour spéciale"
CLT03301,220,4,11902.56,0,À Surveiller,"Relance légère, offre personnalisée, sondage satisfaction"
CLT03302,208,10,208197.835,1,Réguliers,"Offres de fidélisation, points bonus, upselling"
CLT03303,26,8,47484.236,2,Champions,"Programme VIP, récompenses exclusives, vente croisée"
CLT03304,32,4,61852.98,0,À Surveiller,"Relance légère, offre personnalisée, sondage satisfaction"
CLT03305,106,5,37549.693,0,À Surveiller,"Relance légère, offre personnalisée, sondage satisfaction"
CLT03306,453,5,13235.64,3,Perdus,"Campagne de réactivation, offre de retour spéciale"
CLT03307,526,2,23244.32,3,Perdus,"Campagne de réactivation, offre de retour spéciale"
CLT03308,200,7,39918.233,2,Champions,"Programme VIP, récompenses exclusives, vente croisée"
CLT03309,275,3,93387.28,0,À Surveiller,"Relance légère, offre personnalisée, sondage satisfaction"
CLT03310,34,7,30609.12,2,Champions,"Programme VIP, récompenses exclusives, vente croisée"
CLT03311,1,9,169044.454,1,Réguliers,"Offres de fidélisation, points bonus, upselling"
CLT03312,857,1,7044.68,3,Perdus,"Campagne de réactivation, offre de retour spéciale"
CLT03313,541,2,32768.01,3,Perdus,"Campagne de réactivation, offre de retour spéciale"
CLT03314,101,2,12478.21,0,À Surveiller,"Relance légère, offre personnalisée, sondage satisfaction"
CLT03315,117,8,11878.3,2,Champions,"Programme VIP, récompenses exclusives, vente croisée"
CLT03316,59,6,46254.37,2,Champions,"Programme VIP, récompenses exclusives, vente croisée"
CLT03317,76,6,57146.047,2,Champions,"Programme VIP, récompenses exclusives, vente croisée"
CLT03318,700,1,3675.949,3,Perdus,"Campagne de réactivation, offre de retour spéciale"
CLT03319,422,4,39053.55,3,Perdus,"Campagne de réactivation, offre de retour spéciale"
CLT03320,15,4,77405.06,0,À Surveiller,"Relance légère, offre personnalisée, sondage satisfaction"
CLT03321,638,4,35978.950000000004,3,Perdus,"Campagne de réactivation, offre de retour spéciale"
CLT03322,64,4,46348.543,0,À Surveiller,"Relance légère, offre personnalisée, sondage satisfaction"
CLT03323,364,6,52100.434,2,Champions,"Programme VIP, récompenses exclusives, vente croisée"
CLT03324,220,3,51751.642,0,À Surveiller,"Relance légère, offre personnalisée, sondage satisfaction"
CLT03325,266,5,22764.525,0,À Surveiller,"Relance légère, offre personnalisée, sondage satisfaction"
CLT03326,201,2,14989.867,0,À Surveiller,"Relance légère, offre personnalisée, sondage satisfaction"
CLT03327,259,3,4438.452,0,À Surveiller,"Relance légère, offre personnalisée, sondage satisfaction"
CLT03328,50,7,37505.16,2,Champions,"Programme VIP, récompenses exclusives, vente croisée"
CLT03329,346,7,347979.587,1,Réguliers,"Offres de fidélisation, points bonus, upselling"
CLT03330,141,7,38799.236,2,Champions,"Programme VIP, récompenses exclusives, vente croisée"
CLT03331,11,7,102718.242,2,Champions,"Programme VIP, récompenses exclusives, vente croisée"
CLT03332,207,6,26283.25,2,Champions,"Programme VIP, récompenses exclusives, vente croisée"
CLT03333,212,7,39468.346,2,Champions,"Programme VIP, récompenses exclusives, vente croisée"
CLT03334,76,2,14010.1,0,À Surveiller,"Relance légère, offre personnalisée, sondage satisfaction"
CLT03335,68,2,9261.66,0,À Surveiller,"Relance légère, offre personnalisée, sondage satisfaction"
CLT03336,100,5,25084.56,0,À Surveiller,"Relance légère, offre personnalisée, sondage satisfaction"
CLT03337,116,5,20135.562,0,À Surveiller,"Relance légère, offre personnalisée, sondage satisfaction"
CLT03338,29,8,9943.637,2,Champions,"Programme VIP, récompenses exclusives, vente croisée"
CLT03339,354,3,20256.13,0,À Surveiller,"Relance légère, offre personnalisée, sondage satisfaction"
CLT03340,302,3,118873.358,0,À Surveiller,"Relance légère, offre personnalisée, sondage satisfaction"
CLT03341,53,6,49530.752,2,Champions,"Programme VIP, récompenses exclusives, vente croisée"
CLT03342,60,3,37208.399,0,À Surveiller,"Relance légère, offre personnalisée, sondage satisfaction"
CLT03343,71,7,26729.7,2,Champions,"Programme VIP, récompenses exclusives, vente croisée"
CLT03344,509,2,2687.58,3,Perdus,"Campagne de réactivation, offre de retour spéciale"
CLT03345,376,4,71892.07699999999,0,À Surveiller,"Relance légère, offre personnalisée, sondage satisfaction"
CLT03346,80,6,79591.59,2,Champions,"Programme VIP, récompenses exclusives, vente croisée"
CLT03347,219,4,45648.9,0,À Surveiller,"Relance légère, offre personnalisée, sondage satisfaction"
CLT03348,142,6,162547.616,1,Réguliers,"Offres de fidélisation, points bonus, upselling"
CLT03349,420,5,15368.602,3,Perdus,"Campagne de réactivation, offre de retour spéciale"
CLT03350,167,6,33787.04,2,Champions,"Programme VIP, récompenses exclusives, vente croisée"
CLT03351,182,5,22813.773,0,À Surveiller,"Relance légère, offre personnalisée, sondage satisfaction"
CLT03352,1037,2,13157.76,3,Perdus,"Campagne de réactivation, offre de retour spéciale"
CLT03353,286,3,8518.699,0,À Surveiller,"Relance légère, offre personnalisée, sondage satisfaction"
CLT03354,218,5,54359.352,0,À Surveiller,"Relance légère, offre personnalisée, sondage satisfaction"
CLT03355,352,3,7539.313,0,À Surveiller,"Relance légère, offre personnalisée, sondage satisfaction"
CLT03356,206,5,82752.51,0,À Surveiller,"Relance légère, offre personnalisée, sondage satisfaction"
CLT03357,133,6,43614.204,2,Champions,"Programme VIP, récompenses exclusives, vente croisée"
CLT03358,44,8,74589.9,2,Champions,"Programme VIP, récompenses exclusives, vente croisée"
CLT03359,288,8,73441.116,2,Champions,"Programme VIP, récompenses exclusives, vente croisée"
CLT03360,118,8,68503.574,2,Champions,"Programme VIP, récompenses exclusives, vente croisée"
CLT03361,188,5,88126.73,0,À Surveiller,"Relance légère, offre personnalisée, sondage satisfaction"
CLT03362,232,8,152845.49300000002,1,Réguliers,"Offres de fidélisation, points bonus, upselling"
CLT03363,115,6,65341.856,2,Champions,"Programme VIP, récompenses exclusives, vente croisée"
CLT03364,12,4,189018.9,1,Réguliers,"Offres de fidélisation, points bonus, upselling"
CLT03365,104,5,4629.552,0,À Surveiller,"Relance légère, offre personnalisée, sondage satisfaction"
CLT03366,487,1,1013.6,3,Perdus,"Campagne de réactivation, offre de retour spéciale"
CLT03367,238,2,26734.693,0,À Surveiller,"Relance légère, offre personnalisée, sondage satisfaction"
CLT03368,572,3,56205.0,3,Perdus,"Campagne de réactivation, offre de retour spéciale"
CLT03369,286,6,217037.01,1,Réguliers,"Offres de fidélisation, points bonus, upselling"
CLT03370,9,5,35558.770000000004,0,À Surveiller,"Relance légère, offre personnalisée, sondage satisfaction"
CLT03371,241,2,21618.16,0,À Surveiller,"Relance légère, offre personnalisée, sondage satisfaction"
CLT03372,23,10,95277.093,2,Champions,"Programme VIP, récompenses exclusives, vente croisée"
CLT03373,142,8,67904.369,2,Champions,"Programme VIP, récompenses exclusives, vente croisée"
CLT03374,222,3,9809.25,0,À Surveiller,"Relance légère, offre personnalisée, sondage satisfaction"
CLT03375,130,7,17149.032,2,Champions,"Programme VIP, récompenses exclusives, vente croisée"
CLT03376,275,6,21121.88,2,Champions,"Programme VIP, récompenses exclusives, vente croisée"
CLT03377,149,3,6743.1,0,À Surveiller,"Relance légère, offre personnalisée, sondage satisfaction"
CLT03378,272,4,41038.476,0,À Surveiller,"Relance légère, offre personnalisée, sondage satisfaction"
CLT03379,356,2,5839.23,0,À Surveiller,"Relance légère, offre personnalisée, sondage satisfaction"
CLT03380,676,3,14886.43,3,Perdus,"Campagne de réactivation, offre de retour spéciale"
CLT03381,20,7,18426.542,2,Champions,"Programme VIP, récompenses exclusives, vente croisée"
CLT03382,42,9,25399.5,2,Champions,"Programme VIP, récompenses exclusives, vente croisée"
CLT03383,54,3,21096.15,0,À Surveiller,"Relance légère, offre personnalisée, sondage satisfaction"
CLT03384,194,8,48411.759,2,Champions,"Programme VIP, récompenses exclusives, vente croisée"
CLT03385,60,4,81749.982,0,À Surveiller,"Relance légère, offre personnalisée, sondage satisfaction"
CLT03386,6,9,131871.361,1,Réguliers,"Offres de fidélisation, points bonus, upselling"
CLT03387,61,8,33550.92,2,Champions,"Programme VIP, récompenses exclusives, vente croisée"
CLT03388,194,3,4774.599,0,À Surveiller,"Relance légère, offre personnalisée, sondage satisfaction"
CLT03389,351,3,5132.085,0,À Surveiller,"Relance légère, offre personnalisée, sondage satisfaction"
CLT03390,119,4,13239.668,0,À Surveiller,"Relance légère, offre personnalisée, sondage satisfaction"
CLT03391,211,13,54158.173,2,Champions,"Programme VIP, récompenses exclusives, vente croisée"
CLT03392,531,5,10342.15,3,Perdus,"Campagne de réactivation, offre de retour spéciale"
CLT03393,16,3,37408.062000000005,0,À Surveiller,"Relance légère, offre personnalisée, sondage satisfaction"
CLT03394,236,3,6123.59,0,À Surveiller,"Relance légère, offre personnalisée, sondage satisfaction"
CLT03395,69,7,30510.124,2,Champions,"Programme VIP, récompenses exclusives, vente croisée"
CLT03396,76,7,44292.548,2,Champions,"Programme VIP, récompenses exclusives, vente croisée"
CLT03397,2,7,188933.894,1,Réguliers,"Offres de fidélisation, points bonus, upselling"
CLT03398,419,5,19785.96,3,Perdus,"Campagne de réactivation, offre de retour spéciale"
CLT03399,156,4,4708.866,0,À Surveiller,"Relance légère, offre personnalisée, sondage satisfaction"
CLT03400,688,4,21479.536,3,Perdus,"Campagne de réactivation, offre de retour spéciale"
CLT03401,143,3,17873.225,0,À Surveiller,"Relance légère, offre personnalisée, sondage satisfaction"
CLT03402,171,2,4857.385,0,À Surveiller,"Relance légère, offre personnalisée, sondage satisfaction"
CLT03403,107,6,18246.225,2,Champions,"Programme VIP, récompenses exclusives, vente croisée"
CLT03404,214,5,19804.936,0,À Surveiller,"Relance légère, offre personnalisée, sondage satisfaction"
CLT03405,294,6,21736.649,2,Champions,"Programme VIP, récompenses exclusives, vente croisée"
CLT03406,88,3,22785.0,0,À Surveiller,"Relance légère, offre personnalisée, sondage satisfaction"
CLT03407,348,2,14982.21,0,À Surveiller,"Relance légère, offre personnalisée, sondage satisfaction"
CLT03408,565,7,65477.548,3,Perdus,"Campagne de réactivation, offre de retour spéciale"
CLT03409,1,8,129632.076,1,Réguliers,"Offres de fidélisation, points bonus, upselling"
CLT03410,496,5,34721.045,3,Perdus,"Campagne de réactivation, offre de retour spéciale"
CLT03411,108,6,78812.755,2,Champions,"Programme VIP, récompenses exclusives, vente croisée"
CLT03412,37,4,21776.4,0,À Surveiller,"Relance légère, offre personnalisée, sondage satisfaction"
CLT03413,215,4,14637.936,0,À Surveiller,"Relance légère, offre personnalisée, sondage satisfaction"
CLT03414,457,7,132645.657,1,Réguliers,"Offres de fidélisation, points bonus, upselling"
CLT03415,229,5,24586.509,0,À Surveiller,"Relance légère, offre personnalisée, sondage satisfaction"
CLT03416,239,5,15121.142,0,À Surveiller,"Relance légère, offre personnalisée, sondage satisfaction"
CLT03417,214,6,268231.792,1,Réguliers,"Offres de fidélisation, points bonus, upselling"
CLT03418,107,2,35814.5,0,À Surveiller,"Relance légère, offre personnalisée, sondage satisfaction"
CLT03419,855,3,18027.79,3,Perdus,"Campagne de réactivation, offre de retour spéciale"
CLT03420,60,6,13749.892,2,Champions,"Programme VIP, récompenses exclusives, vente croisée"
CLT03421,741,2,8374.99,3,Perdus,"Campagne de réactivation, offre de retour spéciale"
CLT03422,20,5,86294.16,0,À Surveiller,"Relance légère, offre personnalisée, sondage satisfaction"
CLT03423,244,2,8385.67,0,À Surveiller,"Relance légère, offre personnalisée, sondage satisfaction"
CLT03424,115,3,9611.15,0,À Surveiller,"Relance légère, offre personnalisée, sondage satisfaction"
CLT03425,219,5,32167.0,0,À Surveiller,"Relance légère, offre personnalisée, sondage satisfaction"
CLT03426,189,4,9929.2,0,À Surveiller,"Relance légère, offre personnalisée, sondage satisfaction"
CLT03427,11,3,4138.75,0,À Surveiller,"Relance légère, offre personnalisée, sondage satisfaction"
CLT03428,149,6,33829.92,2,Champions,"Programme VIP, récompenses exclusives, vente croisée"
CLT03429,58,9,47172.584,2,Champions,"Programme VIP, récompenses exclusives, vente croisée"
CLT03430,146,4,12765.631,0,À Surveiller,"Relance légère, offre personnalisée, sondage satisfaction"
CLT03431,115,3,15279.6,0,À Surveiller,"Relance légère, offre personnalisée, sondage satisfaction"
CLT03432,121,6,13526.658,2,Champions,"Programme VIP, récompenses exclusives, vente croisée"
CLT03433,870,2,8432.896,3,Perdus,"Campagne de réactivation, offre de retour spéciale"
CLT03434,203,3,9686.071,0,À Surveiller,"Relance légère, offre personnalisée, sondage satisfaction"
CLT03435,176,8,28770.227,2,Champions,"Programme VIP, récompenses exclusives, vente croisée"
CLT03436,49,11,19439.85,2,Champions,"Programme VIP, récompenses exclusives, vente croisée"
CLT03437,40,9,41025.734,2,Champions,"Programme VIP, récompenses exclusives, vente croisée"
CLT03438,45,3,7928.25,0,À Surveiller,"Relance légère, offre personnalisée, sondage satisfaction"
CLT03439,432,5,18657.948,3,Perdus,"Campagne de réactivation, offre de retour spéciale"
CLT03440,9,8,145866.597,1,Réguliers,"Offres de fidélisation, points bonus, upselling"
CLT03441,426,6,63752.234,2,Champions,"Programme VIP, récompenses exclusives, vente croisée"
CLT03442,402,4,11025.392,3,Perdus,"Campagne de réactivation, offre de retour spéciale"
CLT03443,103,2,10141.576,0,À Surveiller,"Relance légère, offre personnalisée, sondage satisfaction"
CLT03444,164,10,45851.721,2,Champions,"Programme VIP, récompenses exclusives, vente croisée"
CLT03446,669,3,10335.444,3,Perdus,"Campagne de réactivation, offre de retour spéciale"
CLT03447,170,7,197364.87,1,Réguliers,"Offres de fidélisation, points bonus, upselling"
CLT03448,348,7,22130.014,2,Champions,"Programme VIP, récompenses exclusives, vente croisée"
CLT03449,1005,1,29236.67,3,Perdus,"Campagne de réactivation, offre de retour spéciale"
CLT03450,230,8,14921.967,2,Champions,"Programme VIP, récompenses exclusives, vente croisée"
CLT03451,847,4,17214.0,3,Perdus,"Campagne de réactivation, offre de retour spéciale"
CLT03452,261,8,41902.932,2,Champions,"Programme VIP, récompenses exclusives, vente croisée"
CLT03453,552,4,66542.56,3,Perdus,"Campagne de réactivation, offre de retour spéciale"
CLT03454,214,3,4330.392,0,À Surveiller,"Relance légère, offre personnalisée, sondage satisfaction"
CLT03455,5,7,76098.011,2,Champions,"Programme VIP, récompenses exclusives, vente croisée"
CLT03456,111,6,8893.152,2,Champions,"Programme VIP, récompenses exclusives, vente croisée"
CLT03457,228,3,23753.268,0,À Surveiller,"Relance légère, offre personnalisée, sondage satisfaction"
CLT03458,363,6,61442.285,2,Champions,"Programme VIP, récompenses exclusives, vente croisée"
CLT03459,256,4,19458.985,0,À Surveiller,"Relance légère, offre personnalisée, sondage satisfaction"
CLT03460,284,2,12398.49,0,À Surveiller,"Relance légère, offre personnalisée, sondage satisfaction"
CLT03461,224,5,59362.92,0,À Surveiller,"Relance légère, offre personnalisée, sondage satisfaction"
CLT03462,111,4,32413.7,0,À Surveiller,"Relance légère, offre personnalisée, sondage satisfaction"
CLT03463,41,6,87205.14,2,Champions,"Programme VIP, récompenses exclusives, vente croisée"
CLT03464,256,5,20613.34,0,À Surveiller,"Relance légère, offre personnalisée, sondage satisfaction"
CLT03465,1,9,54940.37,2,Champions,"Programme VIP, récompenses exclusives, vente croisée"
CLT03466,108,4,19789.696,0,À Surveiller,"Relance légère, offre personnalisée, sondage satisfaction"
CLT03467,61,7,110480.96,2,Champions,"Programme VIP, récompenses exclusives, vente croisée"
CLT03468,561,4,4540.975,3,Perdus,"Campagne de réactivation, offre de retour spéciale"
CLT03469,59,5,23325.795,0,À Surveiller,"Relance légère, offre personnalisée, sondage satisfaction"
CLT03470,1133,3,19781.75,3,Perdus,"Campagne de réactivation, offre de retour spéciale"
CLT03471,209,10,24239.93,2,Champions,"Programme VIP, récompenses exclusives, vente croisée"
CLT03472,251,8,41749.727,2,Champions,"Programme VIP, récompenses exclusives, vente croisée"
CLT03473,89,4,15805.412,0,À Surveiller,"Relance légère, offre personnalisée, sondage satisfaction"
CLT03474,62,8,313840.878,1,Réguliers,"Offres de fidélisation, points bonus, upselling"
CLT03475,4,7,22802.497,2,Champions,"Programme VIP, récompenses exclusives, vente croisée"
CLT03476,49,3,111054.24,0,À Surveiller,"Relance légère, offre personnalisée, sondage satisfaction"
CLT03477,266,3,33576.118,0,À Surveiller,"Relance légère, offre personnalisée, sondage satisfaction"
CLT03478,33,2,25400.937,0,À Surveiller,"Relance légère, offre personnalisée, sondage satisfaction"
CLT03479,127,12,63459.81,2,Champions,"Programme VIP, récompenses exclusives, vente croisée"
CLT03480,355,5,19245.706,0,À Surveiller,"Relance légère, offre personnalisée, sondage satisfaction"
CLT03481,55,4,60518.2,0,À Surveiller,"Relance légère, offre personnalisée, sondage satisfaction"
CLT03482,442,6,167666.96899999998,1,Réguliers,"Offres de fidélisation, points bonus, upselling"
CLT03483,202,6,17889.15,2,Champions,"Programme VIP, récompenses exclusives, vente croisée"
CLT03484,22,4,59693.34,0,À Surveiller,"Relance légère, offre personnalisée, sondage satisfaction"
CLT03485,74,7,72213.318,2,Champions,"Programme VIP, récompenses exclusives, vente croisée"
CLT03486,51,5,24865.65,0,À Surveiller,"Relance légère, offre personnalisée, sondage satisfaction"
CLT03487,349,4,25296.486,0,À Surveiller,"Relance légère, offre personnalisée, sondage satisfaction"
CLT03488,198,4,16664.644,0,À Surveiller,"Relance légère, offre personnalisée, sondage satisfaction"
CLT03489,100,6,23357.552,2,Champions,"Programme VIP, récompenses exclusives, vente croisée"
CLT03490,322,6,20264.0,2,Champions,"Programme VIP, récompenses exclusives, vente croisée"
CLT03491,219,3,12656.558,0,À Surveiller,"Relance légère, offre personnalisée, sondage satisfaction"
CLT03492,330,3,22949.993,0,À Surveiller,"Relance légère, offre personnalisée, sondage satisfaction"
CLT03493,28,8,102133.22,2,Champions,"Programme VIP, récompenses exclusives, vente croisée"
CLT03494,94,8,69056.53,2,Champions,"Programme VIP, récompenses exclusives, vente croisée"
CLT03495,296,5,50260.711,0,À Surveiller,"Relance légère, offre personnalisée, sondage satisfaction"
CLT03496,167,8,29450.64,2,Champions,"Programme VIP, récompenses exclusives, vente croisée"
CLT03497,150,8,46644.29,2,Champions,"Programme VIP, récompenses exclusives, vente croisée"
CLT03498,270,2,15751.35,0,À Surveiller,"Relance légère, offre personnalisée, sondage satisfaction"
CLT03499,100,8,136561.885,1,Réguliers,"Offres de fidélisation, points bonus, upselling"
CLT03500,75,10,90445.03,2,Champions,"Programme VIP, récompenses exclusives, vente croisée"
CLT03501,52,4,12600.967,0,À Surveiller,"Relance légère, offre personnalisée, sondage satisfaction"
CLT03502,237,5,6264.33,0,À Surveiller,"Relance légère, offre personnalisée, sondage satisfaction"
CLT03503,330,4,25213.925,0,À Surveiller,"Relance légère, offre personnalisée, sondage satisfaction"
CLT03504,53,5,130877.888,1,Réguliers,"Offres de fidélisation, points bonus, upselling"
CLT03505,16,9,35269.305,2,Champions,"Programme VIP, récompenses exclusives, vente croisée"
CLT03506,244,2,3700.8,0,À Surveiller,"Relance légère, offre personnalisée, sondage satisfaction"
CLT03507,347,4,13927.994,0,À Surveiller,"Relance légère, offre personnalisée, sondage satisfaction"
CLT03508,526,5,72451.92,3,Perdus,"Campagne de réactivation, offre de retour spéciale"
CLT03509,243,2,11933.166,0,À Surveiller,"Relance légère, offre personnalisée, sondage satisfaction"
CLT03510,207,4,92798.459,0,À Surveiller,"Relance légère, offre personnalisée, sondage satisfaction"
CLT03511,169,12,136169.345,1,Réguliers,"Offres de fidélisation, points bonus, upselling"
CLT03512,394,4,32515.840000000004,0,À Surveiller,"Relance légère, offre personnalisée, sondage satisfaction"
CLT03513,48,7,133933.0,1,Réguliers,"Offres de fidélisation, points bonus, upselling"
CLT03514,65,10,43712.077,2,Champions,"Programme VIP, récompenses exclusives, vente croisée"
CLT03515,451,2,4339.4400000000005,3,Perdus,"Campagne de réactivation, offre de retour spéciale"
CLT03516,341,5,12588.93,0,À Surveiller,"Relance légère, offre personnalisée, sondage satisfaction"
CLT03517,28,5,87926.479,0,À Surveiller,"Relance légère, offre personnalisée, sondage satisfaction"
CLT03518,288,9,213267.196,1,Réguliers,"Offres de fidélisation, points bonus, upselling"
CLT03519,127,10,82438.59,2,Champions,"Programme VIP, récompenses exclusives, vente croisée"
CLT03520,386,2,16150.05,3,Perdus,"Campagne de réactivation, offre de retour spéciale"
CLT03521,252,6,32551.688,2,Champions,"Programme VIP, récompenses exclusives, vente croisée"
CLT03522,343,4,5923.65,0,À Surveiller,"Relance légère, offre personnalisée, sondage satisfaction"
CLT03523,321,5,241351.92,1,Réguliers,"Offres de fidélisation, points bonus, upselling"
CLT03524,73,4,52755.745,0,À Surveiller,"Relance légère, offre personnalisée, sondage satisfaction"
CLT03525,400,5,52196.117,0,À Surveiller,"Relance légère, offre personnalisée, sondage satisfaction"
CLT03526,10,7,15485.805,2,Champions,"Programme VIP, récompenses exclusives, vente croisée"
CLT03527,57,8,79170.884,2,Champions,"Programme VIP, récompenses exclusives, vente croisée"
CLT03528,556,3,9752.537,3,Perdus,"Campagne de réactivation, offre de retour spéciale"
CLT03529,548,1,5097.93,3,Perdus,"Campagne de réactivation, offre de retour spéciale"
CLT03530,532,1,16345.5,3,Perdus,"Campagne de réactivation, offre de retour spéciale"
CLT03531,171,4,5243.64,0,À Surveiller,"Relance légère, offre personnalisée, sondage satisfaction"
CLT03532,631,1,8413.2,3,Perdus,"Campagne de réactivation, offre de retour spéciale"
CLT03533,6,5,98128.251,2,Champions,"Programme VIP, récompenses exclusives, vente croisée"
CLT03534,1036,5,53885.545,3,Perdus,"Campagne de réactivation, offre de retour spéciale"
CLT03535,195,6,118563.216,2,Champions,"Programme VIP, récompenses exclusives, vente croisée"
CLT03536,359,4,6386.0,0,À Surveiller,"Relance légère, offre personnalisée, sondage satisfaction"
CLT03537,304,5,56348.848,0,À Surveiller,"Relance légère, offre personnalisée, sondage satisfaction"
CLT03538,179,5,39054.484,0,À Surveiller,"Relance légère, offre personnalisée, sondage satisfaction"
CLT03539,573,2,39510.047000000006,3,Perdus,"Campagne de réactivation, offre de retour spéciale"
CLT03540,230,5,6031.65,0,À Surveiller,"Relance légère, offre personnalisée, sondage satisfaction"
CLT03541,206,4,50963.600000000006,0,À Surveiller,"Relance légère, offre personnalisée, sondage satisfaction"
CLT03542,265,3,8800.193,0,À Surveiller,"Relance légère, offre personnalisée, sondage satisfaction"
CLT03543,455,3,18860.98,3,Perdus,"Campagne de réactivation, offre de retour spéciale"
CLT03544,217,5,15757.3,0,À Surveiller,"Relance légère, offre personnalisée, sondage satisfaction"
CLT03545,119,6,12889.553,2,Champions,"Programme VIP, récompenses exclusives, vente croisée"
CLT03546,61,10,69907.454,2,Champions,"Programme VIP, récompenses exclusives, vente croisée"
CLT03547,126,4,93000.0,0,À Surveiller,"Relance légère, offre personnalisée, sondage satisfaction"
CLT03549,14,7,9736.332,2,Champions,"Programme VIP, récompenses exclusives, vente croisée"
CLT03550,134,7,10936.476,2,Champions,"Programme VIP, récompenses exclusives, vente croisée"
CLT03551,164,3,48159.56,0,À Surveiller,"Relance légère, offre personnalisée, sondage satisfaction"
CLT03552,40,6,53165.021,2,Champions,"Programme VIP, récompenses exclusives, vente croisée"
CLT03553,36,3,16776.508,0,À Surveiller,"Relance légère, offre personnalisée, sondage satisfaction"
CLT03554,329,4,19215.86,0,À Surveiller,"Relance légère, offre personnalisée, sondage satisfaction"
CLT03555,107,3,18601.674,0,À Surveiller,"Relance légère, offre personnalisée, sondage satisfaction"
CLT03556,565,2,7413.013999999999,3,Perdus,"Campagne de réactivation, offre de retour spéciale"
CLT03557,89,7,100290.96,2,Champions,"Programme VIP, récompenses exclusives, vente croisée"
CLT03558,328,9,81864.0,2,Champions,"Programme VIP, récompenses exclusives, vente croisée"
CLT03559,56,9,42569.125,2,Champions,"Programme VIP, récompenses exclusives, vente croisée"
CLT03560,538,4,55680.509,3,Perdus,"Campagne de réactivation, offre de retour spéciale"
CLT03561,16,7,9301.77,2,Champions,"Programme VIP, récompenses exclusives, vente croisée"
CLT03562,117,6,68061.908,2,Champions,"Programme VIP, récompenses exclusives, vente croisée"
CLT03564,520,2,11670.448,3,Perdus,"Campagne de réactivation, offre de retour spéciale"
CLT03565,26,6,36550.906,2,Champions,"Programme VIP, récompenses exclusives, vente croisée"
CLT03566,175,8,59811.929,2,Champions,"Programme VIP, récompenses exclusives, vente croisée"
CLT03567,54,4,10338.79,0,À Surveiller,"Relance légère, offre personnalisée, sondage satisfaction"
CLT03568,110,5,35123.2,0,À Surveiller,"Relance légère, offre personnalisée, sondage satisfaction"
CLT03569,32,7,63527.145,2,Champions,"Programme VIP, récompenses exclusives, vente croisée"
CLT03570,101,7,79665.0,2,Champions,"Programme VIP, récompenses exclusives, vente croisée"
CLT03571,204,8,50197.0,2,Champions,"Programme VIP, récompenses exclusives, vente croisée"
CLT03572,230,7,49522.738,2,Champions,"Programme VIP, récompenses exclusives, vente croisée"
CLT03573,76,12,101204.74,2,Champions,"Programme VIP, récompenses exclusives, vente croisée"
CLT03574,518,3,6016.99,3,Perdus,"Campagne de réactivation, offre de retour spéciale"
CLT03575,21,8,7532.53,2,Champions,"Programme VIP, récompenses exclusives, vente croisée"
CLT03576,211,8,93926.16,2,Champions,"Programme VIP, récompenses exclusives, vente croisée"
CLT03577,255,4,83352.67199999999,0,À Surveiller,"Relance légère, offre personnalisée, sondage satisfaction"
CLT03578,105,8,59989.175,2,Champions,"Programme VIP, récompenses exclusives, vente croisée"
CLT03579,313,3,11106.78,0,À Surveiller,"Relance légère, offre personnalisée, sondage satisfaction"
CLT03580,532,3,12745.26,3,Perdus,"Campagne de réactivation, offre de retour spéciale"
CLT03581,1,6,63828.091,2,Champions,"Programme VIP, récompenses exclusives, vente croisée"
CLT03582,256,9,16633.356,2,Champions,"Programme VIP, récompenses exclusives, vente croisée"
CLT03583,356,4,23078.94,0,À Surveiller,"Relance légère, offre personnalisée, sondage satisfaction"
CLT03584,5,7,27205.076,2,Champions,"Programme VIP, récompenses exclusives, vente croisée"
CLT03586,392,5,4918.848,0,À Surveiller,"Relance légère, offre personnalisée, sondage satisfaction"
CLT03587,477,2,8923.923,3,Perdus,"Campagne de réactivation, offre de retour spéciale"
CLT03588,38,4,14735.712,0,À Surveiller,"Relance légère, offre personnalisée, sondage satisfaction"
CLT03589,47,6,15055.951,2,Champions,"Programme VIP, récompenses exclusives, vente croisée"
CLT03590,106,8,75102.027,2,Champions,"Programme VIP, récompenses exclusives, vente croisée"
CLT03591,60,7,188498.038,1,Réguliers,"Offres de fidélisation, points bonus, upselling"
CLT03592,203,4,35890.372,0,À Surveiller,"Relance légère, offre personnalisée, sondage satisfaction"
CLT03593,899,4,5863.73,3,Perdus,"Campagne de réactivation, offre de retour spéciale"
CLT03594,46,7,125316.071,1,Réguliers,"Offres de fidélisation, points bonus, upselling"
CLT03595,51,7,59647.0,2,Champions,"Programme VIP, récompenses exclusives, vente croisée"
CLT03596,197,1,6913.0,0,À Surveiller,"Relance légère, offre personnalisée, sondage satisfaction"
CLT03597,32,6,65878.62,2,Champions,"Programme VIP, récompenses exclusives, vente croisée"
CLT03598,67,7,18002.88,2,Champions,"Programme VIP, récompenses exclusives, vente croisée"
CLT03599,1227,1,4421.52,3,Perdus,"Campagne de réactivation, offre de retour spéciale"
CLT03600,35,5,17413.92,0,À Surveiller,"Relance légère, offre personnalisée, sondage satisfaction"
CLT03601,793,5,26491.050000000003,3,Perdus,"Campagne de réactivation, offre de retour spéciale"
CLT03602,396,5,58066.352,0,À Surveiller,"Relance légère, offre personnalisée, sondage satisfaction"
CLT03603,572,2,12105.846,3,Perdus,"Campagne de réactivation, offre de retour spéciale"
CLT03604,142,6,86077.318,2,Champions,"Programme VIP, récompenses exclusives, vente croisée"
CLT03605,312,3,5058.382,0,À Surveiller,"Relance légère, offre personnalisée, sondage satisfaction"
CLT03606,521,4,35060.4,3,Perdus,"Campagne de réactivation, offre de retour spéciale"
CLT03607,891,3,5157.88,3,Perdus,"Campagne de réactivation, offre de retour spéciale"
CLT03608,45,3,24450.76,0,À Surveiller,"Relance légère, offre personnalisée, sondage satisfaction"
CLT03609,176,8,39965.552,2,Champions,"Programme VIP, récompenses exclusives, vente croisée"
CLT03610,10,7,43804.75,2,Champions,"Programme VIP, récompenses exclusives, vente croisée"
CLT03611,145,8,84510.413,2,Champions,"Programme VIP, récompenses exclusives, vente croisée"
CLT03612,109,2,26512.475,0,À Surveiller,"Relance légère, offre personnalisée, sondage satisfaction"
CLT03613,184,5,83410.045,0,À Surveiller,"Relance légère, offre personnalisée, sondage satisfaction"
CLT03614,219,6,42958.16,2,Champions,"Programme VIP, récompenses exclusives, vente croisée"
CLT03615,152,5,13796.85,0,À Surveiller,"Relance légère, offre personnalisée, sondage satisfaction"
CLT03616,15,4,146378.8,1,Réguliers,"Offres de fidélisation, points bonus, upselling"
CLT03617,837,5,53628.54,3,Perdus,"Campagne de réactivation, offre de retour spéciale"
CLT03618,67,6,36701.557,2,Champions,"Programme VIP, récompenses exclusives, vente croisée"
CLT03619,410,4,36677.16,3,Perdus,"Campagne de réactivation, offre de retour spéciale"
CLT03620,139,3,14145.51,0,À Surveiller,"Relance légère, offre personnalisée, sondage satisfaction"
CLT03621,432,9,67877.226,2,Champions,"Programme VIP, récompenses exclusives, vente croisée"
CLT03622,511,5,58575.93,3,Perdus,"Campagne de réactivation, offre de retour spéciale"
CLT03623,147,6,9945.477,2,Champions,"Programme VIP, récompenses exclusives, vente croisée"
CLT03624,108,3,11419.38,0,À Surveiller,"Relance légère, offre personnalisée, sondage satisfaction"
CLT03625,71,4,80427.816,0,À Surveiller,"Relance légère, offre personnalisée, sondage satisfaction"
CLT03626,136,9,26159.665,2,Champions,"Programme VIP, récompenses exclusives, vente croisée"
CLT03627,128,3,26107.620000000003,0,À Surveiller,"Relance légère, offre personnalisée, sondage satisfaction"
CLT03628,235,3,24377.1,0,À Surveiller,"Relance légère, offre personnalisée, sondage satisfaction"
CLT03629,588,4,175842.24,1,Réguliers,"Offres de fidélisation, points bonus, upselling"
CLT03630,209,2,6748.92,0,À Surveiller,"Relance légère, offre personnalisée, sondage satisfaction"
CLT03631,106,3,6625.6,0,À Surveiller,"Relance légère, offre personnalisée, sondage satisfaction"
CLT03632,186,6,141552.489,1,Réguliers,"Offres de fidélisation, points bonus, upselling"
CLT03633,84,10,174807.288,1,Réguliers,"Offres de fidélisation, points bonus, upselling"
CLT03634,403,4,123552.087,0,À Surveiller,"Relance légère, offre personnalisée, sondage satisfaction"
CLT03635,26,4,42940.271,0,À Surveiller,"Relance légère, offre personnalisée, sondage satisfaction"
CLT03636,449,1,17515.2,3,Perdus,"Campagne de réactivation, offre de retour spéciale"
CLT03637,220,7,15612.504,2,Champions,"Programme VIP, récompenses exclusives, vente croisée"
CLT03638,115,5,23886.038,0,À Surveiller,"Relance légère, offre personnalisée, sondage satisfaction"
CLT03639,188,2,18908.84,0,À Surveiller,"Relance légère, offre personnalisée, sondage satisfaction"
CLT03640,266,6,28915.342,2,Champions,"Programme VIP, récompenses exclusives, vente croisée"
CLT03641,133,6,62144.365,2,Champions,"Programme VIP, récompenses exclusives, vente croisée"
CLT03642,322,9,44387.42,2,Champions,"Programme VIP, récompenses exclusives, vente croisée"
CLT03643,35,6,30971.182,2,Champions,"Programme VIP, récompenses exclusives, vente croisée"
CLT03644,475,4,20592.961,3,Perdus,"Campagne de réactivation, offre de retour spéciale"
CLT03645,152,5,92674.98,0,À Surveiller,"Relance légère, offre personnalisée, sondage satisfaction"
CLT03646,156,5,22367.88,0,À Surveiller,"Relance légère, offre personnalisée, sondage satisfaction"
CLT03647,131,10,199431.43,1,Réguliers,"Offres de fidélisation, points bonus, upselling"
CLT03648,167,8,37991.64,2,Champions,"Programme VIP, récompenses exclusives, vente croisée"
CLT03649,59,6,55965.0,2,Champions,"Programme VIP, récompenses exclusives, vente croisée"
CLT03650,36,7,146925.75,1,Réguliers,"Offres de fidélisation, points bonus, upselling"
CLT03651,49,6,22649.098,2,Champions,"Programme VIP, récompenses exclusives, vente croisée"
CLT03652,140,9,164059.5,1,Réguliers,"Offres de fidélisation, points bonus, upselling"
CLT03653,63,5,19360.544,0,À Surveiller,"Relance légère, offre personnalisée, sondage satisfaction"
CLT03654,37,6,96648.12,2,Champions,"Programme VIP, récompenses exclusives, vente croisée"
CLT03655,228,7,107926.36,2,Champions,"Programme VIP, récompenses exclusives, vente croisée"
CLT03656,74,2,97800.32,0,À Surveiller,"Relance légère, offre personnalisée, sondage satisfaction"
CLT03657,12,7,9518.287,2,Champions,"Programme VIP, récompenses exclusives, vente croisée"
CLT03658,88,4,47310.221000000005,0,À Surveiller,"Relance légère, offre personnalisée, sondage satisfaction"
CLT03659,455,4,6963.752,3,Perdus,"Campagne de réactivation, offre de retour spéciale"
CLT03660,446,6,17465.4,3,Perdus,"Campagne de réactivation, offre de retour spéciale"
CLT03661,230,8,17163.576,2,Champions,"Programme VIP, récompenses exclusives, vente croisée"
CLT03662,112,10,134497.924,1,Réguliers,"Offres de fidélisation, points bonus, upselling"
CLT03663,4,8,31524.782,2,Champions,"Programme VIP, récompenses exclusives, vente croisée"
CLT03664,83,4,12605.52,0,À Surveiller,"Relance légère, offre personnalisée, sondage satisfaction"
CLT03665,207,5,33046.64,0,À Surveiller,"Relance légère, offre personnalisée, sondage satisfaction"
CLT03666,159,5,45504.046,0,À Surveiller,"Relance légère, offre personnalisée, sondage satisfaction"
CLT03667,140,6,49400.398,2,Champions,"Programme VIP, récompenses exclusives, vente croisée"
CLT03668,413,5,25388.78,3,Perdus,"Campagne de réactivation, offre de retour spéciale"
CLT03669,82,5,102296.421,2,Champions,"Programme VIP, récompenses exclusives, vente croisée"
CLT03670,1060,4,47006.4,3,Perdus,"Campagne de réactivation, offre de retour spéciale"
CLT03671,164,4,29465.099,0,À Surveiller,"Relance légère, offre personnalisée, sondage satisfaction"
CLT03672,904,4,23094.75,3,Perdus,"Campagne de réactivation, offre de retour spéciale"
CLT03673,93,9,66564.36,2,Champions,"Programme VIP, récompenses exclusives, vente croisée"
CLT03674,232,10,37851.0,2,Champions,"Programme VIP, récompenses exclusives, vente croisée"
CLT03675,180,5,99362.572,2,Champions,"Programme VIP, récompenses exclusives, vente croisée"
CLT03676,6,6,286103.884,1,Réguliers,"Offres de fidélisation, points bonus, upselling"
CLT03677,31,9,75339.077,2,Champions,"Programme VIP, récompenses exclusives, vente croisée"
CLT03678,43,2,7218.099,0,À Surveiller,"Relance légère, offre personnalisée, sondage satisfaction"
CLT03679,4,6,274843.69,1,Réguliers,"Offres de fidélisation, points bonus, upselling"
CLT03680,212,4,11951.342,0,À Surveiller,"Relance légère, offre personnalisée, sondage satisfaction"
CLT03681,130,3,7551.56,0,À Surveiller,"Relance légère, offre personnalisée, sondage satisfaction"
CLT03682,159,4,69330.56,0,À Surveiller,"Relance légère, offre personnalisée, sondage satisfaction"
CLT03683,11,5,40901.844,0,À Surveiller,"Relance légère, offre personnalisée, sondage satisfaction"
CLT03684,720,2,72364.32,3,Perdus,"Campagne de réactivation, offre de retour spéciale"
CLT03685,198,3,17845.920000000002,0,À Surveiller,"Relance légère, offre personnalisée, sondage satisfaction"
CLT03686,140,4,59031.06,0,À Surveiller,"Relance légère, offre personnalisée, sondage satisfaction"
CLT03687,18,9,353098.2,1,Réguliers,"Offres de fidélisation, points bonus, upselling"
CLT03688,533,7,39169.76,3,Perdus,"Campagne de réactivation, offre de retour spéciale"
CLT03689,359,3,29406.042,0,À Surveiller,"Relance légère, offre personnalisée, sondage satisfaction"
CLT03690,306,6,39774.24,2,Champions,"Programme VIP, récompenses exclusives, vente croisée"
CLT03691,165,5,31885.7,0,À Surveiller,"Relance légère, offre personnalisée, sondage satisfaction"
CLT03692,81,8,35974.669,2,Champions,"Programme VIP, récompenses exclusives, vente croisée"
CLT03693,119,6,28272.748,2,Champions,"Programme VIP, récompenses exclusives, vente croisée"
CLT03694,13,6,15436.01,2,Champions,"Programme VIP, récompenses exclusives, vente croisée"
CLT03695,219,4,36309.735,0,À Surveiller,"Relance légère, offre personnalisée, sondage satisfaction"
CLT03696,275,4,29765.887,0,À Surveiller,"Relance légère, offre personnalisée, sondage satisfaction"
CLT03697,13,4,40464.918,0,À Surveiller,"Relance légère, offre personnalisée, sondage satisfaction"
CLT03698,480,4,113281.53,3,Perdus,"Campagne de réactivation, offre de retour spéciale"
CLT03699,127,9,96634.975,2,Champions,"Programme VIP, récompenses exclusives, vente croisée"
CLT03700,276,7,33195.366,2,Champions,"Programme VIP, récompenses exclusives, vente croisée"
CLT03701,247,4,10438.88,0,À Surveiller,"Relance légère, offre personnalisée, sondage satisfaction"
CLT03702,60,5,128832.48,1,Réguliers,"Offres de fidélisation, points bonus, upselling"
CLT03703,621,6,26266.468,3,Perdus,"Campagne de réactivation, offre de retour spéciale"
CLT03704,370,6,18073.598,2,Champions,"Programme VIP, récompenses exclusives, vente croisée"
CLT03705,373,8,113370.106,2,Champions,"Programme VIP, récompenses exclusives, vente croisée"
CLT03706,162,8,85698.977,2,Champions,"Programme VIP, récompenses exclusives, vente croisée"
CLT03707,85,1,3327.06,0,À Surveiller,"Relance légère, offre personnalisée, sondage satisfaction"
CLT03708,192,8,36423.714,2,Champions,"Programme VIP, récompenses exclusives, vente croisée"
CLT03709,263,9,13090.248,2,Champions,"Programme VIP, récompenses exclusives, vente croisée"
CLT03710,236,7,118144.696,2,Champions,"Programme VIP, récompenses exclusives, vente croisée"
CLT03711,133,8,11315.952,2,Champions,"Programme VIP, récompenses exclusives, vente croisée"
CLT03712,13,11,38724.78,2,Champions,"Programme VIP, récompenses exclusives, vente croisée"
CLT03713,30,5,10876.68,0,À Surveiller,"Relance légère, offre personnalisée, sondage satisfaction"
CLT03714,425,6,31586.148,2,Champions,"Programme VIP, récompenses exclusives, vente croisée"
CLT03715,295,8,107785.954,2,Champions,"Programme VIP, récompenses exclusives, vente croisée"
CLT03716,1276,2,28523.286,3,Perdus,"Campagne de réactivation, offre de retour spéciale"
CLT03717,542,3,112491.0,3,Perdus,"Campagne de réactivation, offre de retour spéciale"
CLT03718,44,9,11631.42,2,Champions,"Programme VIP, récompenses exclusives, vente croisée"
CLT03719,16,12,224629.934,1,Réguliers,"Offres de fidélisation, points bonus, upselling"
CLT03720,48,5,45709.996,0,À Surveiller,"Relance légère, offre personnalisée, sondage satisfaction"
CLT03721,608,1,37616.58,3,Perdus,"Campagne de réactivation, offre de retour spéciale"
CLT03722,3,6,30148.25,2,Champions,"Programme VIP, récompenses exclusives, vente croisée"
CLT03723,154,2,10839.25,0,À Surveiller,"Relance légère, offre personnalisée, sondage satisfaction"
CLT03724,141,5,113144.25,2,Champions,"Programme VIP, récompenses exclusives, vente croisée"
CLT03725,297,3,7910.915999999999,0,À Surveiller,"Relance légère, offre personnalisée, sondage satisfaction"
CLT03726,68,8,14365.815,2,Champions,"Programme VIP, récompenses exclusives, vente croisée"
CLT03727,33,2,10212.16,0,À Surveiller,"Relance légère, offre personnalisée, sondage satisfaction"
CLT03728,131,4,76658.035,0,À Surveiller,"Relance légère, offre personnalisée, sondage satisfaction"
CLT03729,482,4,4383.4,3,Perdus,"Campagne de réactivation, offre de retour spéciale"
CLT03730,203,4,40705.922,0,À Surveiller,"Relance légère, offre personnalisée, sondage satisfaction"
CLT03731,192,5,93345.723,0,À Surveiller,"Relance légère, offre personnalisée, sondage satisfaction"
CLT03732,98,5,45352.979,0,À Surveiller,"Relance légère, offre personnalisée, sondage satisfaction"
CLT03733,3,5,4982.423,0,À Surveiller,"Relance légère, offre personnalisée, sondage satisfaction"
CLT03735,452,3,30768.08,3,Perdus,"Campagne de réactivation, offre de retour spéciale"
CLT03736,299,2,25334.84,0,À Surveiller,"Relance légère, offre personnalisée, sondage satisfaction"
CLT03737,4,6,61018.306,2,Champions,"Programme VIP, récompenses exclusives, vente croisée"
CLT03738,133,6,32869.65,2,Champions,"Programme VIP, récompenses exclusives, vente croisée"
CLT03739,817,3,38780.8,3,Perdus,"Campagne de réactivation, offre de retour spéciale"
CLT03740,165,4,15377.172,0,À Surveiller,"Relance légère, offre personnalisée, sondage satisfaction"
CLT03741,199,4,183298.95,1,Réguliers,"Offres de fidélisation, points bonus, upselling"
CLT03742,186,1,6464.087,0,À Surveiller,"Relance légère, offre personnalisée, sondage satisfaction"
CLT03743,574,1,6656.52,3,Perdus,"Campagne de réactivation, offre de retour spéciale"
CLT03744,694,1,42955.2,3,Perdus,"Campagne de réactivation, offre de retour spéciale"
CLT03745,75,5,13687.74,0,À Surveiller,"Relance légère, offre personnalisée, sondage satisfaction"
CLT03746,721,2,6726.719999999999,3,Perdus,"Campagne de réactivation, offre de retour spéciale"
CLT03747,360,6,58105.101,2,Champions,"Programme VIP, récompenses exclusives, vente croisée"
CLT03748,111,4,64183.073,0,À Surveiller,"Relance légère, offre personnalisée, sondage satisfaction"
CLT03749,20,9,50338.261,2,Champions,"Programme VIP, récompenses exclusives, vente croisée"
CLT03750,477,6,10797.458,3,Perdus,"Campagne de réactivation, offre de retour spéciale"
CLT03751,208,3,26578.75,0,À Surveiller,"Relance légère, offre personnalisée, sondage satisfaction"
CLT03752,633,7,82468.02,3,Perdus,"Campagne de réactivation, offre de retour spéciale"
CLT03753,278,3,5765.303,0,À Surveiller,"Relance légère, offre personnalisée, sondage satisfaction"
CLT03754,176,6,20844.733,2,Champions,"Programme VIP, récompenses exclusives, vente croisée"
CLT03755,1,9,34168.497,2,Champions,"Programme VIP, récompenses exclusives, vente croisée"
CLT03756,17,7,16831.818,2,Champions,"Programme VIP, récompenses exclusives, vente croisée"
CLT03757,99,8,39184.961,2,Champions,"Programme VIP, récompenses exclusives, vente croisée"
CLT03758,61,8,67505.693,2,Champions,"Programme VIP, récompenses exclusives, vente croisée"
CLT03759,316,4,89973.84,0,À Surveiller,"Relance légère, offre personnalisée, sondage satisfaction"
CLT03760,215,4,14375.993,0,À Surveiller,"Relance légère, offre personnalisée, sondage satisfaction"
CLT03761,296,5,17797.224000000002,0,À Surveiller,"Relance légère, offre personnalisée, sondage satisfaction"
CLT03762,4,3,6278.436,0,À Surveiller,"Relance légère, offre personnalisée, sondage satisfaction"
CLT03763,314,3,20278.259,0,À Surveiller,"Relance légère, offre personnalisée, sondage satisfaction"
CLT03764,202,6,134071.306,1,Réguliers,"Offres de fidélisation, points bonus, upselling"
CLT03765,459,6,27426.794,3,Perdus,"Campagne de réactivation, offre de retour spéciale"
CLT03766,457,5,97682.368,3,Perdus,"Campagne de réactivation, offre de retour spéciale"
CLT03767,18,4,17068.3,0,À Surveiller,"Relance légère, offre personnalisée, sondage satisfaction"
CLT03768,172,2,8132.63,0,À Surveiller,"Relance légère, offre personnalisée, sondage satisfaction"
CLT03769,83,4,30331.82,0,À Surveiller,"Relance légère, offre personnalisée, sondage satisfaction"
CLT03770,21,6,25261.39,2,Champions,"Programme VIP, récompenses exclusives, vente croisée"
CLT03771,97,6,92282.4,2,Champions,"Programme VIP, récompenses exclusives, vente croisée"
CLT03772,28,6,32844.51,2,Champions,"Programme VIP, récompenses exclusives, vente croisée"
CLT03773,37,4,30642.003,0,À Surveiller,"Relance légère, offre personnalisée, sondage satisfaction"
CLT03774,138,7,90030.48,2,Champions,"Programme VIP, récompenses exclusives, vente croisée"
CLT03775,298,4,13976.55,0,À Surveiller,"Relance légère, offre personnalisée, sondage satisfaction"
CLT03776,74,5,24932.39,0,À Surveiller,"Relance légère, offre personnalisée, sondage satisfaction"
CLT03777,199,2,32880.0,0,À Surveiller,"Relance légère, offre personnalisée, sondage satisfaction"
CLT03778,36,4,31650.3,0,À Surveiller,"Relance légère, offre personnalisée, sondage satisfaction"
CLT03779,366,5,70514.027,0,À Surveiller,"Relance légère, offre personnalisée, sondage satisfaction"
CLT03780,499,6,28270.712,3,Perdus,"Campagne de réactivation, offre de retour spéciale"
CLT03781,415,6,268856.016,1,Réguliers,"Offres de fidélisation, points bonus, upselling"
CLT03782,550,3,14474.894,3,Perdus,"Campagne de réactivation, offre de retour spéciale"
CLT03783,9,4,86980.20999999999,0,À Surveiller,"Relance légère, offre personnalisée, sondage satisfaction"
CLT03784,84,3,15236.6,0,À Surveiller,"Relance légère, offre personnalisée, sondage satisfaction"
CLT03785,203,4,18996.69,0,À Surveiller,"Relance légère, offre personnalisée, sondage satisfaction"
CLT03786,259,5,42804.333,0,À Surveiller,"Relance légère, offre personnalisée, sondage satisfaction"
CLT03787,241,7,32923.541,2,Champions,"Programme VIP, récompenses exclusives, vente croisée"
CLT03788,110,1,5972.7,0,À Surveiller,"Relance légère, offre personnalisée, sondage satisfaction"
CLT03790,6,7,13260.362,2,Champions,"Programme VIP, récompenses exclusives, vente croisée"
CLT03791,21,6,38053.964,2,Champions,"Programme VIP, récompenses exclusives, vente croisée"
CLT03792,461,3,43105.67,3,Perdus,"Campagne de réactivation, offre de retour spéciale"
CLT03793,118,3,57078.211,0,À Surveiller,"Relance légère, offre personnalisée, sondage satisfaction"
CLT03794,57,4,7503.290000000001,0,À Surveiller,"Relance légère, offre personnalisée, sondage satisfaction"
CLT03795,8,6,31482.851,2,Champions,"Programme VIP, récompenses exclusives, vente croisée"
CLT03796,569,3,27313.050000000003,3,Perdus,"Campagne de réactivation, offre de retour spéciale"
CLT03797,113,4,12015.6,0,À Surveiller,"Relance légère, offre personnalisée, sondage satisfaction"
CLT03798,273,5,73159.264,0,À Surveiller,"Relance légère, offre personnalisée, sondage satisfaction"
CLT03799,42,6,137093.049,1,Réguliers,"Offres de fidélisation, points bonus, upselling"
CLT03800,159,3,25915.468,0,À Surveiller,"Relance légère, offre personnalisée, sondage satisfaction"
CLT03801,33,8,349588.58,1,Réguliers,"Offres de fidélisation, points bonus, upselling"
CLT03802,131,5,19001.612,0,À Surveiller,"Relance légère, offre personnalisée, sondage satisfaction"
CLT03803,307,8,216359.153,1,Réguliers,"Offres de fidélisation, points bonus, upselling"
CLT03804,491,5,39837.2,3,Perdus,"Campagne de réactivation, offre de retour spéciale"
CLT03805,283,5,34894.65,0,À Surveiller,"Relance légère, offre personnalisée, sondage satisfaction"
CLT03806,130,6,94710.69,2,Champions,"Programme VIP, récompenses exclusives, vente croisée"
CLT03807,636,3,11748.775,3,Perdus,"Campagne de réactivation, offre de retour spéciale"
CLT03808,287,4,6361.6,0,À Surveiller,"Relance légère, offre personnalisée, sondage satisfaction"
CLT03809,276,4,10025.73,0,À Surveiller,"Relance légère, offre personnalisée, sondage satisfaction"
CLT03810,512,6,8556.648000000001,3,Perdus,"Campagne de réactivation, offre de retour spéciale"
CLT03811,402,2,16958.760000000002,3,Perdus,"Campagne de réactivation, offre de retour spéciale"
CLT03812,153,10,154623.217,1,Réguliers,"Offres de fidélisation, points bonus, upselling"
CLT03813,29,5,18402.76,0,À Surveiller,"Relance légère, offre personnalisée, sondage satisfaction"
CLT03814,275,7,32587.781,2,Champions,"Programme VIP, récompenses exclusives, vente croisée"
CLT03815,349,4,45069.444,0,À Surveiller,"Relance légère, offre personnalisée, sondage satisfaction"
CLT03816,38,4,29777.6,0,À Surveiller,"Relance légère, offre personnalisée, sondage satisfaction"
CLT03817,103,6,66124.8,2,Champions,"Programme VIP, récompenses exclusives, vente croisée"
CLT03818,6,11,75634.144,2,Champions,"Programme VIP, récompenses exclusives, vente croisée"
CLT03819,560,4,10904.96,3,Perdus,"Campagne de réactivation, offre de retour spéciale"
CLT03820,43,3,13824.3,0,À Surveiller,"Relance légère, offre personnalisée, sondage satisfaction"
CLT03821,156,4,9408.42,0,À Surveiller,"Relance légère, offre personnalisée, sondage satisfaction"
CLT03822,457,6,69444.349,2,Champions,"Programme VIP, récompenses exclusives, vente croisée"
CLT03823,244,5,53176.49,0,À Surveiller,"Relance légère, offre personnalisée, sondage satisfaction"
CLT03824,579,2,9453.36,3,Perdus,"Campagne de réactivation, offre de retour spéciale"
CLT03825,7,8,26300.55,2,Champions,"Programme VIP, récompenses exclusives, vente croisée"
CLT03826,469,5,23878.296,3,Perdus,"Campagne de réactivation, offre de retour spéciale"
CLT03827,132,7,101184.317,2,Champions,"Programme VIP, récompenses exclusives, vente croisée"
CLT03828,825,2,24334.31,3,Perdus,"Campagne de réactivation, offre de retour spéciale"
CLT03829,124,5,49494.423,0,À Surveiller,"Relance légère, offre personnalisée, sondage satisfaction"
CLT03830,331,6,26279.294,2,Champions,"Programme VIP, récompenses exclusives, vente croisée"
CLT03831,277,6,18534.874,2,Champions,"Programme VIP, récompenses exclusives, vente croisée"
CLT03832,224,5,93767.26,0,À Surveiller,"Relance légère, offre personnalisée, sondage satisfaction"
CLT03833,37,7,37981.665,2,Champions,"Programme VIP, récompenses exclusives, vente croisée"
CLT03834,23,3,20438.243,0,À Surveiller,"Relance légère, offre personnalisée, sondage satisfaction"
CLT03835,195,6,113758.365,2,Champions,"Programme VIP, récompenses exclusives, vente croisée"
CLT03836,261,8,101667.205,2,Champions,"Programme VIP, récompenses exclusives, vente croisée"
CLT03837,354,6,18335.705,2,Champions,"Programme VIP, récompenses exclusives, vente croisée"
CLT03838,76,6,84205.44,2,Champions,"Programme VIP, récompenses exclusives, vente croisée"
CLT03839,17,4,22326.28,0,À Surveiller,"Relance légère, offre personnalisée, sondage satisfaction"
CLT03840,54,4,7013.42,0,À Surveiller,"Relance légère, offre personnalisée, sondage satisfaction"
CLT03841,119,8,163721.4,1,Réguliers,"Offres de fidélisation, points bonus, upselling"
CLT03842,15,6,65562.465,2,Champions,"Programme VIP, récompenses exclusives, vente croisée"
CLT03843,125,8,24658.088,2,Champions,"Programme VIP, récompenses exclusives, vente croisée"
CLT03844,6,7,15202.621,2,Champions,"Programme VIP, récompenses exclusives, vente croisée"
CLT03845,296,3,51028.025,0,À Surveiller,"Relance légère, offre personnalisée, sondage satisfaction"
CLT03847,74,5,5207.2,0,À Surveiller,"Relance légère, offre personnalisée, sondage satisfaction"
CLT03848,544,3,7091.7,3,Perdus,"Campagne de réactivation, offre de retour spéciale"
CLT03849,462,1,2783.49,3,Perdus,"Campagne de réactivation, offre de retour spéciale"
CLT03850,62,2,3471.896,0,À Surveiller,"Relance légère, offre personnalisée, sondage satisfaction"
CLT03851,101,9,93885.876,2,Champions,"Programme VIP, récompenses exclusives, vente croisée"
CLT03852,232,5,16389.275,0,À Surveiller,"Relance légère, offre personnalisée, sondage satisfaction"
CLT03853,37,3,11683.84,0,À Surveiller,"Relance légère, offre personnalisée, sondage satisfaction"
CLT03854,469,6,24831.039,3,Perdus,"Campagne de réactivation, offre de retour spéciale"
CLT03855,96,3,22714.863,0,À Surveiller,"Relance légère, offre personnalisée, sondage satisfaction"
CLT03856,288,6,27024.893,2,Champions,"Programme VIP, récompenses exclusives, vente croisée"
CLT03857,137,5,96622.85,2,Champions,"Programme VIP, récompenses exclusives, vente croisée"
CLT03858,22,6,20838.6,2,Champions,"Programme VIP, récompenses exclusives, vente croisée"
CLT03859,64,3,48752.27,0,À Surveiller,"Relance légère, offre personnalisée, sondage satisfaction"
CLT03860,397,5,16475.482,0,À Surveiller,"Relance légère, offre personnalisée, sondage satisfaction"
CLT03861,106,5,47191.862,0,À Surveiller,"Relance légère, offre personnalisée, sondage satisfaction"
CLT03862,686,1,3642.6,3,Perdus,"Campagne de réactivation, offre de retour spéciale"
CLT03863,120,5,6984.592000000001,0,À Surveiller,"Relance légère, offre personnalisée, sondage satisfaction"
CLT03864,31,5,9745.185,0,À Surveiller,"Relance légère, offre personnalisée, sondage satisfaction"
CLT03865,173,3,36356.218,0,À Surveiller,"Relance légère, offre personnalisée, sondage satisfaction"
CLT03866,19,4,9939.953,0,À Surveiller,"Relance légère, offre personnalisée, sondage satisfaction"
CLT03867,119,8,21368.321,2,Champions,"Programme VIP, récompenses exclusives, vente croisée"
CLT03868,251,4,28299.006,0,À Surveiller,"Relance légère, offre personnalisée, sondage satisfaction"
CLT03869,567,3,11850.384,3,Perdus,"Campagne de réactivation, offre de retour spéciale"
CLT03870,353,4,207760.18,1,Réguliers,"Offres de fidélisation, points bonus, upselling"
CLT03872,74,8,55957.88,2,Champions,"Programme VIP, récompenses exclusives, vente croisée"
CLT03873,377,6,57821.75,2,Champions,"Programme VIP, récompenses exclusives, vente croisée"
CLT03874,175,4,4643.419,0,À Surveiller,"Relance légère, offre personnalisée, sondage satisfaction"
CLT03876,267,4,24383.48,0,À Surveiller,"Relance légère, offre personnalisée, sondage satisfaction"
CLT03877,685,4,40061.088,3,Perdus,"Campagne de réactivation, offre de retour spéciale"
CLT03878,43,5,68905.93,0,À Surveiller,"Relance légère, offre personnalisée, sondage satisfaction"
CLT03879,52,7,8238.393,2,Champions,"Programme VIP, récompenses exclusives, vente croisée"
CLT03880,636,7,35166.95,3,Perdus,"Campagne de réactivation, offre de retour spéciale"
CLT03881,114,6,29274.377,2,Champions,"Programme VIP, récompenses exclusives, vente croisée"
CLT03882,828,1,10979.1,3,Perdus,"Campagne de réactivation, offre de retour spéciale"
CLT03883,45,7,80139.272,2,Champions,"Programme VIP, récompenses exclusives, vente croisée"
CLT03884,583,3,3875.107,3,Perdus,"Campagne de réactivation, offre de retour spéciale"
CLT03885,22,7,274325.569,1,Réguliers,"Offres de fidélisation, points bonus, upselling"
CLT03886,97,5,60688.407,0,À Surveiller,"Relance légère, offre personnalisée, sondage satisfaction"
CLT03887,180,6,52400.603,2,Champions,"Programme VIP, récompenses exclusives, vente croisée"
CLT03888,90,1,4664.0,0,À Surveiller,"Relance légère, offre personnalisée, sondage satisfaction"
CLT03889,238,7,312894.66,1,Réguliers,"Offres de fidélisation, points bonus, upselling"
CLT03890,285,5,46060.708,0,À Surveiller,"Relance légère, offre personnalisée, sondage satisfaction"
CLT03891,350,4,155390.5,1,Réguliers,"Offres de fidélisation, points bonus, upselling"
CLT03892,394,2,19324.852,3,Perdus,"Campagne de réactivation, offre de retour spéciale"
CLT03893,319,7,29039.283000000003,2,Champions,"Programme VIP, récompenses exclusives, vente croisée"
CLT03894,149,5,102357.121,2,Champions,"Programme VIP, récompenses exclusives, vente croisée"
CLT03895,451,8,22808.88,2,Champions,"Programme VIP, récompenses exclusives, vente croisée"
CLT03896,47,3,12189.091,0,À Surveiller,"Relance légère, offre personnalisée, sondage satisfaction"
CLT03897,272,6,72608.69,2,Champions,"Programme VIP, récompenses exclusives, vente croisée"
CLT03898,182,5,47751.079,0,À Surveiller,"Relance légère, offre personnalisée, sondage satisfaction"
CLT03899,68,7,72144.975,2,Champions,"Programme VIP, récompenses exclusives, vente croisée"
CLT03900,22,11,24476.074,2,Champions,"Programme VIP, récompenses exclusives, vente croisée"
CLT03901,93,4,15263.012,0,À Surveiller,"Relance légère, offre personnalisée, sondage satisfaction"
CLT03902,694,1,35733.12,3,Perdus,"Campagne de réactivation, offre de retour spéciale"
CLT03903,235,6,46703.279,2,Champions,"Programme VIP, récompenses exclusives, vente croisée"
CLT03904,403,5,18551.25,0,À Surveiller,"Relance légère, offre personnalisée, sondage satisfaction"
CLT03905,14,3,28205.137,0,À Surveiller,"Relance légère, offre personnalisée, sondage satisfaction"
CLT03906,88,4,36733.921,0,À Surveiller,"Relance légère, offre personnalisée, sondage satisfaction"
CLT03907,323,4,5452.47,0,À Surveiller,"Relance légère, offre personnalisée, sondage satisfaction"
CLT03908,77,6,74785.838,2,Champions,"Programme VIP, récompenses exclusives, vente croisée"
CLT03909,15,4,58346.352,0,À Surveiller,"Relance légère, offre personnalisée, sondage satisfaction"
CLT03910,117,2,10626.0,0,À Surveiller,"Relance légère, offre personnalisée, sondage satisfaction"
CLT03911,66,7,16511.603,2,Champions,"Programme VIP, récompenses exclusives, vente croisée"
CLT03912,387,6,24052.712,2,Champions,"Programme VIP, récompenses exclusives, vente croisée"
CLT03913,733,5,33804.627,3,Perdus,"Campagne de réactivation, offre de retour spéciale"
CLT03914,369,3,59582.59,0,À Surveiller,"Relance légère, offre personnalisée, sondage satisfaction"
CLT03915,36,7,79749.27,2,Champions,"Programme VIP, récompenses exclusives, vente croisée"
CLT03916,194,8,84788.959,2,Champions,"Programme VIP, récompenses exclusives, vente croisée"
CLT03917,69,7,58114.34,2,Champions,"Programme VIP, récompenses exclusives, vente croisée"
CLT03918,146,4,20330.262,0,À Surveiller,"Relance légère, offre personnalisée, sondage satisfaction"
CLT03919,450,3,13669.56,3,Perdus,"Campagne de réactivation, offre de retour spéciale"
CLT03920,301,4,32458.84,0,À Surveiller,"Relance légère, offre personnalisée, sondage satisfaction"
CLT03921,191,8,169399.48,1,Réguliers,"Offres de fidélisation, points bonus, upselling"
CLT03922,92,5,23838.662,0,À Surveiller,"Relance légère, offre personnalisée, sondage satisfaction"
CLT03923,1181,2,8675.9,3,Perdus,"Campagne de réactivation, offre de retour spéciale"
CLT03924,500,5,19857.36,3,Perdus,"Campagne de réactivation, offre de retour spéciale"
CLT03925,528,3,9889.613,3,Perdus,"Campagne de réactivation, offre de retour spéciale"
CLT03926,132,8,57722.665,2,Champions,"Programme VIP, récompenses exclusives, vente croisée"
CLT03927,380,7,32548.276,2,Champions,"Programme VIP, récompenses exclusives, vente croisée"
CLT03928,127,8,161655.772,1,Réguliers,"Offres de fidélisation, points bonus, upselling"
CLT03929,323,6,26908.569,2,Champions,"Programme VIP, récompenses exclusives, vente croisée"
CLT03930,238,3,28812.78,0,À Surveiller,"Relance légère, offre personnalisée, sondage satisfaction"
CLT03931,179,7,93541.56,2,Champions,"Programme VIP, récompenses exclusives, vente croisée"
CLT03932,225,6,15346.5,2,Champions,"Programme VIP, récompenses exclusives, vente croisée"
CLT03933,15,4,11361.72,0,À Surveiller,"Relance légère, offre personnalisée, sondage satisfaction"
CLT03934,19,6,41370.881,2,Champions,"Programme VIP, récompenses exclusives, vente croisée"
CLT03935,121,10,22759.388,2,Champions,"Programme VIP, récompenses exclusives, vente croisée"
CLT03936,46,7,124255.826,2,Champions,"Programme VIP, récompenses exclusives, vente croisée"
CLT03937,922,5,50875.282,3,Perdus,"Campagne de réactivation, offre de retour spéciale"
CLT03938,186,3,36539.233,0,À Surveiller,"Relance légère, offre personnalisée, sondage satisfaction"
CLT03939,295,4,20343.391,0,À Surveiller,"Relance légère, offre personnalisée, sondage satisfaction"
CLT03940,130,4,20437.597,0,À Surveiller,"Relance légère, offre personnalisée, sondage satisfaction"
CLT03941,26,7,12163.051,2,Champions,"Programme VIP, récompenses exclusives, vente croisée"
CLT03942,193,5,43323.52,0,À Surveiller,"Relance légère, offre personnalisée, sondage satisfaction"
CLT03943,35,4,16364.393,0,À Surveiller,"Relance légère, offre personnalisée, sondage satisfaction"
CLT03944,633,3,32630.809,3,Perdus,"Campagne de réactivation, offre de retour spéciale"
CLT03945,782,5,30834.198,3,Perdus,"Campagne de réactivation, offre de retour spéciale"
CLT03946,602,4,51268.787,3,Perdus,"Campagne de réactivation, offre de retour spéciale"
CLT03947,341,7,153377.1,1,Réguliers,"Offres de fidélisation, points bonus, upselling"
CLT03948,76,4,37145.85,0,À Surveiller,"Relance légère, offre personnalisée, sondage satisfaction"
CLT03949,3,8,180431.1,1,Réguliers,"Offres de fidélisation, points bonus, upselling"
CLT03950,640,2,93379.828,3,Perdus,"Campagne de réactivation, offre de retour spéciale"
CLT03951,437,4,106185.994,3,Perdus,"Campagne de réactivation, offre de retour spéciale"
CLT03952,719,3,45629.134,3,Perdus,"Campagne de réactivation, offre de retour spéciale"
CLT03953,424,3,55084.483,3,Perdus,"Campagne de réactivation, offre de retour spéciale"
CLT03954,326,5,5278.5740000000005,0,À Surveiller,"Relance légère, offre personnalisée, sondage satisfaction"
CLT03955,145,3,59402.936,0,À Surveiller,"Relance légère, offre personnalisée, sondage satisfaction"
CLT03956,193,4,11489.04,0,À Surveiller,"Relance légère, offre personnalisée, sondage satisfaction"
CLT03957,35,3,15725.779,0,À Surveiller,"Relance légère, offre personnalisée, sondage satisfaction"
CLT03958,106,9,187452.32,1,Réguliers,"Offres de fidélisation, points bonus, upselling"
CLT03959,19,5,48397.81,0,À Surveiller,"Relance légère, offre personnalisée, sondage satisfaction"
CLT03960,845,2,5574.200000000001,3,Perdus,"Campagne de réactivation, offre de retour spéciale"
CLT03961,66,5,40557.36,0,À Surveiller,"Relance légère, offre personnalisée, sondage satisfaction"
CLT03962,417,7,76124.67,2,Champions,"Programme VIP, récompenses exclusives, vente croisée"
CLT03963,377,1,9571.56,3,Perdus,"Campagne de réactivation, offre de retour spéciale"
CLT03964,291,6,29688.49,2,Champions,"Programme VIP, récompenses exclusives, vente croisée"
CLT03965,163,8,45471.534,2,Champions,"Programme VIP, récompenses exclusives, vente croisée"
CLT03966,32,4,79396.78,0,À Surveiller,"Relance légère, offre personnalisée, sondage satisfaction"
CLT03967,106,11,101707.503,2,Champions,"Programme VIP, récompenses exclusives, vente croisée"
CLT03968,118,5,23333.61,0,À Surveiller,"Relance légère, offre personnalisée, sondage satisfaction"
CLT03969,234,5,23653.955,0,À Surveiller,"Relance légère, offre personnalisée, sondage satisfaction"
CLT03970,715,5,57255.755,3,Perdus,"Campagne de réactivation, offre de retour spéciale"
CLT03971,98,3,7138.718,0,À Surveiller,"Relance légère, offre personnalisée, sondage satisfaction"
CLT03972,244,5,13445.676,0,À Surveiller,"Relance légère, offre personnalisée, sondage satisfaction"
CLT03973,176,4,46163.83,0,À Surveiller,"Relance légère, offre personnalisée, sondage satisfaction"
CLT03974,118,4,67170.17,0,À Surveiller,"Relance légère, offre personnalisée, sondage satisfaction"
CLT03975,840,2,19226.84,3,Perdus,"Campagne de réactivation, offre de retour spéciale"
CLT03976,426,1,48072.43,3,Perdus,"Campagne de réactivation, offre de retour spéciale"
CLT03977,121,3,21107.952,0,À Surveiller,"Relance légère, offre personnalisée, sondage satisfaction"
CLT03978,65,4,46210.25,0,À Surveiller,"Relance légère, offre personnalisée, sondage satisfaction"
CLT03979,486,2,9205.76,3,Perdus,"Campagne de réactivation, offre de retour spéciale"
CLT03980,1,5,35877.48,0,À Surveiller,"Relance légère, offre personnalisée, sondage satisfaction"
CLT03981,59,4,34076.624,0,À Surveiller,"Relance légère, offre personnalisée, sondage satisfaction"
CLT03982,148,6,43397.411,2,Champions,"Programme VIP, récompenses exclusives, vente croisée"
CLT03983,54,2,27008.631,0,À Surveiller,"Relance légère, offre personnalisée, sondage satisfaction"
CLT03984,134,8,42170.853,2,Champions,"Programme VIP, récompenses exclusives, vente croisée"
CLT03985,567,1,1928.29,3,Perdus,"Campagne de réactivation, offre de retour spéciale"
CLT03986,240,4,44744.6,0,À Surveiller,"Relance légère, offre personnalisée, sondage satisfaction"
CLT03987,356,8,75858.561,2,Champions,"Programme VIP, récompenses exclusives, vente croisée"
CLT03988,454,5,89387.929,3,Perdus,"Campagne de réactivation, offre de retour spéciale"
CLT03989,46,5,8970.764,0,À Surveiller,"Relance légère, offre personnalisée, sondage satisfaction"
CLT03990,23,7,81107.6,2,Champions,"Programme VIP, récompenses exclusives, vente croisée"
CLT03991,4,2,8079.505,0,À Surveiller,"Relance légère, offre personnalisée, sondage satisfaction"
CLT03992,283,3,12989.97,0,À Surveiller,"Relance légère, offre personnalisée, sondage satisfaction"
CLT03993,510,6,23701.867,3,Perdus,"Campagne de réactivation, offre de retour spéciale"
CLT03994,94,9,195264.816,1,Réguliers,"Offres de fidélisation, points bonus, upselling"
CLT03995,201,8,34186.265,2,Champions,"Programme VIP, récompenses exclusives, vente croisée"
CLT03996,125,6,24461.597,2,Champions,"Programme VIP, récompenses exclusives, vente croisée"
CLT03997,571,3,4736.809,3,Perdus,"Campagne de réactivation, offre de retour spéciale"
CLT03998,446,3,32581.248,3,Perdus,"Campagne de réactivation, offre de retour spéciale"
CLT03999,143,2,9649.718,0,À Surveiller,"Relance légère, offre personnalisée, sondage satisfaction"
CLT04000,363,5,109106.4,2,Champions,"Programme VIP, récompenses exclusives, vente croisée"
CLT04001,1,1,799.5,0,À Surveiller,"Relance légère, offre personnalisée, sondage satisfaction"
CLT04002,541,8,18255.927,2,Champions,"Programme VIP, récompenses exclusives, vente croisée"
CLT04003,72,2,27321.491,0,À Surveiller,"Relance légère, offre personnalisée, sondage satisfaction"
CLT04004,615,2,21682.83,3,Perdus,"Campagne de réactivation, offre de retour spéciale"
CLT04005,328,2,7452.648,0,À Surveiller,"Relance légère, offre personnalisée, sondage satisfaction"
CLT04006,329,5,21863.366,0,À Surveiller,"Relance légère, offre personnalisée, sondage satisfaction"
CLT04007,30,7,33085.229,2,Champions,"Programme VIP, récompenses exclusives, vente croisée"
CLT04008,275,4,11859.211,0,À Surveiller,"Relance légère, offre personnalisée, sondage satisfaction"
CLT04009,103,7,32877.9,2,Champions,"Programme VIP, récompenses exclusives, vente croisée"
CLT04010,395,2,6895.58,3,Perdus,"Campagne de réactivation, offre de retour spéciale"
CLT04011,149,4,64937.475,0,À Surveiller,"Relance légère, offre personnalisée, sondage satisfaction"
CLT04012,200,7,125408.965,1,Réguliers,"Offres de fidélisation, points bonus, upselling"
CLT04013,46,3,8291.696,0,À Surveiller,"Relance légère, offre personnalisée, sondage satisfaction"
CLT04014,215,10,55200.419,2,Champions,"Programme VIP, récompenses exclusives, vente croisée"
CLT04015,16,8,43330.21,2,Champions,"Programme VIP, récompenses exclusives, vente croisée"
CLT04016,153,5,12325.818,0,À Surveiller,"Relance légère, offre personnalisée, sondage satisfaction"
CLT04017,398,4,12372.927,3,Perdus,"Campagne de réactivation, offre de retour spéciale"
CLT04018,14,6,18979.53,2,Champions,"Programme VIP, récompenses exclusives, vente croisée"
CLT04019,56,4,24457.896,0,À Surveiller,"Relance légère, offre personnalisée, sondage satisfaction"
CLT04020,192,4,62624.563,0,À Surveiller,"Relance légère, offre personnalisée, sondage satisfaction"
CLT04021,78,6,87792.38,2,Champions,"Programme VIP, récompenses exclusives, vente croisée"
CLT04022,490,5,121970.8,3,Perdus,"Campagne de réactivation, offre de retour spéciale"
CLT04023,45,9,57862.372,2,Champions,"Programme VIP, récompenses exclusives, vente croisée"
CLT04024,113,7,50955.58,2,Champions,"Programme VIP, récompenses exclusives, vente croisée"
CLT04025,279,8,69111.511,2,Champions,"Programme VIP, récompenses exclusives, vente croisée"
CLT04026,158,6,57077.252,2,Champions,"Programme VIP, récompenses exclusives, vente croisée"
CLT04027,235,9,44578.524,2,Champions,"Programme VIP, récompenses exclusives, vente croisée"
CLT04028,106,4,16902.391,0,À Surveiller,"Relance légère, offre personnalisée, sondage satisfaction"
CLT04029,34,7,34165.678,2,Champions,"Programme VIP, récompenses exclusives, vente croisée"
CLT04030,53,8,32975.475,2,Champions,"Programme VIP, récompenses exclusives, vente croisée"
CLT04031,323,5,50061.158,0,À Surveiller,"Relance légère, offre personnalisée, sondage satisfaction"
CLT04032,272,2,7113.204,0,À Surveiller,"Relance légère, offre personnalisée, sondage satisfaction"
CLT04033,367,3,11456.324,0,À Surveiller,"Relance légère, offre personnalisée, sondage satisfaction"
CLT04034,540,7,255164.45,1,Réguliers,"Offres de fidélisation, points bonus, upselling"
CLT04035,270,8,158382.776,1,Réguliers,"Offres de fidélisation, points bonus, upselling"
CLT04036,405,5,15569.356,3,Perdus,"Campagne de réactivation, offre de retour spéciale"
CLT04037,140,6,39994.846,2,Champions,"Programme VIP, récompenses exclusives, vente croisée"
CLT04038,346,3,13337.55,0,À Surveiller,"Relance légère, offre personnalisée, sondage satisfaction"
CLT04039,222,8,83051.181,2,Champions,"Programme VIP, récompenses exclusives, vente croisée"
CLT04040,45,2,36847.5,0,À Surveiller,"Relance légère, offre personnalisée, sondage satisfaction"
CLT04041,145,7,22303.814,2,Champions,"Programme VIP, récompenses exclusives, vente croisée"
CLT04042,23,7,14594.55,2,Champions,"Programme VIP, récompenses exclusives, vente croisée"
CLT04043,184,6,35679.422,2,Champions,"Programme VIP, récompenses exclusives, vente croisée"
CLT04044,881,1,11072.88,3,Perdus,"Campagne de réactivation, offre de retour spéciale"
CLT04045,60,6,36890.381,2,Champions,"Programme VIP, récompenses exclusives, vente croisée"
CLT04046,334,5,7514.38,0,À Surveiller,"Relance légère, offre personnalisée, sondage satisfaction"
CLT04047,100,3,6032.855,0,À Surveiller,"Relance légère, offre personnalisée, sondage satisfaction"
CLT04048,90,5,8897.994,0,À Surveiller,"Relance légère, offre personnalisée, sondage satisfaction"
CLT04049,67,7,23267.2,2,Champions,"Programme VIP, récompenses exclusives, vente croisée"
CLT04050,16,8,26195.45,2,Champions,"Programme VIP, récompenses exclusives, vente croisée"
CLT04051,53,4,39324.562,0,À Surveiller,"Relance légère, offre personnalisée, sondage satisfaction"
CLT04052,396,5,9641.192,0,À Surveiller,"Relance légère, offre personnalisée, sondage satisfaction"
CLT04053,41,5,11895.597,0,À Surveiller,"Relance légère, offre personnalisée, sondage satisfaction"
CLT04054,472,3,15359.562,3,Perdus,"Campagne de réactivation, offre de retour spéciale"
CLT04055,364,2,9645.75,0,À Surveiller,"Relance légère, offre personnalisée, sondage satisfaction"
CLT04056,806,5,110898.78,3,Perdus,"Campagne de réactivation, offre de retour spéciale"
CLT04057,29,4,137241.218,1,Réguliers,"Offres de fidélisation, points bonus, upselling"
CLT04058,113,5,22223.976,0,À Surveiller,"Relance légère, offre personnalisée, sondage satisfaction"
CLT04059,278,6,14317.452,2,Champions,"Programme VIP, récompenses exclusives, vente croisée"
CLT04060,153,4,11504.36,0,À Surveiller,"Relance légère, offre personnalisée, sondage satisfaction"
CLT04061,198,6,11155.68,2,Champions,"Programme VIP, récompenses exclusives, vente croisée"
CLT04062,118,4,10574.272,0,À Surveiller,"Relance légère, offre personnalisée, sondage satisfaction"
CLT04063,262,7,45266.76,2,Champions,"Programme VIP, récompenses exclusives, vente croisée"
CLT04064,79,5,33777.555,0,À Surveiller,"Relance légère, offre personnalisée, sondage satisfaction"
CLT04066,24,7,39473.465,2,Champions,"Programme VIP, récompenses exclusives, vente croisée"
CLT04067,674,2,9292.66,3,Perdus,"Campagne de réactivation, offre de retour spéciale"
CLT04068,235,4,160965.6,1,Réguliers,"Offres de fidélisation, points bonus, upselling"
CLT04069,341,4,13158.327,0,À Surveiller,"Relance légère, offre personnalisée, sondage satisfaction"
CLT04070,398,5,23676.9,0,À Surveiller,"Relance légère, offre personnalisée, sondage satisfaction"
CLT04071,5,5,24093.459,0,À Surveiller,"Relance légère, offre personnalisée, sondage satisfaction"
CLT04072,146,8,41925.356,2,Champions,"Programme VIP, récompenses exclusives, vente croisée"
CLT04073,7,10,50751.569,2,Champions,"Programme VIP, récompenses exclusives, vente croisée"
CLT04074,174,11,250526.732,1,Réguliers,"Offres de fidélisation, points bonus, upselling"
CLT04075,206,7,32575.771,2,Champions,"Programme VIP, récompenses exclusives, vente croisée"
CLT04076,255,3,8416.0,0,À Surveiller,"Relance légère, offre personnalisée, sondage satisfaction"
CLT04077,347,5,25534.862,0,À Surveiller,"Relance légère, offre personnalisée, sondage satisfaction"
CLT04078,6,3,104749.92,0,À Surveiller,"Relance légère, offre personnalisée, sondage satisfaction"
CLT04079,342,2,12200.77,0,À Surveiller,"Relance légère, offre personnalisée, sondage satisfaction"
CLT04080,251,4,6313.3240000000005,0,À Surveiller,"Relance légère, offre personnalisée, sondage satisfaction"
CLT04081,835,3,15138.9,3,Perdus,"Campagne de réactivation, offre de retour spéciale"
CLT04082,11,6,9844.761,2,Champions,"Programme VIP, récompenses exclusives, vente croisée"
CLT04083,192,9,16386.286,2,Champions,"Programme VIP, récompenses exclusives, vente croisée"
CLT04084,61,8,25441.02,2,Champions,"Programme VIP, récompenses exclusives, vente croisée"
CLT04085,50,6,26113.12,2,Champions,"Programme VIP, récompenses exclusives, vente croisée"
CLT04086,66,3,5624.0,0,À Surveiller,"Relance légère, offre personnalisée, sondage satisfaction"
CLT04087,531,3,6307.101000000001,3,Perdus,"Campagne de réactivation, offre de retour spéciale"
CLT04088,30,9,17895.377,2,Champions,"Programme VIP, récompenses exclusives, vente croisée"
CLT04089,563,2,27270.7,3,Perdus,"Campagne de réactivation, offre de retour spéciale"
CLT04090,175,3,60527.04,0,À Surveiller,"Relance légère, offre personnalisée, sondage satisfaction"
CLT04091,542,3,2907.044,3,Perdus,"Campagne de réactivation, offre de retour spéciale"
CLT04092,17,6,7366.912,2,Champions,"Programme VIP, récompenses exclusives, vente croisée"
CLT04093,206,3,31240.5,0,À Surveiller,"Relance légère, offre personnalisée, sondage satisfaction"
CLT04094,37,8,167333.395,1,Réguliers,"Offres de fidélisation, points bonus, upselling"
CLT04095,246,6,36047.34,2,Champions,"Programme VIP, récompenses exclusives, vente croisée"
CLT04096,436,3,17156.244,3,Perdus,"Campagne de réactivation, offre de retour spéciale"
CLT04097,760,4,30936.119,3,Perdus,"Campagne de réactivation, offre de retour spéciale"
CLT04098,20,6,25038.72,2,Champions,"Programme VIP, récompenses exclusives, vente croisée"
CLT04099,152,8,250271.28,1,Réguliers,"Offres de fidélisation, points bonus, upselling"
CLT04100,125,6,58310.88,2,Champions,"Programme VIP, récompenses exclusives, vente croisée"
CLT04102,46,2,42674.851,0,À Surveiller,"Relance légère, offre personnalisée, sondage satisfaction"
CLT04103,190,2,10482.662,0,À Surveiller,"Relance légère, offre personnalisée, sondage satisfaction"
CLT04104,66,9,39958.38,2,Champions,"Programme VIP, récompenses exclusives, vente croisée"
CLT04105,109,9,88449.914,2,Champions,"Programme VIP, récompenses exclusives, vente croisée"
CLT04106,278,4,12506.251,0,À Surveiller,"Relance légère, offre personnalisée, sondage satisfaction"
CLT04107,476,2,20503.35,3,Perdus,"Campagne de réactivation, offre de retour spéciale"
CLT04108,488,3,54930.117,3,Perdus,"Campagne de réactivation, offre de retour spéciale"
CLT04109,9,3,17352.981,0,À Surveiller,"Relance légère, offre personnalisée, sondage satisfaction"
CLT04110,108,5,90573.166,0,À Surveiller,"Relance légère, offre personnalisée, sondage satisfaction"
CLT04111,247,6,141725.337,1,Réguliers,"Offres de fidélisation, points bonus, upselling"
CLT04112,68,4,16177.618,0,À Surveiller,"Relance légère, offre personnalisée, sondage satisfaction"
CLT04113,441,2,6860.700000000001,3,Perdus,"Campagne de réactivation, offre de retour spéciale"
CLT04114,121,6,22398.793,2,Champions,"Programme VIP, récompenses exclusives, vente croisée"
CLT04115,114,8,168040.862,1,Réguliers,"Offres de fidélisation, points bonus, upselling"
CLT04116,4,2,58500.91,0,À Surveiller,"Relance légère, offre personnalisée, sondage satisfaction"
CLT04117,666,5,14638.032,3,Perdus,"Campagne de réactivation, offre de retour spéciale"
CLT04118,218,4,47319.915,0,À Surveiller,"Relance légère, offre personnalisée, sondage satisfaction"
CLT04119,134,4,5367.786,0,À Surveiller,"Relance légère, offre personnalisée, sondage satisfaction"
CLT04120,7,5,24215.48,0,À Surveiller,"Relance légère, offre personnalisée, sondage satisfaction"
CLT04121,256,5,88173.86600000001,0,À Surveiller,"Relance légère, offre personnalisée, sondage satisfaction"
CLT04122,29,9,59909.4,2,Champions,"Programme VIP, récompenses exclusives, vente croisée"
CLT04123,444,4,17803.8,3,Perdus,"Campagne de réactivation, offre de retour spéciale"
CLT04124,25,4,12433.6,0,À Surveiller,"Relance légère, offre personnalisée, sondage satisfaction"
CLT04125,283,2,5319.6,0,À Surveiller,"Relance légère, offre personnalisée, sondage satisfaction"
CLT04126,1095,1,7191.46,3,Perdus,"Campagne de réactivation, offre de retour spéciale"
CLT04127,484,1,3842.471,3,Perdus,"Campagne de réactivation, offre de retour spéciale"
CLT04128,580,4,20306.76,3,Perdus,"Campagne de réactivation, offre de retour spéciale"
CLT04129,3,13,488840.039,1,Réguliers,"Offres de fidélisation, points bonus, upselling"
CLT04130,494,6,129624.921,1,Réguliers,"Offres de fidélisation, points bonus, upselling"
CLT04131,369,4,22537.606,0,À Surveiller,"Relance légère, offre personnalisée, sondage satisfaction"
CLT04132,909,3,13972.474,3,Perdus,"Campagne de réactivation, offre de retour spéciale"
CLT04133,102,7,26259.176,2,Champions,"Programme VIP, récompenses exclusives, vente croisée"
CLT04134,691,4,19046.19,3,Perdus,"Campagne de réactivation, offre de retour spéciale"
CLT04135,331,6,30515.557,2,Champions,"Programme VIP, récompenses exclusives, vente croisée"
CLT04136,312,4,29102.614,0,À Surveiller,"Relance légère, offre personnalisée, sondage satisfaction"
CLT04137,178,6,38047.81,2,Champions,"Programme VIP, récompenses exclusives, vente croisée"
CLT04138,46,6,44803.57,2,Champions,"Programme VIP, récompenses exclusives, vente croisée"
CLT04139,12,4,16983.92,0,À Surveiller,"Relance légère, offre personnalisée, sondage satisfaction"
CLT04140,215,5,34858.087,0,À Surveiller,"Relance légère, offre personnalisée, sondage satisfaction"
CLT04141,400,7,53417.234,2,Champions,"Programme VIP, récompenses exclusives, vente croisée"
CLT04142,619,6,73896.449,3,Perdus,"Campagne de réactivation, offre de retour spéciale"
CLT04143,179,2,18291.793,0,À Surveiller,"Relance légère, offre personnalisée, sondage satisfaction"
CLT04144,17,6,23917.443,2,Champions,"Programme VIP, récompenses exclusives, vente croisée"
CLT04145,80,4,80444.4,0,À Surveiller,"Relance légère, offre personnalisée, sondage satisfaction"
CLT04146,351,3,15783.77,0,À Surveiller,"Relance légère, offre personnalisée, sondage satisfaction"
CLT04147,60,6,45731.743,2,Champions,"Programme VIP, récompenses exclusives, vente croisée"
CLT04148,3,9,111430.851,2,Champions,"Programme VIP, récompenses exclusives, vente croisée"
CLT04149,2,5,14359.259,0,À Surveiller,"Relance légère, offre personnalisée, sondage satisfaction"
CLT04150,41,10,245697.249,1,Réguliers,"Offres de fidélisation, points bonus, upselling"
CLT04151,9,1,4583.7,0,À Surveiller,"Relance légère, offre personnalisée, sondage satisfaction"
CLT04152,106,2,8632.01,0,À Surveiller,"Relance légère, offre personnalisée, sondage satisfaction"
CLT04153,542,2,6641.168,3,Perdus,"Campagne de réactivation, offre de retour spéciale"
CLT04154,695,2,13944.1,3,Perdus,"Campagne de réactivation, offre de retour spéciale"
CLT04155,70,5,95760.265,2,Champions,"Programme VIP, récompenses exclusives, vente croisée"
CLT04156,580,4,7838.768,3,Perdus,"Campagne de réactivation, offre de retour spéciale"
CLT04157,30,3,20184.99,0,À Surveiller,"Relance légère, offre personnalisée, sondage satisfaction"
CLT04158,314,3,37616.304,0,À Surveiller,"Relance légère, offre personnalisée, sondage satisfaction"
CLT04159,36,6,12453.868,2,Champions,"Programme VIP, récompenses exclusives, vente croisée"
CLT04160,249,5,12794.564,0,À Surveiller,"Relance légère, offre personnalisée, sondage satisfaction"
CLT04161,317,6,235048.945,1,Réguliers,"Offres de fidélisation, points bonus, upselling"
CLT04162,11,6,8825.880000000001,2,Champions,"Programme VIP, récompenses exclusives, vente croisée"
CLT04163,309,5,13605.533,0,À Surveiller,"Relance légère, offre personnalisée, sondage satisfaction"
CLT04164,302,7,55187.202,2,Champions,"Programme VIP, récompenses exclusives, vente croisée"
CLT04165,245,5,70884.992,0,À Surveiller,"Relance légère, offre personnalisée, sondage satisfaction"
CLT04166,274,6,21853.331,2,Champions,"Programme VIP, récompenses exclusives, vente croisée"
CLT04167,123,6,117309.592,2,Champions,"Programme VIP, récompenses exclusives, vente croisée"
CLT04168,52,8,175391.239,1,Réguliers,"Offres de fidélisation, points bonus, upselling"
CLT04169,112,2,4784.5,0,À Surveiller,"Relance légère, offre personnalisée, sondage satisfaction"
CLT04170,147,4,25626.56,0,À Surveiller,"Relance légère, offre personnalisée, sondage satisfaction"
CLT04171,355,5,74655.63,0,À Surveiller,"Relance légère, offre personnalisée, sondage satisfaction"
CLT04172,545,4,15384.886,3,Perdus,"Campagne de réactivation, offre de retour spéciale"
CLT04173,77,2,30584.209000000003,0,À Surveiller,"Relance légère, offre personnalisée, sondage satisfaction"
CLT04174,172,7,135780.342,1,Réguliers,"Offres de fidélisation, points bonus, upselling"
CLT04175,157,5,19148.58,0,À Surveiller,"Relance légère, offre personnalisée, sondage satisfaction"
CLT04176,578,5,9618.651,3,Perdus,"Campagne de réactivation, offre de retour spéciale"
CLT04177,33,5,87652.845,0,À Surveiller,"Relance légère, offre personnalisée, sondage satisfaction"
CLT04178,54,3,7125.56,0,À Surveiller,"Relance légère, offre personnalisée, sondage satisfaction"
CLT04179,236,8,42152.04,2,Champions,"Programme VIP, récompenses exclusives, vente croisée"
CLT04180,463,2,16924.27,3,Perdus,"Campagne de réactivation, offre de retour spéciale"
CLT04181,356,3,111093.932,0,À Surveiller,"Relance légère, offre personnalisée, sondage satisfaction"
CLT04182,79,5,209587.08,1,Réguliers,"Offres de fidélisation, points bonus, upselling"
CLT04183,5,9,32125.84,2,Champions,"Programme VIP, récompenses exclusives, vente croisée"
CLT04184,414,4,61374.15,3,Perdus,"Campagne de réactivation, offre de retour spéciale"
CLT04185,394,2,7049.459999999999,3,Perdus,"Campagne de réactivation, offre de retour spéciale"
CLT04186,387,5,25434.88,0,À Surveiller,"Relance légère, offre personnalisée, sondage satisfaction"
CLT04187,281,6,34528.517,2,Champions,"Programme VIP, récompenses exclusives, vente croisée"
CLT04188,9,3,28178.347,0,À Surveiller,"Relance légère, offre personnalisée, sondage satisfaction"
CLT04189,233,8,178209.96,1,Réguliers,"Offres de fidélisation, points bonus, upselling"
CLT04190,78,4,20104.2,0,À Surveiller,"Relance légère, offre personnalisée, sondage satisfaction"
CLT04191,500,4,7631.961,3,Perdus,"Campagne de réactivation, offre de retour spéciale"
CLT04192,180,6,58181.472,2,Champions,"Programme VIP, récompenses exclusives, vente croisée"
CLT04193,278,2,17028.28,0,À Surveiller,"Relance légère, offre personnalisée, sondage satisfaction"
CLT04194,196,5,6638.95,0,À Surveiller,"Relance légère, offre personnalisée, sondage satisfaction"
CLT04195,568,5,13053.937,3,Perdus,"Campagne de réactivation, offre de retour spéciale"
CLT04196,95,9,21452.402,2,Champions,"Programme VIP, récompenses exclusives, vente croisée"
CLT04198,77,7,41655.68,2,Champions,"Programme VIP, récompenses exclusives, vente croisée"
CLT04199,208,4,39861.377,0,À Surveiller,"Relance légère, offre personnalisée, sondage satisfaction"
CLT04200,237,6,32483.251,2,Champions,"Programme VIP, récompenses exclusives, vente croisée"
CLT04201,716,3,31105.979,3,Perdus,"Campagne de réactivation, offre de retour spéciale"
CLT04202,204,6,230226.219,1,Réguliers,"Offres de fidélisation, points bonus, upselling"
CLT04203,361,6,93790.62,2,Champions,"Programme VIP, récompenses exclusives, vente croisée"
CLT04204,99,2,25762.878,0,À Surveiller,"Relance légère, offre personnalisée, sondage satisfaction"
CLT04205,88,10,48440.489,2,Champions,"Programme VIP, récompenses exclusives, vente croisée"
CLT04207,166,6,22020.96,2,Champions,"Programme VIP, récompenses exclusives, vente croisée"
CLT04208,42,6,45487.437,2,Champions,"Programme VIP, récompenses exclusives, vente croisée"
CLT04209,52,10,173482.846,1,Réguliers,"Offres de fidélisation, points bonus, upselling"
CLT04210,21,8,90291.135,2,Champions,"Programme VIP, récompenses exclusives, vente croisée"
CLT04211,341,4,32885.83,0,À Surveiller,"Relance légère, offre personnalisée, sondage satisfaction"
CLT04212,224,4,46014.355,0,À Surveiller,"Relance légère, offre personnalisée, sondage satisfaction"
CLT04213,82,2,80582.144,0,À Surveiller,"Relance légère, offre personnalisée, sondage satisfaction"
CLT04214,646,5,37912.627,3,Perdus,"Campagne de réactivation, offre de retour spéciale"
CLT04215,342,7,38588.05,2,Champions,"Programme VIP, récompenses exclusives, vente croisée"
CLT04216,509,5,20740.558,3,Perdus,"Campagne de réactivation, offre de retour spéciale"
CLT04217,429,4,41297.202,3,Perdus,"Campagne de réactivation, offre de retour spéciale"
CLT04218,88,6,22055.22,2,Champions,"Programme VIP, récompenses exclusives, vente croisée"
CLT04219,245,2,7975.661,0,À Surveiller,"Relance légère, offre personnalisée, sondage satisfaction"
CLT04220,19,4,25516.427,0,À Surveiller,"Relance légère, offre personnalisée, sondage satisfaction"
CLT04221,155,3,24843.56,0,À Surveiller,"Relance légère, offre personnalisée, sondage satisfaction"
CLT04222,72,3,59471.58,0,À Surveiller,"Relance légère, offre personnalisée, sondage satisfaction"
CLT04223,893,2,23074.8,3,Perdus,"Campagne de réactivation, offre de retour spéciale"
CLT04224,94,11,48794.76,2,Champions,"Programme VIP, récompenses exclusives, vente croisée"
CLT04226,613,4,12481.518,3,Perdus,"Campagne de réactivation, offre de retour spéciale"
CLT04227,206,4,11139.66,0,À Surveiller,"Relance légère, offre personnalisée, sondage satisfaction"
CLT04228,80,5,17011.2,0,À Surveiller,"Relance légère, offre personnalisée, sondage satisfaction"
CLT04229,137,5,23057.68,0,À Surveiller,"Relance légère, offre personnalisée, sondage satisfaction"
CLT04230,438,4,22891.76,3,Perdus,"Campagne de réactivation, offre de retour spéciale"
CLT04231,254,4,44292.8,0,À Surveiller,"Relance légère, offre personnalisée, sondage satisfaction"
CLT04232,9,3,20929.92,0,À Surveiller,"Relance légère, offre personnalisée, sondage satisfaction"
CLT04233,27,8,100499.137,2,Champions,"Programme VIP, récompenses exclusives, vente croisée"
CLT04234,499,4,23590.341,3,Perdus,"Campagne de réactivation, offre de retour spéciale"
CLT04235,327,2,36942.61,0,À Surveiller,"Relance légère, offre personnalisée, sondage satisfaction"
CLT04236,189,5,88725.735,0,À Surveiller,"Relance légère, offre personnalisée, sondage satisfaction"
CLT04238,654,7,133862.941,3,Perdus,"Campagne de réactivation, offre de retour spéciale"
CLT04239,393,8,25130.08,2,Champions,"Programme VIP, récompenses exclusives, vente croisée"
CLT04240,249,3,39900.25,0,À Surveiller,"Relance légère, offre personnalisée, sondage satisfaction"
CLT04241,231,12,37532.599,2,Champions,"Programme VIP, récompenses exclusives, vente croisée"
CLT04242,597,2,102491.558,3,Perdus,"Campagne de réactivation, offre de retour spéciale"
CLT04243,41,7,31989.33,2,Champions,"Programme VIP, récompenses exclusives, vente croisée"
CLT04244,240,2,25372.376,0,À Surveiller,"Relance légère, offre personnalisée, sondage satisfaction"
CLT04245,159,2,25006.8,0,À Surveiller,"Relance légère, offre personnalisée, sondage satisfaction"
CLT04246,95,3,32719.68,0,À Surveiller,"Relance légère, offre personnalisée, sondage satisfaction"
CLT04247,592,2,13262.788,3,Perdus,"Campagne de réactivation, offre de retour spéciale"
CLT04248,293,10,100515.072,2,Champions,"Programme VIP, récompenses exclusives, vente croisée"
CLT04249,118,4,10718.49,0,À Surveiller,"Relance légère, offre personnalisée, sondage satisfaction"
CLT04250,23,11,39876.179,2,Champions,"Programme VIP, récompenses exclusives, vente croisée"
CLT04251,301,7,21675.694,2,Champions,"Programme VIP, récompenses exclusives, vente croisée"
CLT04252,306,7,19336.423,2,Champions,"Programme VIP, récompenses exclusives, vente croisée"
CLT04253,306,4,5709.64,0,À Surveiller,"Relance légère, offre personnalisée, sondage satisfaction"
CLT04254,1092,1,2757.0,3,Perdus,"Campagne de réactivation, offre de retour spéciale"
CLT04255,292,5,170613.36200000002,1,Réguliers,"Offres de fidélisation, points bonus, upselling"
CLT04256,116,7,46093.71,2,Champions,"Programme VIP, récompenses exclusives, vente croisée"
CLT04257,197,6,112235.5,2,Champions,"Programme VIP, récompenses exclusives, vente croisée"
CLT04258,180,4,157678.34,1,Réguliers,"Offres de fidélisation, points bonus, upselling"
CLT04259,143,5,28221.66,0,À Surveiller,"Relance légère, offre personnalisée, sondage satisfaction"
CLT04260,96,8,35712.536,2,Champions,"Programme VIP, récompenses exclusives, vente croisée"
CLT04261,20,2,4296.951,0,À Surveiller,"Relance légère, offre personnalisée, sondage satisfaction"
CLT04262,428,8,102251.461,2,Champions,"Programme VIP, récompenses exclusives, vente croisée"
CLT04263,90,5,258239.44,1,Réguliers,"Offres de fidélisation, points bonus, upselling"
CLT04264,52,4,23180.423,0,À Surveiller,"Relance légère, offre personnalisée, sondage satisfaction"
CLT04265,29,5,15677.674,0,À Surveiller,"Relance légère, offre personnalisée, sondage satisfaction"
CLT04266,17,8,210402.694,1,Réguliers,"Offres de fidélisation, points bonus, upselling"
CLT04267,257,7,10216.884,2,Champions,"Programme VIP, récompenses exclusives, vente croisée"
CLT04268,172,4,99321.68,0,À Surveiller,"Relance légère, offre personnalisée, sondage satisfaction"
CLT04269,455,3,30152.43,3,Perdus,"Campagne de réactivation, offre de retour spéciale"
CLT04270,132,3,11215.44,0,À Surveiller,"Relance légère, offre personnalisée, sondage satisfaction"
CLT04271,125,6,137354.154,1,Réguliers,"Offres de fidélisation, points bonus, upselling"
CLT04272,224,5,11921.32,0,À Surveiller,"Relance légère, offre personnalisée, sondage satisfaction"
CLT04273,146,8,45244.786,2,Champions,"Programme VIP, récompenses exclusives, vente croisée"
CLT04274,97,3,9032.82,0,À Surveiller,"Relance légère, offre personnalisée, sondage satisfaction"
CLT04276,93,7,123633.939,2,Champions,"Programme VIP, récompenses exclusives, vente croisée"
CLT04277,386,3,50060.448,0,À Surveiller,"Relance légère, offre personnalisée, sondage satisfaction"
CLT04278,304,2,7250.4,0,À Surveiller,"Relance légère, offre personnalisée, sondage satisfaction"
CLT04279,77,5,51531.33,0,À Surveiller,"Relance légère, offre personnalisée, sondage satisfaction"
CLT04280,78,4,32201.62,0,À Surveiller,"Relance légère, offre personnalisée, sondage satisfaction"
CLT04281,358,10,61278.9,2,Champions,"Programme VIP, récompenses exclusives, vente croisée"
CLT04282,104,7,78578.742,2,Champions,"Programme VIP, récompenses exclusives, vente croisée"
CLT04283,184,4,211470.9,1,Réguliers,"Offres de fidélisation, points bonus, upselling"
CLT04284,912,4,71259.46,3,Perdus,"Campagne de réactivation, offre de retour spéciale"
CLT04285,104,6,31905.8,2,Champions,"Programme VIP, récompenses exclusives, vente croisée"
CLT04286,20,6,310434.54,1,Réguliers,"Offres de fidélisation, points bonus, upselling"
CLT04287,122,2,20582.296,0,À Surveiller,"Relance légère, offre personnalisée, sondage satisfaction"
CLT04288,328,5,100164.33,0,À Surveiller,"Relance légère, offre personnalisée, sondage satisfaction"
CLT04289,163,3,109116.13,0,À Surveiller,"Relance légère, offre personnalisée, sondage satisfaction"
CLT04290,39,6,38181.0,2,Champions,"Programme VIP, récompenses exclusives, vente croisée"
CLT04291,76,5,107684.04,2,Champions,"Programme VIP, récompenses exclusives, vente croisée"
CLT04292,166,3,33978.907,0,À Surveiller,"Relance légère, offre personnalisée, sondage satisfaction"
CLT04293,112,5,100605.84,2,Champions,"Programme VIP, récompenses exclusives, vente croisée"
CLT04294,396,5,25105.104,0,À Surveiller,"Relance légère, offre personnalisée, sondage satisfaction"
CLT04295,162,8,13902.906,2,Champions,"Programme VIP, récompenses exclusives, vente croisée"
CLT04296,289,4,9632.107,0,À Surveiller,"Relance légère, offre personnalisée, sondage satisfaction"
CLT04297,368,5,10642.936,0,À Surveiller,"Relance légère, offre personnalisée, sondage satisfaction"
CLT04298,1034,3,13608.84,3,Perdus,"Campagne de réactivation, offre de retour spéciale"
CLT04299,121,1,8117.34,0,À Surveiller,"Relance légère, offre personnalisée, sondage satisfaction"
CLT04300,1118,2,8578.56,3,Perdus,"Campagne de réactivation, offre de retour spéciale"
CLT04301,293,6,70298.4,2,Champions,"Programme VIP, récompenses exclusives, vente croisée"
CLT04302,26,6,117397.76,2,Champions,"Programme VIP, récompenses exclusives, vente croisée"
CLT04303,78,5,36885.24,0,À Surveiller,"Relance légère, offre personnalisée, sondage satisfaction"
CLT04304,191,1,44304.6,0,À Surveiller,"Relance légère, offre personnalisée, sondage satisfaction"
CLT04305,39,7,41848.001,2,Champions,"Programme VIP, récompenses exclusives, vente croisée"
CLT04306,723,2,3687.636,3,Perdus,"Campagne de réactivation, offre de retour spéciale"
CLT04307,92,8,180370.547,1,Réguliers,"Offres de fidélisation, points bonus, upselling"
CLT04308,97,12,17884.172,2,Champions,"Programme VIP, récompenses exclusives, vente croisée"
CLT04309,119,15,334224.579,1,Réguliers,"Offres de fidélisation, points bonus, upselling"
CLT04310,307,4,17322.531000000003,0,À Surveiller,"Relance légère, offre personnalisée, sondage satisfaction"
CLT04311,392,2,61918.766,3,Perdus,"Campagne de réactivation, offre de retour spéciale"
CLT04312,149,3,7120.335999999999,0,À Surveiller,"Relance légère, offre personnalisée, sondage satisfaction"
CLT04313,28,4,82326.811,0,À Surveiller,"Relance légère, offre personnalisée, sondage satisfaction"
CLT04314,231,3,21842.28,0,À Surveiller,"Relance légère, offre personnalisée, sondage satisfaction"
CLT04315,151,4,23219.698,0,À Surveiller,"Relance légère, offre personnalisée, sondage satisfaction"
CLT04316,18,7,178428.74300000002,1,Réguliers,"Offres de fidélisation, points bonus, upselling"
CLT04317,121,6,106470.45,2,Champions,"Programme VIP, récompenses exclusives, vente croisée"
CLT04318,475,2,32881.27,3,Perdus,"Campagne de réactivation, offre de retour spéciale"
CLT04319,289,4,28668.75,0,À Surveiller,"Relance légère, offre personnalisée, sondage satisfaction"
CLT04320,92,8,7485.54,2,Champions,"Programme VIP, récompenses exclusives, vente croisée"
CLT04321,191,7,125412.96,1,Réguliers,"Offres de fidélisation, points bonus, upselling"
CLT04322,292,5,17292.963,0,À Surveiller,"Relance légère, offre personnalisée, sondage satisfaction"
CLT04323,79,9,34680.274,2,Champions,"Programme VIP, récompenses exclusives, vente croisée"
CLT04324,28,8,53681.169,2,Champions,"Programme VIP, récompenses exclusives, vente croisée"
CLT04325,18,3,43200.489,0,À Surveiller,"Relance légère, offre personnalisée, sondage satisfaction"
CLT04326,75,8,308430.405,1,Réguliers,"Offres de fidélisation, points bonus, upselling"
CLT04327,398,4,19810.18,3,Perdus,"Campagne de réactivation, offre de retour spéciale"
CLT04328,274,2,31104.38,0,À Surveiller,"Relance légère, offre personnalisée, sondage satisfaction"
CLT04329,780,4,9020.671,3,Perdus,"Campagne de réactivation, offre de retour spéciale"
CLT04330,452,4,14672.7,3,Perdus,"Campagne de réactivation, offre de retour spéciale"
CLT04331,64,5,13186.602,0,À Surveiller,"Relance légère, offre personnalisée, sondage satisfaction"
CLT04332,258,2,53786.24,0,À Surveiller,"Relance légère, offre personnalisée, sondage satisfaction"
CLT04333,457,3,20881.84,3,Perdus,"Campagne de réactivation, offre de retour spéciale"
CLT04334,556,5,216040.477,1,Réguliers,"Offres de fidélisation, points bonus, upselling"
CLT04335,111,3,18048.66,0,À Surveiller,"Relance légère, offre personnalisée, sondage satisfaction"
CLT04336,949,3,5613.273999999999,3,Perdus,"Campagne de réactivation, offre de retour spéciale"
CLT04337,69,8,25281.358,2,Champions,"Programme VIP, récompenses exclusives, vente croisée"
CLT04338,962,1,21637.07,3,Perdus,"Campagne de réactivation, offre de retour spéciale"
CLT04339,217,4,25879.82,0,À Surveiller,"Relance légère, offre personnalisée, sondage satisfaction"
CLT04340,537,5,9237.162,3,Perdus,"Campagne de réactivation, offre de retour spéciale"
CLT04341,530,4,8632.26,3,Perdus,"Campagne de réactivation, offre de retour spéciale"
CLT04342,411,5,30839.934,3,Perdus,"Campagne de réactivation, offre de retour spéciale"
CLT04343,184,3,30841.16,0,À Surveiller,"Relance légère, offre personnalisée, sondage satisfaction"
CLT04344,279,4,41692.435,0,À Surveiller,"Relance légère, offre personnalisée, sondage satisfaction"
CLT04345,202,2,4958.005,0,À Surveiller,"Relance légère, offre personnalisée, sondage satisfaction"
CLT04346,182,6,30042.444,2,Champions,"Programme VIP, récompenses exclusives, vente croisée"
CLT04347,410,1,16939.666,3,Perdus,"Campagne de réactivation, offre de retour spéciale"
CLT04348,197,7,155436.72,1,Réguliers,"Offres de fidélisation, points bonus, upselling"
CLT04349,628,4,35558.561,3,Perdus,"Campagne de réactivation, offre de retour spéciale"
CLT04350,52,10,100480.918,2,Champions,"Programme VIP, récompenses exclusives, vente croisée"
CLT04352,715,3,35905.44,3,Perdus,"Campagne de réactivation, offre de retour spéciale"
CLT04353,135,3,5634.921,0,À Surveiller,"Relance légère, offre personnalisée, sondage satisfaction"
CLT04354,81,3,43141.64,0,À Surveiller,"Relance légère, offre personnalisée, sondage satisfaction"
CLT04355,331,4,20771.42,0,À Surveiller,"Relance légère, offre personnalisée, sondage satisfaction"
CLT04356,851,2,25829.96,3,Perdus,"Campagne de réactivation, offre de retour spéciale"
CLT04357,92,2,5144.34,0,À Surveiller,"Relance légère, offre personnalisée, sondage satisfaction"
CLT04358,394,5,22060.44,0,À Surveiller,"Relance légère, offre personnalisée, sondage satisfaction"
CLT04359,25,4,28301.46,0,À Surveiller,"Relance légère, offre personnalisée, sondage satisfaction"
CLT04360,84,6,58004.308000000005,2,Champions,"Programme VIP, récompenses exclusives, vente croisée"
CLT04361,113,4,68933.668,0,À Surveiller,"Relance légère, offre personnalisée, sondage satisfaction"
CLT04362,521,4,26457.993,3,Perdus,"Campagne de réactivation, offre de retour spéciale"
CLT04363,86,4,111052.6,0,À Surveiller,"Relance légère, offre personnalisée, sondage satisfaction"
CLT04364,162,9,40501.5,2,Champions,"Programme VIP, récompenses exclusives, vente croisée"
CLT04365,389,6,60528.125,2,Champions,"Programme VIP, récompenses exclusives, vente croisée"
CLT04366,201,4,29761.55,0,À Surveiller,"Relance légère, offre personnalisée, sondage satisfaction"
CLT04367,318,4,17943.84,0,À Surveiller,"Relance légère, offre personnalisée, sondage satisfaction"
CLT04368,276,4,37427.313,0,À Surveiller,"Relance légère, offre personnalisée, sondage satisfaction"
CLT04369,624,2,17253.9,3,Perdus,"Campagne de réactivation, offre de retour spéciale"
CLT04370,363,6,115444.212,2,Champions,"Programme VIP, récompenses exclusives, vente croisée"
CLT04371,173,11,197374.176,1,Réguliers,"Offres de fidélisation, points bonus, upselling"
CLT04372,766,1,10064.574,3,Perdus,"Campagne de réactivation, offre de retour spéciale"
CLT04373,98,3,14692.894,0,À Surveiller,"Relance légère, offre personnalisée, sondage satisfaction"
CLT04374,86,1,8509.02,0,À Surveiller,"Relance légère, offre personnalisée, sondage satisfaction"
CLT04375,214,10,58872.85,2,Champions,"Programme VIP, récompenses exclusives, vente croisée"
CLT04376,219,4,9936.78,0,À Surveiller,"Relance légère, offre personnalisée, sondage satisfaction"
CLT04377,733,7,166858.745,1,Réguliers,"Offres de fidélisation, points bonus, upselling"
CLT04378,29,3,64621.87,0,À Surveiller,"Relance légère, offre personnalisée, sondage satisfaction"
CLT04379,273,6,26583.617,2,Champions,"Programme VIP, récompenses exclusives, vente croisée"
CLT04380,195,4,68082.78,0,À Surveiller,"Relance légère, offre personnalisée, sondage satisfaction"
CLT04381,38,6,10716.093,2,Champions,"Programme VIP, récompenses exclusives, vente croisée"
CLT04382,38,7,11604.964,2,Champions,"Programme VIP, récompenses exclusives, vente croisée"
CLT04383,119,7,76673.299,2,Champions,"Programme VIP, récompenses exclusives, vente croisée"
CLT04384,32,7,14691.394,2,Champions,"Programme VIP, récompenses exclusives, vente croisée"
CLT04385,456,6,13224.502,3,Perdus,"Campagne de réactivation, offre de retour spéciale"
CLT04386,209,5,7869.586999999999,0,À Surveiller,"Relance légère, offre personnalisée, sondage satisfaction"
CLT04387,115,8,82496.665,2,Champions,"Programme VIP, récompenses exclusives, vente croisée"
CLT04388,144,8,421740.26,1,Réguliers,"Offres de fidélisation, points bonus, upselling"
CLT04389,184,3,16272.215,0,À Surveiller,"Relance légère, offre personnalisée, sondage satisfaction"
CLT04390,105,7,67025.12,2,Champions,"Programme VIP, récompenses exclusives, vente croisée"
CLT04391,1,10,20657.046,2,Champions,"Programme VIP, récompenses exclusives, vente croisée"
CLT04392,271,3,60060.95,0,À Surveiller,"Relance légère, offre personnalisée, sondage satisfaction"
CLT04393,80,5,31986.76,0,À Surveiller,"Relance légère, offre personnalisée, sondage satisfaction"
CLT04394,48,6,28213.925,2,Champions,"Programme VIP, récompenses exclusives, vente croisée"
CLT04395,55,9,55990.759,2,Champions,"Programme VIP, récompenses exclusives, vente croisée"
CLT04396,210,6,29147.045,2,Champions,"Programme VIP, récompenses exclusives, vente croisée"
CLT04397,146,5,34931.092,0,À Surveiller,"Relance légère, offre personnalisée, sondage satisfaction"
CLT04398,270,3,11967.569,0,À Surveiller,"Relance légère, offre personnalisée, sondage satisfaction"
CLT04399,239,3,34853.888,0,À Surveiller,"Relance légère, offre personnalisée, sondage satisfaction"
CLT04400,126,3,77665.28,0,À Surveiller,"Relance légère, offre personnalisée, sondage satisfaction"
CLT04401,293,8,61603.66,2,Champions,"Programme VIP, récompenses exclusives, vente croisée"
CLT04402,161,3,50563.877,0,À Surveiller,"Relance légère, offre personnalisée, sondage satisfaction"
CLT04403,118,5,220706.464,1,Réguliers,"Offres de fidélisation, points bonus, upselling"
CLT04404,156,8,44554.703,2,Champions,"Programme VIP, récompenses exclusives, vente croisée"
CLT04405,83,5,22224.78,0,À Surveiller,"Relance légère, offre personnalisée, sondage satisfaction"
CLT04406,41,12,34396.575,2,Champions,"Programme VIP, récompenses exclusives, vente croisée"
CLT04407,152,4,36630.0,0,À Surveiller,"Relance légère, offre personnalisée, sondage satisfaction"
CLT04408,48,5,32495.620000000003,0,À Surveiller,"Relance légère, offre personnalisée, sondage satisfaction"
CLT04409,96,2,17051.403,0,À Surveiller,"Relance légère, offre personnalisée, sondage satisfaction"
CLT04410,171,3,3095.755,0,À Surveiller,"Relance légère, offre personnalisée, sondage satisfaction"
CLT04411,19,5,12851.52,0,À Surveiller,"Relance légère, offre personnalisée, sondage satisfaction"
CLT04412,63,6,59184.287,2,Champions,"Programme VIP, récompenses exclusives, vente croisée"
CLT04413,208,4,23317.556,0,À Surveiller,"Relance légère, offre personnalisée, sondage satisfaction"
CLT04414,43,3,40107.556,0,À Surveiller,"Relance légère, offre personnalisée, sondage satisfaction"
CLT04415,146,6,129648.076,1,Réguliers,"Offres de fidélisation, points bonus, upselling"
CLT04416,68,3,11915.575,0,À Surveiller,"Relance légère, offre personnalisée, sondage satisfaction"
CLT04417,304,2,18700.99,0,À Surveiller,"Relance légère, offre personnalisée, sondage satisfaction"
CLT04418,258,4,92784.6,0,À Surveiller,"Relance légère, offre personnalisée, sondage satisfaction"
CLT04419,240,11,101338.763,2,Champions,"Programme VIP, récompenses exclusives, vente croisée"
CLT04420,136,12,198243.351,1,Réguliers,"Offres de fidélisation, points bonus, upselling"
CLT04421,250,2,36992.78,0,À Surveiller,"Relance légère, offre personnalisée, sondage satisfaction"
CLT04422,361,1,20649.78,0,À Surveiller,"Relance légère, offre personnalisée, sondage satisfaction"
CLT04423,25,6,204219.743,1,Réguliers,"Offres de fidélisation, points bonus, upselling"
CLT04424,141,3,15942.072,0,À Surveiller,"Relance légère, offre personnalisée, sondage satisfaction"
CLT04425,118,7,35107.536,2,Champions,"Programme VIP, récompenses exclusives, vente croisée"
CLT04426,114,5,19205.25,0,À Surveiller,"Relance légère, offre personnalisée, sondage satisfaction"
CLT04427,34,8,64050.2,2,Champions,"Programme VIP, récompenses exclusives, vente croisée"
CLT04428,480,8,21594.236,2,Champions,"Programme VIP, récompenses exclusives, vente croisée"
CLT04429,518,5,21614.247,3,Perdus,"Campagne de réactivation, offre de retour spéciale"
CLT04430,574,7,44858.64,3,Perdus,"Campagne de réactivation, offre de retour spéciale"
CLT04431,150,9,91293.374,2,Champions,"Programme VIP, récompenses exclusives, vente croisée"
CLT04432,47,13,74635.146,2,Champions,"Programme VIP, récompenses exclusives, vente croisée"
CLT04433,157,3,15393.564,0,À Surveiller,"Relance légère, offre personnalisée, sondage satisfaction"
CLT04434,69,6,51405.045,2,Champions,"Programme VIP, récompenses exclusives, vente croisée"
CLT04435,230,5,53118.37,0,À Surveiller,"Relance légère, offre personnalisée, sondage satisfaction"
CLT04436,17,7,126460.121,1,Réguliers,"Offres de fidélisation, points bonus, upselling"
CLT04437,311,4,68135.447,0,À Surveiller,"Relance légère, offre personnalisée, sondage satisfaction"
CLT04438,455,7,32227.796,2,Champions,"Programme VIP, récompenses exclusives, vente croisée"
CLT04439,470,7,34639.987,2,Champions,"Programme VIP, récompenses exclusives, vente croisée"
CLT04440,17,4,69964.8,0,À Surveiller,"Relance légère, offre personnalisée, sondage satisfaction"
CLT04441,80,7,40963.428,2,Champions,"Programme VIP, récompenses exclusives, vente croisée"
CLT04442,4,4,9204.0,0,À Surveiller,"Relance légère, offre personnalisée, sondage satisfaction"
CLT04443,131,5,39159.72,0,À Surveiller,"Relance légère, offre personnalisée, sondage satisfaction"
CLT04444,313,3,15428.131,0,À Surveiller,"Relance légère, offre personnalisée, sondage satisfaction"
CLT04445,178,5,6001.128000000001,0,À Surveiller,"Relance légère, offre personnalisée, sondage satisfaction"
CLT04446,410,4,10090.315,3,Perdus,"Campagne de réactivation, offre de retour spéciale"
CLT04447,508,2,42786.87,3,Perdus,"Campagne de réactivation, offre de retour spéciale"
CLT04448,219,7,40889.683000000005,2,Champions,"Programme VIP, récompenses exclusives, vente croisée"
CLT04449,350,7,32748.551,2,Champions,"Programme VIP, récompenses exclusives, vente croisée"
CLT04450,39,2,9580.48,0,À Surveiller,"Relance légère, offre personnalisée, sondage satisfaction"
CLT04451,75,6,26127.562,2,Champions,"Programme VIP, récompenses exclusives, vente croisée"
CLT04452,556,4,31343.105,3,Perdus,"Campagne de réactivation, offre de retour spéciale"
CLT04453,100,6,54356.292,2,Champions,"Programme VIP, récompenses exclusives, vente croisée"
CLT04454,102,9,33844.251000000004,2,Champions,"Programme VIP, récompenses exclusives, vente croisée"
CLT04455,769,3,17939.03,3,Perdus,"Campagne de réactivation, offre de retour spéciale"
CLT04456,710,3,23744.28,3,Perdus,"Campagne de réactivation, offre de retour spéciale"
CLT04457,133,8,25103.778,2,Champions,"Programme VIP, récompenses exclusives, vente croisée"
CLT04458,565,5,20357.418,3,Perdus,"Campagne de réactivation, offre de retour spéciale"
CLT04459,273,4,10422.518,0,À Surveiller,"Relance légère, offre personnalisée, sondage satisfaction"
CLT04460,279,4,17476.004,0,À Surveiller,"Relance légère, offre personnalisée, sondage satisfaction"
CLT04461,105,8,34550.238,2,Champions,"Programme VIP, récompenses exclusives, vente croisée"
CLT04462,28,1,49875.0,0,À Surveiller,"Relance légère, offre personnalisée, sondage satisfaction"
CLT04463,213,5,7250.519,0,À Surveiller,"Relance légère, offre personnalisée, sondage satisfaction"
CLT04464,20,7,159659.52,1,Réguliers,"Offres de fidélisation, points bonus, upselling"
CLT04465,100,11,116440.64,2,Champions,"Programme VIP, récompenses exclusives, vente croisée"
CLT04466,622,7,175273.283,1,Réguliers,"Offres de fidélisation, points bonus, upselling"
CLT04467,144,5,106384.162,2,Champions,"Programme VIP, récompenses exclusives, vente croisée"
CLT04468,401,4,22985.256,3,Perdus,"Campagne de réactivation, offre de retour spéciale"
CLT04469,473,3,34554.09,3,Perdus,"Campagne de réactivation, offre de retour spéciale"
CLT04470,375,4,22335.706,0,À Surveiller,"Relance légère, offre personnalisée, sondage satisfaction"
CLT04471,402,3,109610.882,3,Perdus,"Campagne de réactivation, offre de retour spéciale"
CLT04472,213,8,75588.669,2,Champions,"Programme VIP, récompenses exclusives, vente croisée"
CLT04473,112,6,82711.289,2,Champions,"Programme VIP, récompenses exclusives, vente croisée"
CLT04474,305,3,13573.94,0,À Surveiller,"Relance légère, offre personnalisée, sondage satisfaction"
CLT04475,30,3,44949.94,0,À Surveiller,"Relance légère, offre personnalisée, sondage satisfaction"
CLT04476,2,3,24743.865,0,À Surveiller,"Relance légère, offre personnalisée, sondage satisfaction"
CLT04477,1087,2,10796.2,3,Perdus,"Campagne de réactivation, offre de retour spéciale"
CLT04478,155,3,51872.79,0,À Surveiller,"Relance légère, offre personnalisée, sondage satisfaction"
CLT04479,27,3,65587.662,0,À Surveiller,"Relance légère, offre personnalisée, sondage satisfaction"
CLT04480,763,2,3515.75,3,Perdus,"Campagne de réactivation, offre de retour spéciale"
CLT04481,607,2,21172.38,3,Perdus,"Campagne de réactivation, offre de retour spéciale"
CLT04482,631,2,24230.7,3,Perdus,"Campagne de réactivation, offre de retour spéciale"
CLT04483,108,5,21047.64,0,À Surveiller,"Relance légère, offre personnalisée, sondage satisfaction"
CLT04484,87,6,73987.994,2,Champions,"Programme VIP, récompenses exclusives, vente croisée"
CLT04485,195,4,25255.044,0,À Surveiller,"Relance légère, offre personnalisée, sondage satisfaction"
CLT04486,230,6,70468.78,2,Champions,"Programme VIP, récompenses exclusives, vente croisée"
CLT04487,20,8,72160.032,2,Champions,"Programme VIP, récompenses exclusives, vente croisée"
CLT04488,216,5,51481.134,0,À Surveiller,"Relance légère, offre personnalisée, sondage satisfaction"
CLT04489,375,6,11090.083,2,Champions,"Programme VIP, récompenses exclusives, vente croisée"
CLT04490,470,4,19349.581,3,Perdus,"Campagne de réactivation, offre de retour spéciale"
CLT04491,95,3,31569.84,0,À Surveiller,"Relance légère, offre personnalisée, sondage satisfaction"
CLT04492,64,6,227790.609,1,Réguliers,"Offres de fidélisation, points bonus, upselling"
CLT04493,175,6,11725.375,2,Champions,"Programme VIP, récompenses exclusives, vente croisée"
CLT04494,268,7,65619.112,2,Champions,"Programme VIP, récompenses exclusives, vente croisée"
CLT04495,584,2,10910.07,3,Perdus,"Campagne de réactivation, offre de retour spéciale"
CLT04496,104,2,17020.392,0,À Surveiller,"Relance légère, offre personnalisée, sondage satisfaction"
CLT04497,252,5,8665.02,0,À Surveiller,"Relance légère, offre personnalisée, sondage satisfaction"
CLT04498,93,5,102360.991,2,Champions,"Programme VIP, récompenses exclusives, vente croisée"
CLT04499,898,3,3754.263,3,Perdus,"Campagne de réactivation, offre de retour spéciale"
CLT04500,395,2,39836.194,3,Perdus,"Campagne de réactivation, offre de retour spéciale"
CLT04501,273,10,255724.38,1,Réguliers,"Offres de fidélisation, points bonus, upselling"
CLT04502,71,7,105004.24,2,Champions,"Programme VIP, récompenses exclusives, vente croisée"
CLT04503,142,9,19956.41,2,Champions,"Programme VIP, récompenses exclusives, vente croisée"
CLT04504,96,4,7413.556,0,À Surveiller,"Relance légère, offre personnalisée, sondage satisfaction"
CLT04505,643,3,3291.29,3,Perdus,"Campagne de réactivation, offre de retour spéciale"
CLT04506,829,1,1709.96,3,Perdus,"Campagne de réactivation, offre de retour spéciale"
CLT04507,214,7,50372.074,2,Champions,"Programme VIP, récompenses exclusives, vente croisée"
CLT04508,242,6,16337.57,2,Champions,"Programme VIP, récompenses exclusives, vente croisée"
CLT04509,139,6,9587.402,2,Champions,"Programme VIP, récompenses exclusives, vente croisée"
CLT04510,82,4,19288.112,0,À Surveiller,"Relance légère, offre personnalisée, sondage satisfaction"
CLT04511,53,5,99546.9,2,Champions,"Programme VIP, récompenses exclusives, vente croisée"
CLT04512,132,6,11770.992,2,Champions,"Programme VIP, récompenses exclusives, vente croisée"
CLT04513,130,8,60848.012,2,Champions,"Programme VIP, récompenses exclusives, vente croisée"
CLT04514,16,4,71406.582,0,À Surveiller,"Relance légère, offre personnalisée, sondage satisfaction"
CLT04515,787,1,4522.56,3,Perdus,"Campagne de réactivation, offre de retour spéciale"
CLT04516,47,7,75747.3,2,Champions,"Programme VIP, récompenses exclusives, vente croisée"
CLT04517,190,2,40171.14,0,À Surveiller,"Relance légère, offre personnalisée, sondage satisfaction"
CLT04518,228,10,29533.148,2,Champions,"Programme VIP, récompenses exclusives, vente croisée"
CLT04519,104,5,23065.452,0,À Surveiller,"Relance légère, offre personnalisée, sondage satisfaction"
CLT04520,15,6,33860.39,2,Champions,"Programme VIP, récompenses exclusives, vente croisée"
CLT04521,65,7,37833.902,2,Champions,"Programme VIP, récompenses exclusives, vente croisée"
CLT04522,61,2,16597.98,0,À Surveiller,"Relance légère, offre personnalisée, sondage satisfaction"
CLT04523,192,9,80521.8,2,Champions,"Programme VIP, récompenses exclusives, vente croisée"
CLT04524,544,2,6638.16,3,Perdus,"Campagne de réactivation, offre de retour spéciale"
CLT04525,23,9,31091.599,2,Champions,"Programme VIP, récompenses exclusives, vente croisée"
CLT04526,60,4,10829.78,0,À Surveiller,"Relance légère, offre personnalisée, sondage satisfaction"
CLT04527,406,5,124541.28,1,Réguliers,"Offres de fidélisation, points bonus, upselling"
CLT04528,34,10,66492.441,2,Champions,"Programme VIP, récompenses exclusives, vente croisée"
CLT04529,294,13,76727.405,2,Champions,"Programme VIP, récompenses exclusives, vente croisée"
CLT04530,39,4,5440.25,0,À Surveiller,"Relance légère, offre personnalisée, sondage satisfaction"
CLT04531,579,5,9301.039,3,Perdus,"Campagne de réactivation, offre de retour spéciale"
CLT04532,521,7,24020.739,3,Perdus,"Campagne de réactivation, offre de retour spéciale"
CLT04533,103,14,144863.838,1,Réguliers,"Offres de fidélisation, points bonus, upselling"
CLT04534,520,7,37126.842,3,Perdus,"Campagne de réactivation, offre de retour spéciale"
CLT04535,267,7,73905.20999999999,2,Champions,"Programme VIP, récompenses exclusives, vente croisée"
CLT04536,273,3,50720.194,0,À Surveiller,"Relance légère, offre personnalisée, sondage satisfaction"
CLT04537,225,7,35376.002,2,Champions,"Programme VIP, récompenses exclusives, vente croisée"
CLT04538,275,5,11957.344,0,À Surveiller,"Relance légère, offre personnalisée, sondage satisfaction"
CLT04539,125,6,261604.066,1,Réguliers,"Offres de fidélisation, points bonus, upselling"
CLT04540,545,1,8564.45,3,Perdus,"Campagne de réactivation, offre de retour spéciale"
CLT04541,5,6,35333.1,2,Champions,"Programme VIP, récompenses exclusives, vente croisée"
CLT04542,64,5,29581.42,0,À Surveiller,"Relance légère, offre personnalisée, sondage satisfaction"
CLT04543,614,4,90642.359,3,Perdus,"Campagne de réactivation, offre de retour spéciale"
CLT04544,266,8,79713.217,2,Champions,"Programme VIP, récompenses exclusives, vente croisée"
CLT04545,86,3,9934.34,0,À Surveiller,"Relance légère, offre personnalisée, sondage satisfaction"
CLT04546,632,2,22040.49,3,Perdus,"Campagne de réactivation, offre de retour spéciale"
CLT04547,2,4,19825.858,0,À Surveiller,"Relance légère, offre personnalisée, sondage satisfaction"
CLT04548,375,8,86160.488,2,Champions,"Programme VIP, récompenses exclusives, vente croisée"
CLT04549,488,5,17862.31,3,Perdus,"Campagne de réactivation, offre de retour spéciale"
CLT04550,445,7,109726.43,2,Champions,"Programme VIP, récompenses exclusives, vente croisée"
CLT04551,717,2,5777.52,3,Perdus,"Campagne de réactivation, offre de retour spéciale"
CLT04552,36,3,26792.85,0,À Surveiller,"Relance légère, offre personnalisée, sondage satisfaction"
CLT04553,154,6,267817.95,1,Réguliers,"Offres de fidélisation, points bonus, upselling"
CLT04554,58,2,28673.76,0,À Surveiller,"Relance légère, offre personnalisée, sondage satisfaction"
CLT04555,36,3,9709.19,0,À Surveiller,"Relance légère, offre personnalisée, sondage satisfaction"
CLT04556,305,5,27916.08,0,À Surveiller,"Relance légère, offre personnalisée, sondage satisfaction"
CLT04557,51,4,47205.72,0,À Surveiller,"Relance légère, offre personnalisée, sondage satisfaction"
CLT04558,19,10,168575.229,1,Réguliers,"Offres de fidélisation, points bonus, upselling"
CLT04559,90,5,65040.18,0,À Surveiller,"Relance légère, offre personnalisée, sondage satisfaction"
CLT04560,24,5,37091.648,0,À Surveiller,"Relance légère, offre personnalisée, sondage satisfaction"
CLT04561,64,4,34814.516,0,À Surveiller,"Relance légère, offre personnalisée, sondage satisfaction"
CLT04562,351,2,13245.515,0,À Surveiller,"Relance légère, offre personnalisée, sondage satisfaction"
CLT04563,28,6,35674.436,2,Champions,"Programme VIP, récompenses exclusives, vente croisée"
CLT04564,599,6,58550.912,3,Perdus,"Campagne de réactivation, offre de retour spéciale"
CLT04565,351,3,10175.363,0,À Surveiller,"Relance légère, offre personnalisée, sondage satisfaction"
CLT04566,270,2,6958.206,0,À Surveiller,"Relance légère, offre personnalisée, sondage satisfaction"
CLT04567,423,4,5477.12,3,Perdus,"Campagne de réactivation, offre de retour spéciale"
CLT04568,108,5,22074.557,0,À Surveiller,"Relance légère, offre personnalisée, sondage satisfaction"
CLT04569,331,3,27594.24,0,À Surveiller,"Relance légère, offre personnalisée, sondage satisfaction"
CLT04570,165,7,22284.11,2,Champions,"Programme VIP, récompenses exclusives, vente croisée"
CLT04571,77,5,25560.341,0,À Surveiller,"Relance légère, offre personnalisée, sondage satisfaction"
CLT04572,719,7,122729.052,3,Perdus,"Campagne de réactivation, offre de retour spéciale"
CLT04573,56,7,174381.533,1,Réguliers,"Offres de fidélisation, points bonus, upselling"
CLT04574,1036,1,5632.48,3,Perdus,"Campagne de réactivation, offre de retour spéciale"
CLT04575,602,3,10948.0,3,Perdus,"Campagne de réactivation, offre de retour spéciale"
CLT04576,53,3,36250.145,0,À Surveiller,"Relance légère, offre personnalisée, sondage satisfaction"
CLT04577,507,4,7839.28,3,Perdus,"Campagne de réactivation, offre de retour spéciale"
CLT04578,63,7,166965.582,1,Réguliers,"Offres de fidélisation, points bonus, upselling"
CLT04579,116,6,27777.586,2,Champions,"Programme VIP, récompenses exclusives, vente croisée"
CLT04580,268,5,123567.84,1,Réguliers,"Offres de fidélisation, points bonus, upselling"
CLT04581,432,3,30242.5,3,Perdus,"Campagne de réactivation, offre de retour spéciale"
CLT04583,71,9,75139.33,2,Champions,"Programme VIP, récompenses exclusives, vente croisée"
CLT04584,194,5,21121.047,0,À Surveiller,"Relance légère, offre personnalisée, sondage satisfaction"
CLT04585,114,3,132782.24,0,À Surveiller,"Relance légère, offre personnalisée, sondage satisfaction"
CLT04587,16,6,31271.88,2,Champions,"Programme VIP, récompenses exclusives, vente croisée"
CLT04588,76,3,11914.5,0,À Surveiller,"Relance légère, offre personnalisée, sondage satisfaction"
CLT04589,437,4,4962.3,3,Perdus,"Campagne de réactivation, offre de retour spéciale"
CLT04590,159,1,8673.14,0,À Surveiller,"Relance légère, offre personnalisée, sondage satisfaction"
CLT04591,186,5,24193.353000000003,0,À Surveiller,"Relance légère, offre personnalisée, sondage satisfaction"
CLT04592,79,3,11161.839,0,À Surveiller,"Relance légère, offre personnalisée, sondage satisfaction"
CLT04593,267,7,31509.532,2,Champions,"Programme VIP, récompenses exclusives, vente croisée"
CLT04594,349,5,156681.802,1,Réguliers,"Offres de fidélisation, points bonus, upselling"
CLT04595,501,4,6248.853,3,Perdus,"Campagne de réactivation, offre de retour spéciale"
CLT04596,361,5,23167.001,0,À Surveiller,"Relance légère, offre personnalisée, sondage satisfaction"
CLT04597,533,4,75802.5,3,Perdus,"Campagne de réactivation, offre de retour spéciale"
CLT04598,9,7,86286.527,2,Champions,"Programme VIP, récompenses exclusives, vente croisée"
CLT04599,1091,2,3519.75,3,Perdus,"Campagne de réactivation, offre de retour spéciale"
CLT04600,48,3,58875.804,0,À Surveiller,"Relance légère, offre personnalisée, sondage satisfaction"
CLT04601,679,2,14564.4,3,Perdus,"Campagne de réactivation, offre de retour spéciale"
CLT04602,657,1,7948.71,3,Perdus,"Campagne de réactivation, offre de retour spéciale"
CLT04603,505,5,25488.308,3,Perdus,"Campagne de réactivation, offre de retour spéciale"
CLT04604,453,5,17726.278,3,Perdus,"Campagne de réactivation, offre de retour spéciale"
CLT04606,36,7,31373.004,2,Champions,"Programme VIP, récompenses exclusives, vente croisée"
CLT04607,227,5,25953.169,0,À Surveiller,"Relance légère, offre personnalisée, sondage satisfaction"
CLT04608,97,5,6748.694,0,À Surveiller,"Relance légère, offre personnalisée, sondage satisfaction"
CLT04609,103,3,15196.16,0,À Surveiller,"Relance légère, offre personnalisée, sondage satisfaction"
CLT04610,637,5,43958.168000000005,3,Perdus,"Campagne de réactivation, offre de retour spéciale"
CLT04611,371,5,168433.78,1,Réguliers,"Offres de fidélisation, points bonus, upselling"
CLT04612,185,5,12323.259,0,À Surveiller,"Relance légère, offre personnalisée, sondage satisfaction"
CLT04613,49,2,7061.412,0,À Surveiller,"Relance légère, offre personnalisée, sondage satisfaction"
CLT04614,386,3,6985.793,0,À Surveiller,"Relance légère, offre personnalisée, sondage satisfaction"
CLT04615,145,8,61883.723,2,Champions,"Programme VIP, récompenses exclusives, vente croisée"
CLT04616,122,5,30410.09,0,À Surveiller,"Relance légère, offre personnalisée, sondage satisfaction"
CLT04617,125,13,12889.214,2,Champions,"Programme VIP, récompenses exclusives, vente croisée"
CLT04618,7,5,5207.04,0,À Surveiller,"Relance légère, offre personnalisée, sondage satisfaction"
CLT04619,109,9,71232.371,2,Champions,"Programme VIP, récompenses exclusives, vente croisée"
CLT04620,148,3,9011.272,0,À Surveiller,"Relance légère, offre personnalisée, sondage satisfaction"
CLT04621,924,3,82603.03,3,Perdus,"Campagne de réactivation, offre de retour spéciale"
CLT04622,71,4,7524.0,0,À Surveiller,"Relance légère, offre personnalisée, sondage satisfaction"
CLT04623,533,3,11530.87,3,Perdus,"Campagne de réactivation, offre de retour spéciale"
CLT04624,568,6,49273.8,3,Perdus,"Campagne de réactivation, offre de retour spéciale"
CLT04625,221,5,19387.97,0,À Surveiller,"Relance légère, offre personnalisée, sondage satisfaction"
CLT04626,403,6,61989.658,2,Champions,"Programme VIP, récompenses exclusives, vente croisée"
CLT04627,41,3,15762.16,0,À Surveiller,"Relance légère, offre personnalisée, sondage satisfaction"
CLT04628,25,3,18450.922,0,À Surveiller,"Relance légère, offre personnalisée, sondage satisfaction"
CLT04629,133,10,21045.087,2,Champions,"Programme VIP, récompenses exclusives, vente croisée"
CLT04630,64,4,11352.6,0,À Surveiller,"Relance légère, offre personnalisée, sondage satisfaction"
CLT04631,387,2,39313.89,3,Perdus,"Campagne de réactivation, offre de retour spéciale"
CLT04632,333,4,22001.025,0,À Surveiller,"Relance légère, offre personnalisée, sondage satisfaction"
CLT04633,6,5,5637.885,0,À Surveiller,"Relance légère, offre personnalisée, sondage satisfaction"
CLT04634,39,6,23508.697,2,Champions,"Programme VIP, récompenses exclusives, vente croisée"
CLT04635,268,3,29039.976,0,À Surveiller,"Relance légère, offre personnalisée, sondage satisfaction"
CLT04636,61,4,12455.624,0,À Surveiller,"Relance légère, offre personnalisée, sondage satisfaction"
CLT04637,148,3,49838.8,0,À Surveiller,"Relance légère, offre personnalisée, sondage satisfaction"
CLT04638,63,6,177463.69,1,Réguliers,"Offres de fidélisation, points bonus, upselling"
CLT04639,66,10,426057.729,1,Réguliers,"Offres de fidélisation, points bonus, upselling"
CLT04640,97,1,9423.49,0,À Surveiller,"Relance légère, offre personnalisée, sondage satisfaction"
CLT04641,143,5,13822.142,0,À Surveiller,"Relance légère, offre personnalisée, sondage satisfaction"
CLT04642,257,4,27256.8,0,À Surveiller,"Relance légère, offre personnalisée, sondage satisfaction"
CLT04643,251,7,36046.131,2,Champions,"Programme VIP, récompenses exclusives, vente croisée"
CLT04644,184,5,43845.34,0,À Surveiller,"Relance légère, offre personnalisée, sondage satisfaction"
CLT04645,510,4,37499.457,3,Perdus,"Campagne de réactivation, offre de retour spéciale"
CLT04646,52,4,43177.057,0,À Surveiller,"Relance légère, offre personnalisée, sondage satisfaction"
CLT04647,207,6,78849.12,2,Champions,"Programme VIP, récompenses exclusives, vente croisée"
CLT04648,68,7,47267.197,2,Champions,"Programme VIP, récompenses exclusives, vente croisée"
CLT04649,116,6,118200.0,2,Champions,"Programme VIP, récompenses exclusives, vente croisée"
CLT04651,1006,1,13416.8,3,Perdus,"Campagne de réactivation, offre de retour spéciale"
CLT04652,382,4,23498.91,0,À Surveiller,"Relance légère, offre personnalisée, sondage satisfaction"
CLT04653,2,3,25330.800000000003,0,À Surveiller,"Relance légère, offre personnalisée, sondage satisfaction"
CLT04654,296,1,10193.54,0,À Surveiller,"Relance légère, offre personnalisée, sondage satisfaction"
CLT04655,286,2,7728.3,0,À Surveiller,"Relance légère, offre personnalisée, sondage satisfaction"
CLT04656,517,1,2174.357,3,Perdus,"Campagne de réactivation, offre de retour spéciale"
CLT04657,261,1,8736.0,0,À Surveiller,"Relance légère, offre personnalisée, sondage satisfaction"
CLT04658,88,5,117786.24,2,Champions,"Programme VIP, récompenses exclusives, vente croisée"
CLT04659,119,4,84239.844,0,À Surveiller,"Relance légère, offre personnalisée, sondage satisfaction"
CLT04660,341,6,20939.04,2,Champions,"Programme VIP, récompenses exclusives, vente croisée"
CLT04661,507,7,101309.0,2,Champions,"Programme VIP, récompenses exclusives, vente croisée"
CLT04662,162,6,13677.3,2,Champions,"Programme VIP, récompenses exclusives, vente croisée"
CLT04663,135,6,23880.15,2,Champions,"Programme VIP, récompenses exclusives, vente croisée"
CLT04664,28,2,43698.100000000006,0,À Surveiller,"Relance légère, offre personnalisée, sondage satisfaction"
CLT04665,28,7,10938.676,2,Champions,"Programme VIP, récompenses exclusives, vente croisée"
CLT04666,139,4,8729.0,0,À Surveiller,"Relance légère, offre personnalisée, sondage satisfaction"
CLT04667,22,2,4587.81,0,À Surveiller,"Relance légère, offre personnalisée, sondage satisfaction"
CLT04668,181,4,14299.623,0,À Surveiller,"Relance légère, offre personnalisée, sondage satisfaction"
CLT04669,223,4,44248.976,0,À Surveiller,"Relance légère, offre personnalisée, sondage satisfaction"
CLT04670,149,5,14296.24,0,À Surveiller,"Relance légère, offre personnalisée, sondage satisfaction"
CLT04671,295,2,22532.4,0,À Surveiller,"Relance légère, offre personnalisée, sondage satisfaction"
CLT04672,294,4,57292.095,0,À Surveiller,"Relance légère, offre personnalisée, sondage satisfaction"
CLT04673,5,9,45621.687,2,Champions,"Programme VIP, récompenses exclusives, vente croisée"
CLT04674,269,5,83594.09999999999,0,À Surveiller,"Relance légère, offre personnalisée, sondage satisfaction"
CLT04675,463,3,15513.6,3,Perdus,"Campagne de réactivation, offre de retour spéciale"
CLT04676,9,5,28598.62,0,À Surveiller,"Relance légère, offre personnalisée, sondage satisfaction"
CLT04677,91,8,56263.588,2,Champions,"Programme VIP, récompenses exclusives, vente croisée"
CLT04678,220,6,100852.615,2,Champions,"Programme VIP, récompenses exclusives, vente croisée"
CLT04679,77,3,30896.976,0,À Surveiller,"Relance légère, offre personnalisée, sondage satisfaction"
CLT04680,429,4,110356.56,3,Perdus,"Campagne de réactivation, offre de retour spéciale"
CLT04681,584,3,16555.65,3,Perdus,"Campagne de réactivation, offre de retour spéciale"
CLT04682,160,5,26310.6,0,À Surveiller,"Relance légère, offre personnalisée, sondage satisfaction"
CLT04683,99,8,9034.924,2,Champions,"Programme VIP, récompenses exclusives, vente croisée"
CLT04684,28,8,16931.048,2,Champions,"Programme VIP, récompenses exclusives, vente croisée"
CLT04685,239,3,5139.918,0,À Surveiller,"Relance légère, offre personnalisée, sondage satisfaction"
CLT04686,103,5,21857.44,0,À Surveiller,"Relance légère, offre personnalisée, sondage satisfaction"
CLT04687,236,9,35018.273,2,Champions,"Programme VIP, récompenses exclusives, vente croisée"
CLT04688,400,1,9180.16,3,Perdus,"Campagne de réactivation, offre de retour spéciale"
CLT04689,490,5,50517.662,3,Perdus,"Campagne de réactivation, offre de retour spéciale"
CLT04690,343,4,36963.236,0,À Surveiller,"Relance légère, offre personnalisée, sondage satisfaction"
CLT04691,127,8,26777.296,2,Champions,"Programme VIP, récompenses exclusives, vente croisée"
CLT04692,177,5,18498.996,0,À Surveiller,"Relance légère, offre personnalisée, sondage satisfaction"
CLT04693,499,2,37599.62,3,Perdus,"Campagne de réactivation, offre de retour spéciale"
CLT04694,121,5,75651.24,0,À Surveiller,"Relance légère, offre personnalisée, sondage satisfaction"
CLT04695,169,9,21517.819,2,Champions,"Programme VIP, récompenses exclusives, vente croisée"
CLT04696,329,6,23352.99,2,Champions,"Programme VIP, récompenses exclusives, vente croisée"
CLT04697,638,1,28124.07,3,Perdus,"Campagne de réactivation, offre de retour spéciale"
CLT04698,84,7,102441.34,2,Champions,"Programme VIP, récompenses exclusives, vente croisée"
CLT04699,66,4,13386.33,0,À Surveiller,"Relance légère, offre personnalisée, sondage satisfaction"
CLT04700,1036,1,4371.4,3,Perdus,"Campagne de réactivation, offre de retour spéciale"
CLT04701,378,2,18894.48,0,À Surveiller,"Relance légère, offre personnalisée, sondage satisfaction"
CLT04702,90,3,23872.8,0,À Surveiller,"Relance légère, offre personnalisée, sondage satisfaction"
CLT04703,165,2,23312.37,0,À Surveiller,"Relance légère, offre personnalisée, sondage satisfaction"
CLT04704,12,7,181696.96,1,Réguliers,"Offres de fidélisation, points bonus, upselling"
CLT04705,24,6,26748.69,2,Champions,"Programme VIP, récompenses exclusives, vente croisée"
CLT04706,127,6,158676.49,1,Réguliers,"Offres de fidélisation, points bonus, upselling"
CLT04707,101,5,84562.789,0,À Surveiller,"Relance légère, offre personnalisée, sondage satisfaction"
CLT04708,656,1,23811.56,3,Perdus,"Campagne de réactivation, offre de retour spéciale"
CLT04709,18,7,178261.808,1,Réguliers,"Offres de fidélisation, points bonus, upselling"
CLT04710,162,7,121952.7,2,Champions,"Programme VIP, récompenses exclusives, vente croisée"
CLT04711,432,8,43447.189,2,Champions,"Programme VIP, récompenses exclusives, vente croisée"
CLT04712,1027,3,17829.6,3,Perdus,"Campagne de réactivation, offre de retour spéciale"
CLT04713,116,10,198410.522,1,Réguliers,"Offres de fidélisation, points bonus, upselling"
CLT04714,348,4,26028.96,0,À Surveiller,"Relance légère, offre personnalisée, sondage satisfaction"
CLT04715,15,11,126620.053,2,Champions,"Programme VIP, récompenses exclusives, vente croisée"
CLT04716,93,6,36358.28,2,Champions,"Programme VIP, récompenses exclusives, vente croisée"
CLT04717,61,5,125912.6,1,Réguliers,"Offres de fidélisation, points bonus, upselling"
CLT04718,82,5,51413.848,0,À Surveiller,"Relance légère, offre personnalisée, sondage satisfaction"
CLT04719,640,3,99810.23,3,Perdus,"Campagne de réactivation, offre de retour spéciale"
CLT04720,1253,1,12673.752,3,Perdus,"Campagne de réactivation, offre de retour spéciale"
CLT04721,270,2,5995.73,0,À Surveiller,"Relance légère, offre personnalisée, sondage satisfaction"
CLT04722,674,8,75356.768,3,Perdus,"Campagne de réactivation, offre de retour spéciale"
CLT04723,250,5,21611.2,0,À Surveiller,"Relance légère, offre personnalisée, sondage satisfaction"
CLT04724,905,1,5969.7,3,Perdus,"Campagne de réactivation, offre de retour spéciale"
CLT04725,73,5,13193.04,0,À Surveiller,"Relance légère, offre personnalisée, sondage satisfaction"
CLT04726,220,3,5792.82,0,À Surveiller,"Relance légère, offre personnalisée, sondage satisfaction"
CLT04727,101,6,14321.58,2,Champions,"Programme VIP, récompenses exclusives, vente croisée"
CLT04728,183,4,23898.837,0,À Surveiller,"Relance légère, offre personnalisée, sondage satisfaction"
CLT04729,243,6,146344.514,1,Réguliers,"Offres de fidélisation, points bonus, upselling"
CLT04730,273,3,15407.099,0,À Surveiller,"Relance légère, offre personnalisée, sondage satisfaction"
CLT04731,289,4,9089.568,0,À Surveiller,"Relance légère, offre personnalisée, sondage satisfaction"
CLT04732,14,8,23709.495,2,Champions,"Programme VIP, récompenses exclusives, vente croisée"
CLT04733,31,7,41529.811,2,Champions,"Programme VIP, récompenses exclusives, vente croisée"
CLT04734,16,8,38529.104,2,Champions,"Programme VIP, récompenses exclusives, vente croisée"
CLT04735,244,9,43766.323,2,Champions,"Programme VIP, récompenses exclusives, vente croisée"
CLT04736,74,10,45407.664,2,Champions,"Programme VIP, récompenses exclusives, vente croisée"
CLT04737,51,4,14760.296,0,À Surveiller,"Relance légère, offre personnalisée, sondage satisfaction"
CLT04738,78,9,84269.711,2,Champions,"Programme VIP, récompenses exclusives, vente croisée"
CLT04739,384,6,35715.133,2,Champions,"Programme VIP, récompenses exclusives, vente croisée"
CLT04740,94,10,44705.044,2,Champions,"Programme VIP, récompenses exclusives, vente croisée"
CLT04741,114,9,170075.264,1,Réguliers,"Offres de fidélisation, points bonus, upselling"
CLT04742,184,6,32485.776,2,Champions,"Programme VIP, récompenses exclusives, vente croisée"
CLT04743,943,2,48863.584,3,Perdus,"Campagne de réactivation, offre de retour spéciale"
CLT04744,181,2,36746.82,0,À Surveiller,"Relance légère, offre personnalisée, sondage satisfaction"
CLT04745,88,5,40341.66,0,À Surveiller,"Relance légère, offre personnalisée, sondage satisfaction"
CLT04746,181,2,10589.536,0,À Surveiller,"Relance légère, offre personnalisée, sondage satisfaction"
CLT04748,566,3,11852.91,3,Perdus,"Campagne de réactivation, offre de retour spéciale"
CLT04749,276,6,30663.392,2,Champions,"Programme VIP, récompenses exclusives, vente croisée"
CLT04750,134,8,21746.39,2,Champions,"Programme VIP, récompenses exclusives, vente croisée"
CLT04751,30,8,220896.72,1,Réguliers,"Offres de fidélisation, points bonus, upselling"
CLT04752,102,3,2494.7,0,À Surveiller,"Relance légère, offre personnalisée, sondage satisfaction"
CLT04753,388,4,41931.144,0,À Surveiller,"Relance légère, offre personnalisée, sondage satisfaction"
CLT04754,424,7,72301.14,2,Champions,"Programme VIP, récompenses exclusives, vente croisée"
CLT04755,98,6,11886.72,2,Champions,"Programme VIP, récompenses exclusives, vente croisée"
CLT04756,76,3,4399.82,0,À Surveiller,"Relance légère, offre personnalisée, sondage satisfaction"
CLT04757,236,4,10088.44,0,À Surveiller,"Relance légère, offre personnalisée, sondage satisfaction"
CLT04758,120,3,18215.14,0,À Surveiller,"Relance légère, offre personnalisée, sondage satisfaction"
CLT04759,24,7,24991.67,2,Champions,"Programme VIP, récompenses exclusives, vente croisée"
CLT04760,157,2,20083.17,0,À Surveiller,"Relance légère, offre personnalisée, sondage satisfaction"
CLT04761,197,4,188268.0,1,Réguliers,"Offres de fidélisation, points bonus, upselling"
CLT04762,4,5,6776.856,0,À Surveiller,"Relance légère, offre personnalisée, sondage satisfaction"
CLT04763,117,4,55273.09,0,À Surveiller,"Relance légère, offre personnalisée, sondage satisfaction"
CLT04764,644,3,30738.561,3,Perdus,"Campagne de réactivation, offre de retour spéciale"
CLT04765,122,6,10525.6,2,Champions,"Programme VIP, récompenses exclusives, vente croisée"
CLT04766,347,3,10201.61,0,À Surveiller,"Relance légère, offre personnalisée, sondage satisfaction"
CLT04767,88,5,116490.098,2,Champions,"Programme VIP, récompenses exclusives, vente croisée"
CLT04768,329,4,15449.527,0,À Surveiller,"Relance légère, offre personnalisée, sondage satisfaction"
CLT04769,35,8,18812.145,2,Champions,"Programme VIP, récompenses exclusives, vente croisée"
CLT04770,23,3,13753.872,0,À Surveiller,"Relance légère, offre personnalisée, sondage satisfaction"
CLT04771,134,6,31131.505,2,Champions,"Programme VIP, récompenses exclusives, vente croisée"
CLT04772,225,8,27912.135,2,Champions,"Programme VIP, récompenses exclusives, vente croisée"
CLT04773,89,7,26790.612,2,Champions,"Programme VIP, récompenses exclusives, vente croisée"
CLT04774,245,5,153752.03999999998,1,Réguliers,"Offres de fidélisation, points bonus, upselling"
CLT04775,38,6,50607.898,2,Champions,"Programme VIP, récompenses exclusives, vente croisée"
CLT04776,117,3,60669.4,0,À Surveiller,"Relance légère, offre personnalisée, sondage satisfaction"
CLT04777,382,2,8217.581,3,Perdus,"Campagne de réactivation, offre de retour spéciale"
CLT04778,95,5,21199.92,0,À Surveiller,"Relance légère, offre personnalisée, sondage satisfaction"
CLT04779,336,8,72352.8,2,Champions,"Programme VIP, récompenses exclusives, vente croisée"
CLT04780,436,4,47098.5,3,Perdus,"Campagne de réactivation, offre de retour spéciale"
CLT04781,544,3,18641.501,3,Perdus,"Campagne de réactivation, offre de retour spéciale"
CLT04783,32,8,51747.321,2,Champions,"Programme VIP, récompenses exclusives, vente croisée"
CLT04784,1110,3,4036.485,3,Perdus,"Campagne de réactivation, offre de retour spéciale"
CLT04785,130,8,150675.274,1,Réguliers,"Offres de fidélisation, points bonus, upselling"
CLT04786,148,5,41100.77,0,À Surveiller,"Relance légère, offre personnalisée, sondage satisfaction"
CLT04787,105,7,25209.842,2,Champions,"Programme VIP, récompenses exclusives, vente croisée"
CLT04788,43,3,8447.29,0,À Surveiller,"Relance légère, offre personnalisée, sondage satisfaction"
CLT04790,45,9,22799.587,2,Champions,"Programme VIP, récompenses exclusives, vente croisée"
CLT04791,187,6,100375.362,2,Champions,"Programme VIP, récompenses exclusives, vente croisée"
CLT04792,91,4,102164.4,0,À Surveiller,"Relance légère, offre personnalisée, sondage satisfaction"
CLT04793,211,5,18122.85,0,À Surveiller,"Relance légère, offre personnalisée, sondage satisfaction"
CLT04794,18,6,11872.833,2,Champions,"Programme VIP, récompenses exclusives, vente croisée"
CLT04795,205,4,6595.808,0,À Surveiller,"Relance légère, offre personnalisée, sondage satisfaction"
CLT04796,217,8,64346.288,2,Champions,"Programme VIP, récompenses exclusives, vente croisée"
CLT04797,413,4,22110.633,3,Perdus,"Campagne de réactivation, offre de retour spéciale"
CLT04798,30,2,6080.608,0,À Surveiller,"Relance légère, offre personnalisée, sondage satisfaction"
CLT04799,462,4,58350.3,3,Perdus,"Campagne de réactivation, offre de retour spéciale"
CLT04800,103,6,26545.45,2,Champions,"Programme VIP, récompenses exclusives, vente croisée"
CLT04801,307,5,46272.331,0,À Surveiller,"Relance légère, offre personnalisée, sondage satisfaction"
CLT04802,267,5,11110.16,0,À Surveiller,"Relance légère, offre personnalisée, sondage satisfaction"
CLT04803,21,8,100156.66,2,Champions,"Programme VIP, récompenses exclusives, vente croisée"
CLT04804,792,2,23435.322,3,Perdus,"Campagne de réactivation, offre de retour spéciale"
CLT04805,17,5,12227.658,0,À Surveiller,"Relance légère, offre personnalisée, sondage satisfaction"
CLT04806,560,6,33030.768,3,Perdus,"Campagne de réactivation, offre de retour spéciale"
CLT04807,129,3,22102.08,0,À Surveiller,"Relance légère, offre personnalisée, sondage satisfaction"
CLT04808,237,4,89558.28,0,À Surveiller,"Relance légère, offre personnalisée, sondage satisfaction"
CLT04809,374,6,28394.887,2,Champions,"Programme VIP, récompenses exclusives, vente croisée"
CLT04810,206,2,8686.202,0,À Surveiller,"Relance légère, offre personnalisée, sondage satisfaction"
CLT04811,123,3,40109.56,0,À Surveiller,"Relance légère, offre personnalisée, sondage satisfaction"
CLT04812,113,6,67664.348,2,Champions,"Programme VIP, récompenses exclusives, vente croisée"
CLT04813,142,3,58294.802,0,À Surveiller,"Relance légère, offre personnalisée, sondage satisfaction"
CLT04814,902,3,4558.923,3,Perdus,"Campagne de réactivation, offre de retour spéciale"
CLT04815,225,5,51113.724,0,À Surveiller,"Relance légère, offre personnalisée, sondage satisfaction"
CLT04816,207,7,65081.66,2,Champions,"Programme VIP, récompenses exclusives, vente croisée"
CLT04817,21,4,71133.0,0,À Surveiller,"Relance légère, offre personnalisée, sondage satisfaction"
CLT04818,65,6,144830.91999999998,1,Réguliers,"Offres de fidélisation, points bonus, upselling"
CLT04819,183,6,51362.64,2,Champions,"Programme VIP, récompenses exclusives, vente croisée"
CLT04820,26,7,202450.044,1,Réguliers,"Offres de fidélisation, points bonus, upselling"
CLT04821,771,5,25626.224,3,Perdus,"Campagne de réactivation, offre de retour spéciale"
CLT04822,13,9,18493.88,2,Champions,"Programme VIP, récompenses exclusives, vente croisée"
CLT04823,303,5,240499.418,1,Réguliers,"Offres de fidélisation, points bonus, upselling"
CLT04824,196,8,11593.639,2,Champions,"Programme VIP, récompenses exclusives, vente croisée"
CLT04825,556,4,11416.893,3,Perdus,"Campagne de réactivation, offre de retour spéciale"
CLT04826,465,3,25192.800000000003,3,Perdus,"Campagne de réactivation, offre de retour spéciale"
CLT04827,705,2,4233.384,3,Perdus,"Campagne de réactivation, offre de retour spéciale"
CLT04828,4,7,14990.724,2,Champions,"Programme VIP, récompenses exclusives, vente croisée"
CLT04829,86,7,58396.8,2,Champions,"Programme VIP, récompenses exclusives, vente croisée"
CLT04830,123,4,15299.490000000002,0,À Surveiller,"Relance légère, offre personnalisée, sondage satisfaction"
CLT04831,224,6,8042.567,2,Champions,"Programme VIP, récompenses exclusives, vente croisée"
CLT04832,157,8,54037.704,2,Champions,"Programme VIP, récompenses exclusives, vente croisée"
CLT04833,25,9,205520.571,1,Réguliers,"Offres de fidélisation, points bonus, upselling"
CLT04834,67,9,106148.417,2,Champions,"Programme VIP, récompenses exclusives, vente croisée"
CLT04835,34,1,1956.0,0,À Surveiller,"Relance légère, offre personnalisée, sondage satisfaction"
CLT04836,361,7,110574.72,2,Champions,"Programme VIP, récompenses exclusives, vente croisée"
CLT04837,143,3,4258.633,0,À Surveiller,"Relance légère, offre personnalisée, sondage satisfaction"
CLT04838,190,7,60242.595,2,Champions,"Programme VIP, récompenses exclusives, vente croisée"
CLT04839,519,3,32904.211,3,Perdus,"Campagne de réactivation, offre de retour spéciale"
CLT04840,321,3,47054.7,0,À Surveiller,"Relance légère, offre personnalisée, sondage satisfaction"
CLT04841,284,5,36509.249,0,À Surveiller,"Relance légère, offre personnalisée, sondage satisfaction"
CLT04842,57,12,165171.643,1,Réguliers,"Offres de fidélisation, points bonus, upselling"
CLT04843,185,10,210651.038,1,Réguliers,"Offres de fidélisation, points bonus, upselling"
CLT04844,6,4,78341.19,0,À Surveiller,"Relance légère, offre personnalisée, sondage satisfaction"
CLT04845,136,7,186120.922,1,Réguliers,"Offres de fidélisation, points bonus, upselling"
CLT04846,65,8,77026.975,2,Champions,"Programme VIP, récompenses exclusives, vente croisée"
CLT04848,4,6,193487.5,1,Réguliers,"Offres de fidélisation, points bonus, upselling"
CLT04849,119,6,135913.22,1,Réguliers,"Offres de fidélisation, points bonus, upselling"
CLT04850,220,4,8091.72,0,À Surveiller,"Relance légère, offre personnalisée, sondage satisfaction"
CLT04851,104,5,88957.05,0,À Surveiller,"Relance légère, offre personnalisée, sondage satisfaction"
CLT04852,180,7,102112.619,2,Champions,"Programme VIP, récompenses exclusives, vente croisée"
CLT04853,273,9,42322.153,2,Champions,"Programme VIP, récompenses exclusives, vente croisée"
CLT04854,258,6,66557.664,2,Champions,"Programme VIP, récompenses exclusives, vente croisée"
CLT04855,349,5,21426.524,0,À Surveiller,"Relance légère, offre personnalisée, sondage satisfaction"
CLT04856,178,8,34771.41,2,Champions,"Programme VIP, récompenses exclusives, vente croisée"
CLT04857,431,5,20857.98,3,Perdus,"Campagne de réactivation, offre de retour spéciale"
CLT04858,117,7,82472.658,2,Champions,"Programme VIP, récompenses exclusives, vente croisée"
CLT04859,441,2,12127.002,3,Perdus,"Campagne de réactivation, offre de retour spéciale"
CLT04860,81,6,28585.543,2,Champions,"Programme VIP, récompenses exclusives, vente croisée"
CLT04861,31,4,20651.94,0,À Surveiller,"Relance légère, offre personnalisée, sondage satisfaction"
CLT04862,75,5,17233.92,0,À Surveiller,"Relance légère, offre personnalisée, sondage satisfaction"
CLT04863,509,4,48704.016,3,Perdus,"Campagne de réactivation, offre de retour spéciale"
CLT04864,347,7,72367.679,2,Champions,"Programme VIP, récompenses exclusives, vente croisée"
CLT04865,117,6,24835.97,2,Champions,"Programme VIP, récompenses exclusives, vente croisée"
CLT04866,197,4,21827.05,0,À Surveiller,"Relance légère, offre personnalisée, sondage satisfaction"
CLT04867,133,3,15576.373,0,À Surveiller,"Relance légère, offre personnalisée, sondage satisfaction"
CLT04868,233,3,121858.8,0,À Surveiller,"Relance légère, offre personnalisée, sondage satisfaction"
CLT04869,6,5,7460.743,0,À Surveiller,"Relance légère, offre personnalisée, sondage satisfaction"
CLT04870,330,9,91709.41,2,Champions,"Programme VIP, récompenses exclusives, vente croisée"
CLT04871,447,2,21253.84,3,Perdus,"Campagne de réactivation, offre de retour spéciale"
CLT04872,67,9,375784.92,1,Réguliers,"Offres de fidélisation, points bonus, upselling"
CLT04873,588,3,26921.1,3,Perdus,"Campagne de réactivation, offre de retour spéciale"
CLT04874,62,10,314310.924,1,Réguliers,"Offres de fidélisation, points bonus, upselling"
CLT04875,126,7,83667.494,2,Champions,"Programme VIP, récompenses exclusives, vente croisée"
CLT04876,13,5,24525.36,0,À Surveiller,"Relance légère, offre personnalisée, sondage satisfaction"
CLT04877,38,5,49873.425,0,À Surveiller,"Relance légère, offre personnalisée, sondage satisfaction"
CLT04878,6,2,65413.024,0,À Surveiller,"Relance légère, offre personnalisée, sondage satisfaction"
CLT04879,690,3,36425.826,3,Perdus,"Campagne de réactivation, offre de retour spéciale"
CLT04880,948,5,55430.836,3,Perdus,"Campagne de réactivation, offre de retour spéciale"
CLT04881,525,3,6185.43,3,Perdus,"Campagne de réactivation, offre de retour spéciale"
CLT04882,375,8,374228.574,1,Réguliers,"Offres de fidélisation, points bonus, upselling"
CLT04883,46,4,85657.33600000001,0,À Surveiller,"Relance légère, offre personnalisée, sondage satisfaction"
CLT04884,111,5,17806.861,0,À Surveiller,"Relance légère, offre personnalisée, sondage satisfaction"
CLT04885,187,3,17844.371,0,À Surveiller,"Relance légère, offre personnalisée, sondage satisfaction"
CLT04886,189,9,22068.077,2,Champions,"Programme VIP, récompenses exclusives, vente croisée"
CLT04887,469,2,2704.272,3,Perdus,"Campagne de réactivation, offre de retour spéciale"
CLT04888,12,8,56350.185,2,Champions,"Programme VIP, récompenses exclusives, vente croisée"
CLT04889,68,4,18212.22,0,À Surveiller,"Relance légère, offre personnalisée, sondage satisfaction"
CLT04890,166,1,46202.448,0,À Surveiller,"Relance légère, offre personnalisée, sondage satisfaction"
CLT04891,71,2,7554.108999999999,0,À Surveiller,"Relance légère, offre personnalisée, sondage satisfaction"
CLT04892,247,13,26301.881,2,Champions,"Programme VIP, récompenses exclusives, vente croisée"
CLT04893,31,6,26647.228,2,Champions,"Programme VIP, récompenses exclusives, vente croisée"
CLT04894,502,6,37240.0,3,Perdus,"Campagne de réactivation, offre de retour spéciale"
CLT04895,49,6,26924.908000000003,2,Champions,"Programme VIP, récompenses exclusives, vente croisée"
CLT04896,97,7,36223.11,2,Champions,"Programme VIP, récompenses exclusives, vente croisée"
CLT04897,157,7,150949.74,1,Réguliers,"Offres de fidélisation, points bonus, upselling"
CLT04898,194,8,78223.04,2,Champions,"Programme VIP, récompenses exclusives, vente croisée"
CLT04899,387,7,127039.446,1,Réguliers,"Offres de fidélisation, points bonus, upselling"
CLT04900,118,6,27387.043,2,Champions,"Programme VIP, récompenses exclusives, vente croisée"
CLT04901,21,2,14936.74,0,À Surveiller,"Relance légère, offre personnalisée, sondage satisfaction"
CLT04902,591,4,15275.555,3,Perdus,"Campagne de réactivation, offre de retour spéciale"
CLT04903,495,4,15001.176,3,Perdus,"Campagne de réactivation, offre de retour spéciale"
CLT04904,156,10,140223.69,1,Réguliers,"Offres de fidélisation, points bonus, upselling"
CLT04905,388,6,81715.844,2,Champions,"Programme VIP, récompenses exclusives, vente croisée"
CLT04906,349,6,30549.082,2,Champions,"Programme VIP, récompenses exclusives, vente croisée"
CLT04907,98,8,36430.08,2,Champions,"Programme VIP, récompenses exclusives, vente croisée"
CLT04908,392,3,24438.512,3,Perdus,"Campagne de réactivation, offre de retour spéciale"
CLT04909,595,3,13364.1,3,Perdus,"Campagne de réactivation, offre de retour spéciale"
CLT04910,206,4,17073.78,0,À Surveiller,"Relance légère, offre personnalisée, sondage satisfaction"
CLT04911,249,5,15312.24,0,À Surveiller,"Relance légère, offre personnalisée, sondage satisfaction"
CLT04912,105,3,12690.9,0,À Surveiller,"Relance légère, offre personnalisée, sondage satisfaction"
CLT04913,166,3,18272.28,0,À Surveiller,"Relance légère, offre personnalisée, sondage satisfaction"
CLT04914,260,5,19823.824,0,À Surveiller,"Relance légère, offre personnalisée, sondage satisfaction"
CLT04915,85,9,32663.88,2,Champions,"Programme VIP, récompenses exclusives, vente croisée"
CLT04916,625,2,5365.4400000000005,3,Perdus,"Campagne de réactivation, offre de retour spéciale"
CLT04917,375,6,29531.552,2,Champions,"Programme VIP, récompenses exclusives, vente croisée"
CLT04918,174,6,10760.957,2,Champions,"Programme VIP, récompenses exclusives, vente croisée"
CLT04919,53,9,91375.322,2,Champions,"Programme VIP, récompenses exclusives, vente croisée"
CLT04920,307,7,31528.588,2,Champions,"Programme VIP, récompenses exclusives, vente croisée"
CLT04921,227,4,9764.4,0,À Surveiller,"Relance légère, offre personnalisée, sondage satisfaction"
CLT04922,440,9,165461.513,1,Réguliers,"Offres de fidélisation, points bonus, upselling"
CLT04923,12,8,122795.906,2,Champions,"Programme VIP, récompenses exclusives, vente croisée"
CLT04924,93,4,4752.031,0,À Surveiller,"Relance légère, offre personnalisée, sondage satisfaction"
CLT04925,226,5,16644.81,0,À Surveiller,"Relance légère, offre personnalisée, sondage satisfaction"
CLT04926,49,7,46226.98,2,Champions,"Programme VIP, récompenses exclusives, vente croisée"
CLT04927,21,7,49146.377,2,Champions,"Programme VIP, récompenses exclusives, vente croisée"
CLT04928,893,3,13976.208,3,Perdus,"Campagne de réactivation, offre de retour spéciale"
CLT04929,21,4,31309.04,0,À Surveiller,"Relance légère, offre personnalisée, sondage satisfaction"
CLT04930,336,3,36942.261,0,À Surveiller,"Relance légère, offre personnalisée, sondage satisfaction"
CLT04931,304,6,7540.0,2,Champions,"Programme VIP, récompenses exclusives, vente croisée"
CLT04932,25,7,11060.7,2,Champions,"Programme VIP, récompenses exclusives, vente croisée"
CLT04933,229,4,47091.880000000005,0,À Surveiller,"Relance légère, offre personnalisée, sondage satisfaction"
CLT04934,70,8,14958.595,2,Champions,"Programme VIP, récompenses exclusives, vente croisée"
CLT04935,176,6,89735.31,2,Champions,"Programme VIP, récompenses exclusives, vente croisée"
CLT04936,212,10,117760.591,2,Champions,"Programme VIP, récompenses exclusives, vente croisée"
CLT04937,32,9,103947.307,2,Champions,"Programme VIP, récompenses exclusives, vente croisée"
CLT04938,19,8,378581.596,1,Réguliers,"Offres de fidélisation, points bonus, upselling"
CLT04939,75,5,53964.768,0,À Surveiller,"Relance légère, offre personnalisée, sondage satisfaction"
CLT04940,302,7,66383.56,2,Champions,"Programme VIP, récompenses exclusives, vente croisée"
CLT04941,93,5,40964.065,0,À Surveiller,"Relance légère, offre personnalisée, sondage satisfaction"
CLT04942,191,8,171489.06,1,Réguliers,"Offres de fidélisation, points bonus, upselling"
CLT04943,93,4,45970.576,0,À Surveiller,"Relance légère, offre personnalisée, sondage satisfaction"
CLT04944,180,5,8064.809999999999,0,À Surveiller,"Relance légère, offre personnalisée, sondage satisfaction"
CLT04945,491,1,8414.28,3,Perdus,"Campagne de réactivation, offre de retour spéciale"
CLT04946,49,3,19642.51,0,À Surveiller,"Relance légère, offre personnalisée, sondage satisfaction"
CLT04947,108,5,111639.02,2,Champions,"Programme VIP, récompenses exclusives, vente croisée"
CLT04948,420,3,10432.92,3,Perdus,"Campagne de réactivation, offre de retour spéciale"
CLT04949,466,2,9448.0,3,Perdus,"Campagne de réactivation, offre de retour spéciale"
CLT04950,61,5,15201.685,0,À Surveiller,"Relance légère, offre personnalisée, sondage satisfaction"
CLT04951,181,4,18423.617,0,À Surveiller,"Relance légère, offre personnalisée, sondage satisfaction"
CLT04952,44,4,34031.911,0,À Surveiller,"Relance légère, offre personnalisée, sondage satisfaction"
CLT04953,589,3,47842.08,3,Perdus,"Campagne de réactivation, offre de retour spéciale"
CLT04954,152,6,62112.528,2,Champions,"Programme VIP, récompenses exclusives, vente croisée"
CLT04955,748,4,16229.457,3,Perdus,"Campagne de réactivation, offre de retour spéciale"
CLT04956,1017,3,33303.33,3,Perdus,"Campagne de réactivation, offre de retour spéciale"
CLT04957,262,4,27934.704,0,À Surveiller,"Relance légère, offre personnalisée, sondage satisfaction"
CLT04958,67,5,179162.86800000002,1,Réguliers,"Offres de fidélisation, points bonus, upselling"
CLT04959,51,7,51573.2,2,Champions,"Programme VIP, récompenses exclusives, vente croisée"
CLT04960,5,6,99246.275,2,Champions,"Programme VIP, récompenses exclusives, vente croisée"
CLT04961,37,9,37220.02,2,Champions,"Programme VIP, récompenses exclusives, vente croisée"
CLT04962,106,7,161586.12099999998,1,Réguliers,"Offres de fidélisation, points bonus, upselling"
CLT04963,25,3,7124.873,0,À Surveiller,"Relance légère, offre personnalisée, sondage satisfaction"
CLT04964,669,3,20516.156,3,Perdus,"Campagne de réactivation, offre de retour spéciale"
CLT04965,71,9,41855.907,2,Champions,"Programme VIP, récompenses exclusives, vente croisée"
CLT04966,208,6,76827.24,2,Champions,"Programme VIP, récompenses exclusives, vente croisée"
CLT04967,195,4,8136.036,0,À Surveiller,"Relance légère, offre personnalisée, sondage satisfaction"
CLT04968,85,4,12567.966,0,À Surveiller,"Relance légère, offre personnalisée, sondage satisfaction"
CLT04969,491,3,11956.624,3,Perdus,"Campagne de réactivation, offre de retour spéciale"
CLT04970,271,8,83482.168,2,Champions,"Programme VIP, récompenses exclusives, vente croisée"
CLT04971,67,4,82799.51999999999,0,À Surveiller,"Relance légère, offre personnalisée, sondage satisfaction"
CLT04972,437,5,28417.95,3,Perdus,"Campagne de réactivation, offre de retour spéciale"
CLT04973,373,7,72088.04000000001,2,Champions,"Programme VIP, récompenses exclusives, vente croisée"
CLT04974,17,7,312905.634,1,Réguliers,"Offres de fidélisation, points bonus, upselling"
CLT04975,281,2,2510.924,0,À Surveiller,"Relance légère, offre personnalisée, sondage satisfaction"
CLT04976,347,3,96071.36,0,À Surveiller,"Relance légère, offre personnalisée, sondage satisfaction"
CLT04977,321,7,168232.8,1,Réguliers,"Offres de fidélisation, points bonus, upselling"
CLT04978,12,7,69397.248,2,Champions,"Programme VIP, récompenses exclusives, vente croisée"
CLT04979,145,9,15414.496,2,Champions,"Programme VIP, récompenses exclusives, vente croisée"
CLT04980,3,7,73801.376,2,Champions,"Programme VIP, récompenses exclusives, vente croisée"
CLT04981,10,8,152323.738,1,Réguliers,"Offres de fidélisation, points bonus, upselling"
CLT04982,91,8,114243.343,2,Champions,"Programme VIP, récompenses exclusives, vente croisée"
CLT04984,185,6,59859.156,2,Champions,"Programme VIP, récompenses exclusives, vente croisée"
CLT04985,555,2,7891.200000000001,3,Perdus,"Campagne de réactivation, offre de retour spéciale"
CLT04986,135,3,23636.568,0,À Surveiller,"Relance légère, offre personnalisée, sondage satisfaction"
CLT04987,3,5,28435.5,0,À Surveiller,"Relance légère, offre personnalisée, sondage satisfaction"
CLT04988,177,5,18904.19,0,À Surveiller,"Relance légère, offre personnalisée, sondage satisfaction"
CLT04989,515,7,21403.114,3,Perdus,"Campagne de réactivation, offre de retour spéciale"
CLT04990,126,7,38242.821,2,Champions,"Programme VIP, récompenses exclusives, vente croisée"
CLT04991,637,2,1675.768,3,Perdus,"Campagne de réactivation, offre de retour spéciale"
CLT04992,200,9,31694.153,2,Champions,"Programme VIP, récompenses exclusives, vente croisée"
CLT04993,293,4,136992.54,1,Réguliers,"Offres de fidélisation, points bonus, upselling"
CLT04994,75,5,42090.733,0,À Surveiller,"Relance légère, offre personnalisée, sondage satisfaction"
CLT04995,186,6,22386.375,2,Champions,"Programme VIP, récompenses exclusives, vente croisée"
CLT04996,503,3,29896.68,3,Perdus,"Campagne de réactivation, offre de retour spéciale"
CLT04997,190,5,104126.738,2,Champions,"Programme VIP, récompenses exclusives, vente croisée"
CLT04998,108,6,281350.26,1,Réguliers,"Offres de fidélisation, points bonus, upselling"
CLT04999,361,2,10512.741,0,À Surveiller,"Relance légère, offre personnalisée, sondage satisfaction"
CLT05000,194,6,109634.666,2,Champions,"Programme VIP, récompenses exclusives, vente croisée"
